,name,store_id,name_store,store_type,address,lat,lng,subdistrict,district,province
0,ท็อปส์ สาขาเซ็นทรัล นครราชสีมา,387,Tops market,Supermarket,"เลขที่ 990,998 ถนนมิตรภาพ-หนองคาย ตำบลในเมือง อำเภอเมืองนครราชสีมา จังหวัดนครราชสีมา 30000 ",14.997023,102.115794,ในเมือง,เมืองนครราชสีมา,นครราชสีมา
1,ท็อปส์ สาขาเซ็นทรัลพลาซา ปิ่นเกล้า,711,Tops market,Supermarket,ชั้น G 7/1 ถนนบรมราชชนนี แขวงอรุณอัมริทร์ เขตบางกอกน้อย จังหวัดกรุงเทพมหานคร 10700 ,13.778,100.4761,อรุณอัมริทร์,บางกอกน้อย,กรุงเทพมหานคร
2,ท็อปส์ สาขาเซ็นทรัลพลาซา พระราม 3,32,Tops market,Supermarket,79/3 สาธุประดิษฐ์ แขวงช่องนนทรี เขตยานนาวา จังหวัดกรุงเทพมหานคร 10120 ,13.698111,100.538077,ช่องนนทรี,ยานนาวา,กรุงเทพมหานคร
3,ท็อปส์ สาขาเซ็นทรัลพลาซา แกรนด์ พระราม 9,110,Tops market,Supermarket,9/8-9 ถนนพระราม 9 แขวงห้วยขวาง เขตห้วยขวาง จังหวัดกรุงเทพมหานคร 10310 ,13.759271,100.56629,ห้วยขวาง,ห้วยขวาง,กรุงเทพมหานคร
4,ท็อปส์ สาขาโรบินสัน ฟิวเจอร์ ปาร์ค รังสิต,8,Tops market,Supermarket,94 ถนนพหลโยธิน ตำบลประชาธิปัตย์ อำเภอธัญบุรี จังหวัดปทุมธานี 12130 ,13.990024,100.616801,ประชาธิปัตย์,ธัญบุรี,ปทุมธานี
5,ท็อปส์ สาขาโรบินสัน สุขุมวิท 19,5,Tops market,Supermarket,ชั้น G 259 ถนนสุขุมวิท แขวงคลองเตยเหนือ เขตวัฒนา จังหวัดกรุงเทพมหานคร 10110 ,13.738072,100.559363,คลองเตยเหนือ,วัฒนา,กรุงเทพมหานคร
6,ท็อปส์ สาขาโรบินสัน บางรัก,4,Tops market,Supermarket,1522 ถนนเจริญกรุง แขวงบางรัก เขตบางรัก จังหวัดกรุงเทพมหานคร 10500 ,13.719571,100.51494,บางรัก,บางรัก,กรุงเทพมหานคร
7,ท็อปส์ สาขาซีคอน บางแค,114,Tops market,Supermarket,ชั้น G ซีคอนบางแค (โซนโรบินสัน) 615 ถนนเพชรเกษม แขวงบางหว้า เขตภาษีเจริญ จังหวัดกรุงเทพมหานคร 10160 ,13.71198,100.43412,บางหว้า,ภาษีเจริญ,กรุงเทพมหานคร
8,ท็อปส์ สาขาออลซีซันส์,52,Tops market,Supermarket,ชั้น 2 เลขที่ 87/194-198 ถนนวิทยุ แขวงลุมพินี เขตปทุมวัน จังหวัดกรุงเทพมหานคร 10330 ,13.73926,100.54739,ลุมพินี,ปทุมวัน,กรุงเทพมหานคร
9,ท็อปส์ สาขาเอสพลานาด,516,Tops market,Supermarket,เลขที่ 99 ถนนรัชดาภิเษก แขวงดินแดง เขตดิแดง จังหวัดกรุงเทพมหานคร 10400 ,13.76639,100.5695,ดินแดง,ดินแดง,กรุงเทพมหานคร
10,ท็อปส์ สาขามาบุญครอง,38,Tops market,Supermarket,เลขที่ 444 ถนนพญาไท แขวงวังใหม่ เขตปทุมวัน จังหวัดกรุงเทพมหานคร 10330 ,13.74491,100.52993,วังใหม่,ปทุมวัน,กรุงเทพมหานคร
11,ท็อปส์ สาขานางลิ้นจี่,55,Tops market,Supermarket,22 ถนนนางลิ้นจี่ แขวงช่องนนทรี เขตยานาวา จังหวัดกรุงเทพมหานคร 10120 ,13.710132,100.54301,ช่องนนทรี,ยานนาวา,กรุงเทพมหานคร
12,ท็อปส์ สาขาสุขาภิบาล 3,47,Tops market,Supermarket,เลขที่ 59 ถนนรามคำแหง แขวงสะพานสูง เขตสะพานสูง จังหวัดกรุงเทพมหานคร 10240 ,13.774847,100.669469,สะพานสูง,สะพานสูง,กรุงเทพมหานคร
13,ท็อปส์ สาขาสีลม,11,Tops market,Supermarket,เลขที่ 306 ถนนสีลม แขวงสุริยวงศ์ เขตบางรัก จังหวัดกรุงเทพมหานคร 10500 ,13.723814,100.520439,สุริยวงศ์,บางรัก,กรุงเทพมหานคร
14,ท็อปส์ มาร์เก็ตเพลส สาขาอุดมสุข,528,Tops market,Supermarket,"เลขที่ 59 ชั้น 1 ห้องเลขที่ 100,101/1-4 ถนนเฉลิมพระเกียรติ ร.9 แขวงหนองบอน เขตประเวศ จังหวัดกรุงเทพมหานคร 10250 ",13.678659,100.650773,หนองบอน,ประเวศ,กรุงเทพมหานคร
15,ท็อปส์ สาขาอมอรินี,106,Tops market,Supermarket,ชั้น G อาคารอมอรินี่ เลขที่ 1 ถนนสวนสยาม แขวงคันนายาว เขตคันนายาว จังหวัดกรุงเทพมหานคร 10230 ,13.814258,100.687687,คันนายาว,คันนายาว,กรุงเทพมหานคร
16,ท็อปส์ สาขาเซ็นทรัลพลาซา สีลม คอมเพล็กซ์,83,Tops market,Supermarket,อาคารสีลม คอมเพล็กซ์ เลขที่ 191 ถนนสีลม แขวงสีลม เขตบางรัก จังหวัดกรุงเทพมหานคร 10500 ,13.728455,100.534945,สีลม,บางรัก,กรุงเทพมหานคร
17,ท็อปส์ สาขาเกษตรฯ,31,Tops market,Supermarket,เลขที่ 67 ถนนงามวงศ์วาน แขวงลาดยาว เขตเขคจตุจักร จังหวัดกรุงเทพมหานคร 10900 ,13.844268,100.567024,ลาดยาว,จตุจักร,กรุงเทพมหานคร
18,ท็อปส์ สาขาเซ็นทรัลพลาซา แจ้งวัฒนะ,539,Tops market,Supermarket,ห้อง GL P/02 ชั้น B เลขที่ 99/99 หมู่ 2 ตำบลบางตลาด อำเภอปากเกร็ด จังหวัดนนทบุรี 11120 ,13.903256,100.528309,บางตลาด,ปากเกร็ด,นนทบุรี
19,ท็อปส์ สาขาราชพฤกษ์,546,Tops market,Supermarket,ชั้น 1 เลขที่ 111 หมู่ 5 ตำบลมหาสวัสดิ์ อำเภอบางกรวย จังหวัดนนทบุรี 11130 ,13.804317,100.449321,มหาสวัสดิ์,บางกรวย,นนทบุรี
20,ท็อปส์ สาขาเซ็นทรัลพลาซา รัตนาธิเบศร์,56,Tops market,Supermarket,เลขที่ 68/100 หมู่ 8 ถนนรัตนาธิเบศน์ ตำบลบางกระสอ อำเภอเมืองนนทบุรี จังหวัดนนทบุรี 11000 ,13.866039,100.497866,บางกระสอ,เมืองนนทบุรี,นนทบุรี
21,ท็อปส์ สาขาเซ็นทรัลพลาซา ชลบุรี,545,Tops market,Supermarket,ชั้น G เลขที่ 55/88-89 หมู่ 1 ตำบลเสม็ด อำเภอเมืองชลบุรี จังหวัดชลบุรี 20000 ,13.335298,100.969977,เสม็ด,เมืองชลบุรี,ชลบุรี
22,ท็อปส์ สาขาโรบินสัน ศรีราชา,29,Tops market,Supermarket,เลขที่ 90/1 ถนนสุขุมวิท ตำบลศรีราชา อำเภอศรีราชา จังหวัดชลบุรี 20110 ,13.167874,100.930538,ศรีราชา,ศรีราชา,ชลบุรี
23,ท็อปส์ สาขาพัทยาใต้ตึกคอม,94,Tops market,Supermarket,เลขที่ 8 หมู่ 10 ตำบลหนองปรือ อำเภอบางละมุง จังหวัดชลบุรี 20260 ,12.9240747,100.8786948,หนองปรือ,บางละมุง,ชลบุรี
24,ท็อปส์ สาขาเซ็นทรัลพลาซา เชียงใหม่ แอร์พอร์ต,503,Tops market,Supermarket,เลขที่ 2 ถนนมหิดล ตำบลหายยา อำเภอเมืองเชียงใหม่ จังหวัดเชียงใหม่ 50100 ,18.76855,98.975465,หายยา,เมืองเชียงใหม่,เชียงใหม่
25,ท็อปส์ สาขาโชตนา,520,Tops market,Supermarket,เลขที่ 171/1 ถนนช้างเผือก ตำบลศรีภูมิ อำเภอเมืองเชียงใหม่ จังหวัดเชียงใหม่ 50200 ,18.801914,98.984127,ศรีภูมิ,เมืองเชียงใหม่,เชียงใหม่
26,ท็อปส์ สาขาเซ็นทรัลพลาซ่าเชียงราย,107,Tops market,Supermarket,ชั้น G เลขที่ 99/9 หมู่ 13 ตำบลรอบเวียง อำเภอเมืองเชียงราย จังหวัดเชียงราย 57000 ,19.88693,99.834781,รอบเวียง,เมืองเชียงราย,เชียงราย
27,ท็อปส์ สาขาเซ็นทรัลพลาซา ขอนแก่น,552,Tops market,Supermarket,เลขที่ 99 ถนนศรีจันทร์ ตำบลในเมือง อำเภอเมืองขอนแก่น จังหวัดขอนแก่น 40000 ,16.432496,102.824623,ในเมือง,เมืองขอนแก่น,ขอนแก่น
28,ท็อปส์ สาขาโรบินสัน สุพรรณบุรี,111,Tops market,Supermarket,เลขที่ 449 หมู่ 5 ตำบลท่าระหัด อำเภอเมืองสุพรรณบุรี จังหวัดสุพรรณบุรี 72000 ,14.458143,100.12951,ท่าระหัด,เมืองสุพรรณบุรี,สุพรรณบุรี
29,ท็อปส์ สาขาเมกา-บางนา,112,Tops market,Supermarket,เลขที่ 39 หมู่ 6 ตำบลบางแก้ว อำเภอบางพลี จังหวัดสมุทรปราการ 10540 ,13.647064,100.679859,บางแก้ว,บางพลี,สมุทรปราการ
30,ท็อปส์ สาขาโรบินสัน หาดใหญ่่,531,Tops market,Supermarket,เลขที่ 9 ถนนธรรมนูญวิถี ตำบลหาดใหญ่ อำเภอหาดใหญ่ จังหวัดสงขลา 90110 ,7.003263,100.468881,หาดใหญ่,หาดใหญ่,สงขลา
31,ท็อปส์ สาขาเซ็นทรัลพลาซา สุราษฎร์ธานี,115,Tops market,Supermarket,ชั้น 1 อาคารเซ็นทรัลพลาซ่า สุราษฎร์ธานี เลขที่ 88 หมู่ 10 ตำบลวัดประดู่ อำเภอเมืองสุราษฎร์ธานี จังหวัดสุราษฎร์ธานี 84000 ,9.1058,99.3025,วัดประดู่,เมืองสุราษฎร์ธานี,สุราษฎร์ธานี
32,ท็อปส์ สาขาโรบินสัน ภูเก็ต,509,Tops market,Supermarket,ชั้น 1 เลขที่ 36 ถนนดิลกอุทิศ ตำบลตลาดใหญ่ อำเภอเมือภูเก็ต จังหวัดภูเก็ต 83000 ,7.877666,98.39467,ตลาดใหญ่,เมืองภูเก็ต,ภูเก็ต
33,ท็อปส์ สาขาเซ็นทรัลพลาซา อุดรธานี,505,Tops market,Supermarket,เลขที่ 277/2 ถนนประจักษ์ ตำบลหมากแข้ง อำเภอเมืองอุดรธานี จังหวัดอุดรธานี 41000 ,17.405787,102.800583,หมากแข้ง,เมืองอุดรธานี,อุดรธานี
34,ท็อปส์ ตรัง,567,Tops market,Supermarket,เลขที่ี่ 138 ถนนพัทลุง ตำบลทับเที่ยง อำเภอเมืองตรัง จังหวัดตรัง 92000 ,7.563855,99.626377,ทับเที่ยง,เมืองตรัง,ตรัง
35,ท็อปส์ สาขาเซ็นทรัลพลาซา พิษณุโลก,109,Tops market,Supermarket,ชั้น 1 อาคารเซ็นทรัลพลาซ่า พิษณุโลก เลขที่ 9/99 หมู่ 5 ตำบลพลายชุมพล อำเภอเมืองพิษณุโลก จังหวัดพิษณุโลก 65000 ,16.839672,100.234305,พลายชุมพล,เมืองพิษณุโลก,พิษณุโลก
36,ท็อปส์ สาขาโรบินสัน ราชบุรี,532,Tops market,Supermarket,เลขที่ 265 ถนนศรีสุริยวงศ์ ตำบลหน้าเมือง อำเภอเมืองราชบุรี จังหวัดราชบุรี 70000 ,13.53429,99.811703,หน้าเมือง,เมืองราชบุรี,ราชบุรี
37,ท็อปส์ สาขาเซ็นทรัลพลาซา ลำปาง,117,Tops market,Supermarket,ชั้น 1 อาคารเซ็็นทรัลพลาซ่า ลำปาง เลขที่ 319 ถนนไฮเวย์ ลำปาง-งาว ตำบลสวนดอก อำเภอเมืองลำปาง จังหวัดลำปาง 52000 ,18.282178,99.494702,สวนดอก,เมืองลำปาง,ลำปาง
38,ท็อปส์ สาขาโรบินสัน กาญจนบุรี,119,Tops market,Supermarket,110 หมู่ 9 ตําบลปากแพรก อำเภออําเภอเมือง จังหวัดกาญจนบุรี 71000 ,14.022546,99.553068,ปากแพรก,เมืองกาญจนบุรี,กาญจนบุรี
39,ท็อปส์ สาขาเซ็นทรัลพลาซา อุบลราชธานี,123,Tops market,Supermarket,เลขที่ 311 หมู่ 7 ตำบลแจระแม อำเภอเมืองอุบลราชธานี จังหวัดอุบลราชธานี 34000 ,15.238799,104.823066,แจระแม,เมืองอุบลราชธานี,อุบลราชธานี
40,ท็อปส์ สาขาโรบินสัน สกลนคร,124,Tops market,Supermarket,เลขที่ 88/8 ถนนนิตโย ตำบลธาตุเชิงชุม อำเภอเมืองสกลนคร จังหวัดสกลนคร 47000 ,17.178645,104.11927,ธาตุเชิงชุม,เมืองสกลนคร,สกลนคร
41,ท็อปส์ สาขาโซโห,125,Tops market,Supermarket,แขวงคลองมหานาค เขตป้อมปราบศัตรูพ่าย กรุงเทพมหานคร 10100 ,13.750482,100.514527,คลองมหานาค,ป้อมปราบศัตรูพ่าย,กรุงเทพมหานคร
42,ท็อปส์ สาขาโรบินสัน นครศรีธรรมราช,167,Tops market,Supermarket,เลขที่ 89/201 ถนนพัฒนาการคูขวาง ตำบลแกลง อำเภอเมืองนครศรีธรรมราช จังหวัดนครศรีธรรมราช 80000 ,8.437304,99.968983,แกลง,เมืองนครศรีธรรมราช,นครศรีธรรมราช
43,ท็อปส์ สาขาโรบินสัน สระบุรี,129,Tops market,Supermarket,เลขที่ี่ 99 หมู่ 7 ตำบลตลิ่งชัน อำเภอเมืองสระบุรี จังหวัดสระบุรี 18000 ,14.540038,100.950367,ตลิ่งชัน,เมืองสระบุรี,สระบุรี
44,ท็อปส์ สาขาเซ็นทรัลเฟสติวัล หาดใหญ่,127,Tops market,Supermarket,เลขที่ 1518/1-2 ถนนกาญจนวนิช ตำบลหาดใหญ่ อำเภอหาดใหญ่ จังหวัดสงขลา 90110 ,6.991413,100.483827,หาดใหญ่,หาดใหญ่,สงขลา
45,ท็อปส์ สาขาโรบินสัน สุรินทร์,130,Tops market,Supermarket,เลขที่ 338 หมู่ 16 ตำบลสลักได อำเภอเมืองสุรินทร์ จังหวัดสุรินทร์ 32000 ,14.876352,103.531251,สลักได,เมืองสุรินทร์,สุรินทร์
46,ท็อปส์ สาขาบางแสน,86,Tops market,Supermarket,เลขที่ 278/2 ถนนเลียบหาดบางแสน ตำบลแสนสุข อำเภอเมืองชลบุรี จังหวัดชลบุรี 20130 ,13.28689,100.926403,แสนสุข,เมืองชลบุรี,ชลบุรี
47,ท็อปส์ สาขาโรบินสัน ศรีนครินทร์,9,Tops market,Supermarket,เลขที่ 55/1 ถนนศรีนครินทร์ แขวงหนองบอน เขตประเวศ จังหวัดกรุงเทพมหานคร 10250 ,13.69568,100.648657,หนองบอน,ประเวศ,กรุงเทพมหานคร
48,ท็อปส์ สาขาธัญญา พาร์ค,135,Tops market,Supermarket,เลขที่ 735/3 ถนนศรีนครินทร์ แขวงสวนหลวง เขตสวนหลวง จังหวัดกรุงเทพมหานคร 10250 ,13.725741,100.642838,สวนหลวง,สวนหลวง,กรุงเทพมหานคร
49,ท็อปส์ สาขาบีไฮฟ์,137,Tops market,Supermarket,เลขที่ 50/1212 หมู่ 9 ตำบลบางพูด อำเภอปากเกร็ด จังหวัดนนทบุรี 11120 ,13.911071,100.539531,บางพูด,ปากเกร็ด,นนทบุรี
50,ท็อปส์ สาขาศรีราชาแหลมทอง,84,Tops market,Supermarket,เลขที่ 135/99 ถนนสุขุมวิท ตำบลศรีราชา อำเภอศรีราชา จังหวัดชลบุรี 20110 ,13.162252,100.928308,ศรีราชา,ศรีราชา,ชลบุรี
51,ท็อปส์ สาขาโรบินสัน ฉะเชิงเทรา,142,Tops market,Supermarket,เลขที่ 910 ถนนฉะเชิงเทรา-บางปะกง ตำบลนาเมือง อำเภอเมืองฉะเชิงเทรา จังหวัดฉะเชิงเทรา 24000 ,13.668127,101.047688,นาเมือง,เมืองฉะเชิงเทรา,ฉะเชิงเทรา
52,ท็อปส์ สาขาเพลินนารี่,140,Tops market,Supermarket,เลขที่ 244 ถนนวัชรพล แขวงท่าแร้ง เขตบางเขน จังหวัดกรุงเทพมหานคร 10220 ,13.857408,100.645517,ท่าแร้ง,บางเขน,กรุงเทพมหานคร
53,ท็อปส์ สาขาโรบินสัน ร้อยเอ็ด,144,Tops market,Supermarket,เลขที่ 137 หมู่ 3 ตำบลดงลาน อำเภอเมืองร้อยเอ็ด จังหวัดร้อยเอ็ด 45000 ,16.06017,103.616713,ดงลาน,เมืองร้อยเอ็ด,ร้อยเอ็ด
54,ท็อปส์ สาขาเซ็นจูรี่ พลาซ่า,95,Tops market,Supermarket,เลขที่ 15 ถนนพญาไท แขวงถนนพญาไท เขตราชเทวี จังหวัดกรุงเทพมหานคร 10400 ,13.76132,100.537052,ถนนพญาไท,ราชเทวี,กรุงเทพมหานคร
55,ท็อปส์ สาขาโรบินสัน สมุทรปราการ,145,Tops market,Supermarket,เลขที่ 789 หมู่ 2 ตำบลท้ายบ้านใหม่ อำเภอเมืองสมุทรปราการ จังหวัดสมุทรปราการ 10280 ,13.584317,100.609262,ท้ายบ้านใหม่,เมืองสมุทรปราการ,สมุทรปราการ
56,ท็อปส์ สาขาเดอะ แจ๊ส วังหิน,147,Tops market,Supermarket,เลขที่ 728 ถนนลาดพร้าว-วังหิน แขวงลาดพร้าว เขตลาดพร้าว จังหวัดกรุงเทพมหานคร 10230 ,13.823701,100.592426,ลาดพร้าว,ลาดพร้าว,กรุงเทพมหานคร
57,ท็อปส์ สาขาโรบินสัน จันทบุรี,533,Tops market,Supermarket,เลขที่ 22/107 หมู่ 7 ตำบลจันทนิมิต อำเภอเมืองจันทรบุรี จังหวัดจันทรบุรี 22000 ,12.60001,102.115606,จันทนิมิต,เมืองจันทบุรี,จันทบุรี
58,ท็อปส์ สาขาโรบินสัน ปราจีนบุรี,146,Tops market,Supermarket,เลขที่ 72 หมู่ 3 ตำบลบางบริบูรณ์ อำเภอเมืองปราจีนบุรี จังหวัดปราจีนบุรี 25000 ,14.059745,101.396302,บางบริบูรณ์,เมืองปราจีนบุรี,ปราจีนบุรี
59,ท็อปส์ สาขาพรานนก,79,Tops market,Supermarket,เลขที่ 2 ถนนอิสรภาพ แขวงบ้านช่างหล่อ เขตบางกอกน้อย จังหวัดกรุงเทพมหานคร 10700 ,13.751771,100.47878,บ้านช่างหล่อ,บางกอกน้อย,กรุงเทพมหานคร
60,ท็อปส์ สาขาเซ็นทรัลพลาซา ระยอง,148,Tops market,Supermarket,"เลขที่ 99,99/1 ถนนบางนา-ตราด ตำบลเชิงเนิน อำเภอเมืองระยอง จังหวัดระยอง 21000 ",12.695704,101.267491,เชิงเนิน,เมืองระยอง,ระยอง
61,ท็อปส์ สาขาตลิ่งชัน,63,Tops market,Supermarket,เลขที่ 28/8 หมู่ 6 แขวงตลิ่งชัน เขตตลิ่งชัน จังหวัดกรุงเทพมหานคร 10170 ,13.786411,100.462518,ตลิ่งชัน,ตลิ่งชัน,กรุงเทพมหานคร
62,ท็อปส์ สาขาเซียร์ รังสิต,88,Tops market,Supermarket,เลขที่ 99 หมู่ 8 ถนนพหลโยธิน ตำบลคูคต อำเภอลำลูกกา จังหวัดปทุมธานี 12130 ,13.960878,100.621537,คูคต,ลำลูกกา,ปทุมธานี
63,ท็อปส์ สาขาโรบินสัน บุรีรัมย์,160,Tops market,Supermarket,เลขที่ 125 หมู่ 6 ตำบลกระสัง อำเภอเมืองบุรีรัมย์ จังหวัดบุรีรัมย์ 31000 ,14.972076,103.064288,กระสัง,เมืองบุรีรัมย์,บุรีรัมย์
64,ท็อปส์ สาขาพุทธมณฑล,64,Tops market,Supermarket,เลขที่ 42/30 หมู่ 18 ถนนบรมราชชนนี แขวงศาลาธรรมสพน์ เขตทวีวัฒนา จังหวัดกรุงเทพมหานคร 10170 ,13.783323,100.395407,ศาลาธรรมสพน์,ทวีวัฒนา,กรุงเทพมหานคร
65,ท็อปส์ สาขาซูพรีม คอมเพล็กซ์,562,Tops market,Supermarket,เลขที่ 1024 ถนนสามเสน แขวงดุสิต เขตดุสิต จังหวัดกรุงเทพมหานคร 10300 ,13.789732,100.515343,ดุสิต,ดุสิต,กรุงเทพมหานคร
66,ท็อปส์ สาขาเอ็มไพร์,159,Tops market,Supermarket,เลขที่ 1 ถนนสาทรใต้ แขวงยานนาวา เขตสาทร จังหวัดกรุงเทพมหานคร 10120 ,13.721304,100.530014,ยานนาวา,สาทร,กรุงเทพมหานคร
67,ท็อปส์ สาขาโรบินสัน แม่สอด,164,Tops market,Supermarket,เลขที่ 99/115 ถนนสายเอเชีย ตำบลแม่สอด อำเภอแม่สอด จังหวัดตาก 63110 ,16.723448,98.584995,แม่สอด,แม่สอด,ตาก
68,ท็อปส์ สาขาประชานิเวศน์,46,Tops market,Supermarket,เลขที่ 3/1 ถนนเทศบาลนิมิตรเหนือ แขวงลาดยาว เขตจตุจักร จังหวัดกรุงเทพมหานคร 10900 ,13.840766,100.548763,ลาดยาว,จตุจักร,กรุงเทพมหานคร
69,ท็อปส์ สาขา อาร์.ซี.เอ.,20,Tops market,Supermarket,เลขที่ 31/5 ซอยศูนย์วิจัย แขวงบางกะปิ เขตห้วยขวาง จังหวัดกรุงเทพมหานคร 10310 ,13.747111,100.579716,บางกะปิ,ห้วยขวาง,กรุงเทพมหานคร
70,ท็อปส์ สาขาโรบินสัน ศรีสมาน,163,Tops market,Supermarket,เลขที่ 99 หมูู่ 1 ตำบลบ้านใหม่ อำเภอปากเกร็ด จังหวัดนนทบุรี 11120 ,13.940103,100.554069,บ้านใหม่,ปากเกร็ด,นนทบุรี
71,ท็อปส์ สาขาเซ็นทรัลพลาซา นครศรีธรรมราช,504,Tops market,Supermarket,"เลขที่ 8,9/8 หมู่ 7 ตำบลนาสาร อำเภอพระพรหม จังหวัดนครศรีธรรมราช 80000 ",8.380902,99.969618,นาสาร,พระพรหม,นครศรีธรรมราช
72,ท็อปส์ สาขาเดอะชิลล์ พัทยา,182,Tops market,Supermarket,เลขที่ 9/9 หมู่ 10 ตำบลหนองปรือ อำเภอบางละมุง จังหวัดชลบุรี 20150 ,12.922687,100.911374,หนองปรือ,บางละมุง,ชลบุรี
73,ท็อปส์ สาขาเดอะแจ๊ส ศรีนครินทร์,181,Tops market,Supermarket,เลขที่ 788 หมู่ 5 ตำบลสำโรงเหนือ อำเภอเมืองสมุทรปราการ จังหวัดสมุทรปราการ 10270 ,13.636083,100.632423,สำโรงเหนือ,เมืองสมุทรปราการ,สมุทรปราการ
74,ท็อปส์ สาขาโรบินสัน ลพบุรี,183,Tops market,Supermarket,เลขที่ 555/5 หมู่ 4 ตำบลกกโก อำเภอเมืองลพบุรี จังหวัดลพบุรี 15000 ,14.774928,100.692404,กกโก,เมืองลพบุรี,ลพบุรี
75,ท็อปส์ สาขาชัยพฤกษ์,184,Tops market,Supermarket,เลขที่ 99/7 หมู่ 5 ถนนชัยพฤกษ์ ตำบลคลองพระอุดม อำเภอปากเกร็ด จังหวัดนนทบุรี 11120 ,13.922294,100.473638,คลองพระอุดม,ปากเกร็ด,นนทบุรี
76,ท็อปส์ สาขาลาดหญ้า,195,Tops market,Supermarket,เลขที่ 99 ถนนลาดหญ้า แขวงสมเด็จเจ้าพระยา เขตคลองสาน จังหวัดกรุงเทพมหานคร 10600 ,13.726897,100.494678,สมเด็จเจ้าพระยา,คลองสาน,กรุงเทพมหานคร
77,ท็อปส์ สาขาดิเอ็กซ์เพลส,196,Tops market,Supermarket,เลขที่ 60 ถนนกาญจนาภิเษก แขวงบางแค เขตบางแค จังหวัดกรุงเทพมหานคร 10160 ,13.693527,100.408289,บางแค,บางแค,กรุงเทพมหานคร
78,ท็อปส์ สาขาโรบินสัน เพชรบุรีี,366,Tops market,Supermarket,เลขที่ 162 หมู่ที่ 1 ตำบลสมอพลือ อำเภอบ้านลาด จังหวัดเพชรบุรี 76150 ,13.064268,99.947115,สมอพลือ,บ้านลาด,เพชรบุรี
79,ท็อปส์ สาขาไอเพลส ลาดกระบัง,529,Tops market,Supermarket,เลขที่ 1 ซอยฉลองกรุง 31 แขวงลำปะทิว เขตลาดกระบัง จังหวัดกรุงเทพมหานคร 10520 ,13.755713,100.79679,ลำปะทิว,ลาดกระบัง,กรุงเทพมหานคร
80,ท็อปส์ สาขาโรบินสัน กำแพงเพชร,425,Tops market,Supermarket,เลขที่ 651/1 ถนนเจริญสุข ตำบลในเมือง อำเภอเมืองกำแพงเพชร จังหวัดกำแพงเพชร 62000 ,16.476623,99.549371,ในเมือง,เมืองกำแพงเพชร,กำแพงเพชร
81,ท็อปส์ สาขาเมกา-บางนา 2,419,Tops market,Supermarket,เลขที่ 39 หมู่ที่ 6 ถนนบางนา-ตราด ตำบลบางแก้ว อำเภอบางพลี จังหวัดสมุทรปราการ 10540 ,13.645737,100.681687,บางแก้ว,บางพลี,สมุทรปราการ
82,ท็อปส์ เอกมัย,205,Tops market,Supermarket,257/3 ซอย สุขุมวิท 63 (เอกมัย) ตำบล คลองตันเหนือ อำเภอ เขตวัฒนา จังหวัดกรุงเทพมหานคร 10110 ,13.7338927,100.5859074,,วัฒนา,กรุงเทพมหานคร
83,ท็อปส์ สาขาสายไหม,65,Tops market,Supermarket,เลขที่ 99/9 หมู่ 5 แขวงสายไหม เขตสายไหม จังหวัดกรุงเทพมหานคร 10220 ,13.922637,100.637045,สายไหม,สายไหม,กรุงเทพมหานคร
84,ท็อปส์ พัฒนาการ 30,206,Tops market,Supermarket,306 ซอยพัฒนาการ 30 แขวงสวนหลวง เขตสวนหลวง จังหวัดกรุงเทพมหานคร 10250 ,13.7297893,100.6201657,สวนหลวง,สวนหลวง,กรุงเทพมหานคร
85,ท็อปส์ สาขาเซ็นหลุยส์,90,Tops market,Supermarket,"เลขที่ 1277/1, 1283/3-7 แขวงทุ่งวัดดอน เขตสาทร จังหวัดกรุงเทพมหานคร 10120 ",13.706535,100.5269,ทุ่งวัดดอน,สาทร,กรุงเทพมหานคร
86,ท็อปส์ สาขาลาดกระบัง,58,Tops market,Supermarket,เลขที่ 42 ถนนฉลองกรุง แขวงลาดกระบัง เขตลาดกระบัง จังหวัดกรุงเทพมหานคร 10520 ,13.722344,100.780612,ลาดกระบัง,ลาดกระบัง,กรุงเทพมหานคร
87,ท็อปส์ กรีน เชียงใหม่,203,Tops market,Supermarket,45 ถนน อัษฎาธร ตำบลป่าตัน อำเภอเมืองเชียงใหม่ จังหวัดเชียงใหม่ 50300 ,18.80678419,98.99625833,ป่าตัน,เมืองเชียงใหม่,เชียงใหม่
88,ท็อปส์ สาขาเซนจูรี่ อ่อนนุช,420,Tops market,Supermarket,เลขที่ 2089 ถนนสุขุมวิท แขวงพระโขนงเหนือ เขตวัฒนา จังหวัดกรุงเทพมหานคร 10110 ,13.705785,100.601407,พระโขนงเหนือ,วัฒนา,กรุงเทพมหานคร
89,ท็อปส์ สาขาเซ็นทรัลอยุธยา,201,Tops market,Supermarket,129/1-3 หมู่ที่ 3 ตำบลคลองสวนพลู อำเภอพระนครศรีอยุธยา จังหวัดพระนครศรีอยุธยา 13000 ,14.33160033,100.6096483,คลองสวนพลู,พระนครศรีอยุธยา,พระนครศรีอยุธยา
90,ท็อปส์ สาขาแฮปปี้อเวนิว ดอนเมือง,433,Tops market,Supermarket,395 ถนนสรงประภา แขวงดอนเมือง เขตดอนเมือง จังหวัดกรุงเทพมหานคร 10210 ,13.925878,100.589449,ดอนเมือง,ดอนเมือง,กรุงเทพมหานคร
91,ท็อปส์ สาขานวมินทร์,72,Tops market,Supermarket,10/1300 หมู่ที่ 6 ถ. นวมินทร์ แขวงคลองกุ่ม เขตบึงกุ่ม จังหวัดกรุงเทพมหานคร 10240 ,13.799953,100.648811,คลองกุ่ม,บึงกุ่ม,กรุงเทพมหานคร
92,ท็อปส์ สาขาจันทบุรี,533,Tops market,Supermarket,199 หมู่ที่ 7 ตำบลจันทนิมิต อำเภอเมืองจันทบุรี จังหวัดจันทบุรี 22000 ,12.59898331,102.1243823,จันทนิมิต,เมืองจันทบุรี,จันทบุรี
93,ท็อปส์ สาขาหนองจอก,59,Tops market,Supermarket,55/1 หมู่ที่ 2 แขวงกระทุ่มราย เขตหนองจอก จังหวัดกรุงเทพมหานคร 10530 ,13.855476,100.864513,กระทุ่มราย,หนองจอก,กรุงเทพมหานคร
94,ท็อปส์ แจส กรีน วิลเลจ คู้บอน,202,Tops market,Supermarket,54/4 ถนนคู้บอน แขวงบางชัน เขตคลองสามวา จังหวัดกรุงเทพมหานคร 10510 ,13.85597391,100.6804604,บางชัน,คลองสามวา,กรุงเทพมหานคร
95,ท็อปส์ สาขาบางปะกง,62,Tops market,Supermarket,เลขที่ 187/1 หมู่ 1 ถนนบางนา-ตราด ตำบลบางวัว อำเภอบางปะกง จังหวัดฉะเชิงเทรา 24180 ,13.54418,100.961838,บางวัว,บางปะกง,ฉะเชิงเทรา
96,ท็อปส์ สาขาสายไหม อเวนิว,204,Tops market,Supermarket,599 ถนนสายไหม แขวงสายไหม เขตสายไหม จังหวัดกรุงเทพมหานคร 10220 ,13.92116459,100.6797201,สายไหม,สายไหม,กรุงเทพมหานคร
97,ท็อปส์ สาขารามคำแหง,75,Tops market,Supermarket,เลขที่ 201 ถนนรามคำแหง 2 แขวงดอกไม้ เขตประเวศ จังหวัดกรุงเทพมหานคร 10250 ,13.668416,100.682242,ดอกไม้,ประเวศ,กรุงเทพมหานคร
98,ท็อปส์ สาขาไทวัสดุ บางนา,126,Tops market,Supermarket,เลขที่ 54 หมู่ 13 ตำบลบางแก้ว อำเภอบางพลี จังหวัดสมุทรปราการ 10540 ,13.651341,100.676444,บางแก้ว,บางพลี,สมุทรปราการ
99,ท็อปส์ สาขางามวงศ์วาน,508,Tops market,Supermarket,เลขที่ี่ 69/21 หมู่ 2 ตำบลบางเขน อำเภอเมืองนนทบุรี จังหวัดนนทบุรี 11000 ,13.857866,100.536907,บางเขน,เมืองนนทบุรี,นนทบุรี
100,ท็อปส์ สาขาตึกคอม ขอนแก่น,93,Tops market,Supermarket,เลขที่ 250/1 ถนนศรีจันทร์ ตำบลในเมือง อำเภอเมืองขอนแก่น จังหวัดขอนแก่น 40000 ,16.429898,102.831882,ในเมือง,เมืองขอนแก่น,ขอนแก่น
101,ท็อปส์ สาขาโรบินสันชลบุรี อมตะ,435,Tops market,Supermarket,เลขที่ 888 หมู่ที่ 3 ตำบลดอนหัวฬ่อ อำเภอเมืองชลบุรี จังหวัดชลบุรี 20000 ,13.40551,101.042554,ดอนหัวฬ่อ,เมืองชลบุรี,ชลบุรี
102,ท็อปส์ สาขาบ้านแอนด์บียอนด์ พัทยา,438,Tops market,Supermarket,เลขที่ 565/66 หมู่ที่ 10 ตำบลหนองปรือ อำเภอบางละมุง จังหวัดชลบุรี 20150 ,12.914227,100.894743,หนองปรือ,บางละมุง,ชลบุรี
103,ท็อปส์ สาขาเพาเวอร์บาย หัวหิน,439,Tops market,Supermarket,เลขที่ 226/3 ถนนเพชรเกษม ตำบลหัวหิน อำเภอหัวหิน จังหวัดประจวบคีรีขันธ์ 77110 ,12.562314,99.959141,หัวหิน,หัวหิน,ประจวบคีรีขันธ์
104,ท็อปส์ สาขาอินเด็กซ์ ชัยพฤกษ์,449,Tops market,Supermarket,"30/13 หมู่ที่ 4 ตำบลอ้อมเกร็ด อำเภอปากเกร็ด, จังหวัดนนทบุรี 11120 ",13.913839,100.451323,อ้อมเกร็ด,ปากเกร็ด,นนทบุรี
105,ท็อปส์ สาขาวัน โอ วัน เดอะเทิร์ดเพลส,444,Tops market,Supermarket,เลขที่ 101 ถนนสุขุมวิท แขวงบางจาก เขตพระโขนง จังหวัดกรุงเทพมหานคร 10260 ,13.68608,100.611745,บางจาก,พระโขนง,กรุงเทพมหานคร
106,ท็อปส์ สาขามาร์เก็ตเพลส ดุสิต ,448,Tops market,Supermarket,เลขที่ 157/19 ถนนราชวิถี แขวงวชิรพยาบาล เขตดุสิต จังหวัดกรุงเทพมหานคร 10300 ,13.779109,100.507447,วชิรพยาบาล,ดุสิต,กรุงเทพมหานคร
107,ท็อปส์ สาขาโรบินสัน ชัยภูมิ,447,Tops market,Supermarket,เลขที่ 299/9 หมู่ที่ 6 ตำบลในเมือง อำเภอเมืองชัยภูมิ จังหวัดชัยภูมิ 36000 ,15.787866,102.030919,ในเมือง,เมืองชัยภูมิ,ชัยภูมิ
108,ท็อปส์ สาขารวมโชคมอลล์ เชียงใหม่,443,Tops market,Supermarket,"เลขที่ 189/1, 189/2 หมู่ที่ 6 ตำบลฟ้าฮ่าม อำเภอเมืองเชียงใหม่ จังหวัดเชียงใหม่ 50000 ",18.824913,99.01036,ฟ้าฮ่าม,เมืองเชียงใหม่,เชียงใหม่
109,ท็อปส์ สาขาเซ็นทรัล วิลเลจ,454,Tops market,Supermarket,"เลขที่ 98, 98/1 หมู่ที่ 5 ตำบลบางโฉลง อำเภอบางพลี จังหวัดสมุทรปราการ 10540 ",13.63669,100.746063,บางโฉลง,บางพลี,สมุทรปราการ
110,ท็อปส์ สาขาโรบินสัน ลาดกระบัง,455,Tops market,Supermarket,308/1 ถนนลาดกระบัง แขวงลาดกระบัง เขตลาดกระบัง จังหวัดกรุงเทพมหานคร 10520 ,13.719091,100.724805,ลาดกระบัง,ลาดกระบัง,กรุงเทพมหานคร
111,ท็อปส์ สาขาโรบินสัน บ่อวิน,458,Tops market,Supermarket,354 หมู่ที่ 6 ตำบลบ่อวิน อำเภอศรีราชา จังหวัดชลบุรี 20230 ,13.040038,101.083339,บ่อวิน,ศรีราชา,ชลบุรี
112,ท็อปส์ สาขามาร์เก็ตเพลช นวมินทร์,459,Tops market,Supermarket,13/40 ถนนนวมินทร์ แขวงนวลจันทร์ เขตบึงกุ่ม จังหวัดกรุงเทพมหานคร 10240 ,13.810752,100.649794,นวลจันทร์,บึงกุ่ม,กรุงเทพมหานคร
113,ท็อปส์ สาขาเซ็นทรัลพลาซา เวสต์เกต,156,Tops market,Supermarket,"199, 199/1-2 หมู่ 6 ตำบลเสาธงหิน อำเภอบางใหญ่ จังหวัดนนทบุรี 11140 ",13.87711,100.411143,เสาธงหิน,บางใหญ่,นนทบุรี
114,ท็อปส์ สาขาศาลายา,139,Tops market,Supermarket,99/19 - 20 หมู่ 2 ตำบลบางเตย อำเภอสามพราน จังหวัดนครปฐม 73210 ,13.787308,100.277485,บางเตย,สามพราน,นครปฐม
115,ท็อปส์ สาขาวนิลามูน สาทร,462,Tops market,Supermarket,265/2 ถนนจันทน์ แขวงทุ่งวัดดอน เขตสาทร จังหวัดกรุงเทพมหานคร 10120 ,13.70699985,100.5220094,ทุ่งวัดดอน,สาทร,กรุงเทพมหานคร
116,ท็อปส์ สาขาเดอะวอล์ค ราชพฤกษ์,463,Tops market,Supermarket,189 หมู่ที่ 2 ตำบลบางขุนกอง อำเภอบางกรวย จังหวัดนนทบุรี 11130 ,13.82090935,100.4500849,บางขุนกอง,บางกรวย,นนทบุรี
117,ท็อปส์ สาขาเบลแกรนด์ พระราม 9,464,Tops market,Supermarket,141/1 ถนนพระราม 9 แขวงห้วยขวาง เขตห้วยขวาง จังหวัดกรุงเทพมหานคร 10310 ,13.75981913,100.568315,ห้วยขวาง,ห้วยขวาง,กรุงเทพมหานคร
118,ท็อปส์ สาขาอินเด็กซ์ บางนา,461,Tops market,Supermarket,1011 ถนนเทพรัตน แขวงบางนาเหนือ เขตบางนา จังหวัดกรุงเทพมหานคร 10260 ,13.66628519,100.650827,บางนาเหนือ,บางนา,กรุงเทพมหานคร
119,ท็อปส์ สาขา มาร์เก็ต วิลเลจ รังสิต คลองสี่,460,Tops market,Supermarket,98 หมู่ที่ 2 ตำบลบึงยี่โถ อำเภอธัญบุรี จังหวัดปทุมธานี 12130 ,14.00149657,100.6841994,บึงยี่โถ,ธัญบุรี,ปทุมธานี
120,ท็อปส์ สาขาเดอะโฟร์ทสายสี่,465,Tops market,Supermarket,เลขที่ 111/31 หมู่ที่ 8 ตำบลกระทุ่มล้ม อำเภอสามพราน จังหวัดนครปฐม 73220 ,13.75895914,100.3293945,กระทุ่มล้ม,สามพราน,นครปฐม
121,ท็อปส์ สาขา เมเจอร์ ปิ่นเกล้า,468,Tops market,Supermarket,554/1 ถนนบรมราชชนนี แขวงบางบำหรุ เขตบางพลัด จังหวัดกรุงเทพมหานคร 10700 ,13.77860794,100.4781882,บางบำหรุ,บางพลัด,กรุงเทพมหานคร
122,ท็อปส์ สาขาเดอะไนน์ ติวานนท์ ,466,Tops market,Supermarket,เลขที่ 99/99 หมู่ 2 ตำบลบางกะดี อำเภอเมืองปทุมธานี จังหวัดปทุมธานี 12000 ,13.97895062,100.5500522,บางกะดี,เมืองปทุมธานี,ปทุมธานี
123,ท็อปส์ สาขาบุญถาวร นวมิทร์,467,Tops market,Supermarket,เลขที่ 999 ถนนประเสริฐมนูกิจ แขวงนวลจันทร์ เขตบึงกุ่ม จังหวัดกรุงเทพมหานคร 10240 ,13.82144413,100.6339527,นวลจันทร์,บึงกุ่ม,กรุงเทพมหานคร
124,ท็อปส์ สาขาเซ็นทรัล มหาชัย,421,Tops market,Supermarket,เลขที่ 98 หมู่ที่ 4 ตำบลนาดี อำเภอเมืองสมุทรสาคร จังหวัดสมุทรสาคร 74000 ,13.57375,100.289447,นาดี,เมืองสมุทรสาคร,สมุทรสาคร
125,ท็อปส์ สาขาเซ็นทรัล ศรีราชา,500,Tops market,Supermarket,8 ถนนสุขุมวิท ตำบลศรีราชา อำเภอศรีราชา จังหวัดชลบุรี 20110 ,13.17988767,100.9310776,ศรีราชา,ศรีราชา,ชลบุรี
