,name,store_id,name_store,store_type,address,lat,lng,subdistrict,district,province
0,ท็อปส์ สาขาหมู่บ้านทรัพย์มั่งคง,962,Tops daily,Convenience Stores,386 หมู่ที่ 2 ตำบลบางบ่อ อำเภอบางบ่อ จังหวัดสมุทรปราการ 10560 ,13.57594401,100.8510536,บางบ่อ,บางบ่อ,สมุทรปราการ
1,ท็อปส์ สาขาซอยแสงใหญ่ บางปลา,964,Tops daily,Convenience Stores,81/5 หมู่ที่ 11 ตำบลบางปลา อำเภอบางพลี จังหวัดสมุทรปราการ 10540 ,13.5814851,100.7215885,บางปลา,บางพลี,สมุทรปราการ
2,ท็อปส์ สาขาสุขาภิบาล 6 บางพลี,965,Tops daily,Convenience Stores,140/36 หมู่ที่ 12 ตำบลบางพลีใหญ่ อำเภอบางพลี จังหวัดสมุทรปราการ 10540 ,13.61785842,100.7177845,บางพลีใหญ่,บางพลี,สมุทรปราการ
3,ท็อปส์ สาขากิ่่งแก้ว ซอย 12,736,Tops daily,Convenience Stores,26 หมู่ที่ 2 ตำบลราชาเทวะ อำเภอบางพลี จังหวัดสมุทรปราการ 10540 ,13.64950942,100.7151471,ราชาเทวะ,บางพลี,สมุทรปราการ
4,ท็อปส์ สาขาปรีดีพนมยงค์ซอย 46,737,Tops daily,Convenience Stores,104 ซอยจิตรวารี แขวงคลองตันเหนือ เขตวัฒนา จังหวัดกรุงเทพมหานคร 10110 ,13.73515445,100.5993532,คลองตันเหนือ,วัฒนา,กรุงเทพมหานคร
5,ท็อปส์ สาขาซอยนาในร่วมใจ ภูเก็ต,738,Tops daily,Convenience Stores,166/25 ถนนนาใน ตำบลป่าตอง อำเภอกะทู้ จังหวัดภูเก็ต 83150 ,7.881798271,98.29767446,ป่าตอง,กะทู้,ภูเก็ต
6,ท็อปส์ สาขาพัทยา จอมเทียน ซอย 10,739,Tops daily,Convenience Stores,347/7 หมู่ที่ 12 ตำลบลหนองปรือ อำเภอบางละมุง จังหวัดชลบุรี 2150 ,12.88950743,100.8756045,ตำลบลหนองปรือ,บางละมุง,ชลบุรี
7,ท็อปส์ สาขาพัทยา ซอยร้อยหลัง,740,Tops daily,Convenience Stores,570/283 หมู่ที่ 5 ตำบลนาเกลือ อำเภอบางละมุง จังหวัดชลบุรี 20150 ,12.95369627,100.898285,นาเกลือ,บางละมุง,ชลบุรี
8,ท็อปส์ สาขาเสรีอ่อนนุชวิลเลจ,966,Tops daily,Convenience Stores,456 ซอยอ่อนนุช 70/1 แขวงประเวศ เขตประเวศ จังหวัดกรุงเทพมหานคร 10250 ,13.710376,100.662246,ประเวศ,ประเวศ,กรุงเทพมหานคร
9,ท็อปส์ สาขาเอแบคบางนา นวมินทร์ ซอย 3,967,Tops daily,Convenience Stores,3/5 หมู่ที่ 7 ตำบลบางบ่อ อำเภอบางบ่อ จังหวัดสมุทรปราการ 10560 ,13.614677,100.847637,บางบ่อ,บางบ่อ,สมุทรปราการ
10,ท็อปส์ สาขามหาวิทยาลัยวลัยลักษณ์,940,Tops daily,Convenience Stores,222 ตำบลไทยบุรี อำเภอท่าศาลา จังหวัดนครศรีธรรมราช 80161 ,8.6478,99.887759,ไทยบุรี,ท่าศาลา,นครศรีธรรมราช
11,ท็อปส์ เคแอลวิลล่าลาดกระบัง,952,Tops daily,Convenience Stores,เลขที่ 1 ถนนฉลองกรุง 1 แขวงลาดกระบัง เขตลาดกระบัง จังหวัดกรุงเทพมหานคร 10520 ,13.727815,100.77159,ลาดกระบัง,ลาดกระบัง,กรุงเทพมหานคร
12,ท็อปส์ สุขาภิบาล5ซอย74,470,Tops daily,Convenience Stores,26/29 ถนนสุขาภิบาล5 แขวงออเงิน เขตสายไหม จังหวัดกรุงเทพมหานคร 10220 ,13.909473,100.674312,ออเงิน,สายไหม,กรุงเทพมหานคร
13,ท็อปส์ สาขาลาดกระบัง 14/1,951,Tops daily,Convenience Stores,42/4 หมู่ที่ 8 ตำบลราชาเทวะ อำเภอบางพลี จังหวัดสมุทรปราการ 10540 ,13.716025,100.716154,ราชาเทวะ,บางพลี,สมุทรปราการ
14,ท็อปส์ สาขาซอยพระเงิน,474,Tops daily,Convenience Stores,105/15 หมู่ที่ 5 ตำบลปลายบาง อำเภอบางกรวย จังหวัดนนทบุรี 11130 ,13.8298187,100.396255,ปลายบาง,บางกรวย,นนทบุรี
15,ท็อปส์ สาขาถนนบางกรวย - ไทรน้อย,476,Tops daily,Convenience Stores,72/4 ม.2 ถนนบางกรวย-ไทรน้อย ตำบลวัดชะลอ อำเภอบางกรวย จังหวัดนนทบุรี 11130 ,13.804681,100.4825613,วัดชะลอ,บางกรวย,นนทบุรี
16,ท็อปส์ สาขาพันท้ายนรสิงห์,475,Tops daily,Convenience Stores,29/28 หมู่5 ตำบลพันท้ายนรสิงห์ อำเภอเมืองสมุทรสาคร จังหวัดสมุทรสาคร 74000 ,13.5802718,100.3650024,พันท้ายนรสิงห์,เมืองสมุทรสาคร,สมุทรสาคร
17,ท็อปส์ สาขาคาลเท็กซ์ศรีนครินทร์,731,Tops daily,Convenience Stores,เลขที่720/2 ถนนศรีนครินทร์ แขวงพัฒนาการ เขตสวนหลวง จังหวัดกรุงเทพมหานคร 10250 ,13.730389,100.6412693,พัฒนาการ,สวนหลวง,กรุงเทพมหานคร
18,ท็อปส์ สาขาสุขาภิบาล 5 ซอย 74,470,Tops daily,Convenience Stores,888 หมู่5 ถนนพัทยา-นาเกลือ ตําบลนาเกลือ อําเภอบางละมุง จังหวัดชลบุรี 20150,13.90948964,100.6743076,นาเกลือ,บางละมุง,ชลบุรี
19,ท็อปส์ สาขาบางจาก บางนา-ตราด กม.7,953,Tops daily,Convenience Stores,169 หมู่ที่ 13 ตำบลบางแก้ว อำเภอบางพลี จังหวัดสมุทรปราการ 10540 ,13.65427793,100.673306,บางแก้ว,บางพลี,สมุทรปราการ
20,ท็อปส์ สาขาเคแอลวิลล่า ลาดกระบัง,952,Tops daily,Convenience Stores,1 ถนนฉลองกรุง 1 แขวงลาดกระบัง เขตลาดกระบัง จังหวัดกรุงเทพมหานคร 10520 ,13.72786173,100.7715899,ลาดกระบัง,ลาดกระบัง,กรุงเทพมหานคร
21,ท็อปส์ แกรนด์เซ็นเตอร์พ้อยท์,477,Tops daily,Convenience Stores,888 Moo 5 Pattaya-Naklua Rd. Naklua Bang อำเภอLamung จังหวัดChonburi 20150 ,12.9532323,100.8884978,นาเกลือ,บางละมุง,ชลบุรี
22,ท็อปส์ คู้บอน 27 แยก 9,478,Tops daily,Convenience Stores,2/1 คู้บอน 27 แยก 9 ตำบลท่าแร้ง เขตบางเขน จังหวัดกรุงเทพมหานคร 10220 ,13.85879039,100.6651959,ท่าแร้ง,บางเขน,กรุงเทพมหานคร
23,ท็อปส์ สาขาถนนสามวา,479,Tops daily,Convenience Stores,3/9 ถนนสามวา แขวงมีนบุรี เขตมีนบุรี จังหวัดกรุงเทพมหานคร 10510 ,13.8186006,100.7252567,มีนบุรี,มีนบุรี,กรุงเทพมหานคร
24,ท็อปส์ สาขาคลองตัน,522,Tops daily,Convenience Stores,เลขที่ 1200/1-2 ซอยสุขุมวิท 71 ถนนสุขุมวิท แขวงสวนหลวง เขตสวนหลวง จังหวัดกรุงเทพมหานคร 10250 ,13.7399133,100.6001162,สวนหลวง,สวนหลวง,กรุงเทพมหานคร
25,ท็อปส์ สาขาเดอะไลท์เฮ้าส์,588,Tops daily,Convenience Stores,เลขที่ 8/299 ถนนเจริญนคร แขวงคลองต้นไทร เขตคลองสาน จังหวัดกรุงเทพมหานคร 10600 ,13.7221767,100.5085328,คลองต้นไทร,คลองสาน,กรุงเทพมหานคร
26,ท็อปส์ สาขาคาลเท็กซ์ กม 18,685,Tops daily,Convenience Stores,เลขที่ 101/16 หมู่ 3 ถนนสุราษฎร์ธานี-ตะกั่วป่า ตำบลท่าโรงช้าง อำเภอพุนพิน จังหวัดสุราษฎร์ธานี 84130 ,9.050519,99.165723,ท่าโรงช้าง,พุนพิน,สุราษฎร์ธานี
27,ท็อปส์ สาขาปาลิโอ เขาใหญ่,686,Tops daily,Convenience Stores,เลขที่ 146/1 หมู่ 4 ตำบลปากช่อง อำเภอปากช่อง จังหวัดนครราชสีมา 30130 ,14.538023,101.39982,ปากช่อง,ปากช่อง,นครราชสีมา
28,ท็อปส์ สาขาศูนย์ราชการแจ้งวัฒนะ,687,Tops daily,Convenience Stores,อาคารอาคารรัฐประศาสนภัก ศูนย์ราชการ ตึก B ชั้น 1 เลขที่ 120 ถนนแจ้งวัฒนะ เขตหลักสี่ เขตแขวงหลักสี่ จังหวัดกรุงเทพมหานคร 10210 ,13.88203,100.565196,ทุ่งสองห้อง,หลักสี่,กรุงเทพมหานคร
29,Tops Maerim,,Tops daily,Convenience Stores,ตำบลริมใต้ อำเภอแม่ริม จังหวัดเชียงใหม่ 50180 ,18.910606,98.946869,ริมใต้,แม่ริม,เชียงใหม่
30,ท็อปส์ สาขาตลาดเทวาดา โคราช,688,Tops daily,Convenience Stores,เลขที่ 541/1 ถนนมิตรภาพ ตำบลปากช่อง อำเภอปากช่อง จังหวัดนครราชสีมา 30130 ,14.705464,101.414566,ปากช่อง,ปากช่อง,นครราชสีมา
31,ท็อปส์ สาขาคาลเท็กซ์ งานทวี ภูเก็ต,689,Tops daily,Convenience Stores,เลขที่ 158/1 ถนนเทพกระษัตรี ตำบลตลาดใหญ่ อำเภอเมืองภูเก็ต จังหวัดภูเก็ต 83000 ,7.89013,98.390297,ตลาดใหญ่,เมืองภูเก็ต,ภูเก็ต
32,ท็อปส์ สาขาสวนดอกพาร์ค,693,Tops daily,Convenience Stores,อาคารสวนดอกพาร์ค ชั้น 1 เลขที่ี่ 110 ถนนอินทวโรรส ตำบลศรีภูมิ อำเภอเมืองเชียงใหม่ จังหวัดเชียงใหม่ 50200 ,18.790022,98.970654,ศรีภูมิ,เมืองเชียงใหม่,เชียงใหม่
33,ท็อปส์ สาขามาร์คแลนด์ พัทยา,697,Tops daily,Convenience Stores,เลขที่ี่ 436/48 หมู่ 9 ตำบลหนองปรือ อำเภอบางละมุง จังหวัดชลบุรี 20150 ,12.946615,100.885064,หนองปรือ,บางละมุง,ชลบุรี
34,ท็อปส์ สาขาทีทีเอ็น อเวนิว นางลิ้นจี่,696,Tops daily,Convenience Stores,เลขที่ 88 ถนนนางลิ้นจี่ แขวงช่องนนทรี เขตยานนาวา จังหวัดกรุงเทพมหานคร 10120 ,13.706255,100.54384,ช่องนนทรี,ยานนาวา,กรุงเทพมหานคร
35,ท็อปส์ สาขาทวาราวดี,695,Tops daily,Convenience Stores,เลขที่ 10/1 ภนนทวารดี ตำบลห้วยจรเข้ อำเภอเมืองนครปฐม จังหวัดนครปฐม 73000 ,13.813142,100.066084,ห้วยจรเข้,เมืองนครปฐม,นครปฐม
36,ท็อปส์ สาขาสารภี ซอย 3,694,Tops daily,Convenience Stores,เลขที่ 422/4 ซอยเจริญรัตน์ 4 ถนนเจริญรัตน์ แขวงคลองต้นไทร เขตคลองสาน จังหวัดกรุงเทพมหานคร 10600 ,13.723285,100.495508,คลองต้นไทร,คลองสาน,กรุงเทพมหานคร
37,ท็อปส์ สาขาสุขุมวิท 33,698,Tops daily,Convenience Stores,เลขที่ 88 ซอยสุขุมวิท 33 แขวงคลองตันเหนือ เขตวัฒนา จังหวัดกรุงเทพมหานคร 10110 ,13.736401,100.568013,คลองตันเหนือ,วัฒนา,กรุงเทพมหานคร
38,ท็อปส์ สาขาจันทร์เกษม พลาซ่า,692,Tops daily,Convenience Stores,เลขที่ 381 ซอยรัชดาภิเษก 36 ถนนรัชดาภิเษก แขวงจันทรเกษม เขตจตุจักร จังหวัดกรุงเทพมหานคร 10900 ,13.824449,100.58175,จันทรเกษม,จตุจักร,กรุงเทพมหานคร
39,ท็อปส์ สาขาหมู่บ้านชวนชื่น อ่อนนุช,700,Tops daily,Convenience Stores,เลขที่ 154/1 ถนนสุขาภิบาล 2 เเขวงประเวศ เขตประเวศ จังหวัดกรุงเทพมหานคร 10250 ,13.703114,100.705964,เเขวงประเวศ,ประเวศ,กรุงเทพมหานคร
40,ท็อปส์ สาขาพหลโยธิน 48,706,Tops daily,Convenience Stores,เลขที่ 5/1 ซอยพหลโยธิน 48 แขวงอนุสาวรีย์ เขตบางเขน จังหวัดกรุงเทพมหานคร 10220 ,13.885824,100.603777,อนุสาวรีย์,บางเขน,กรุงเทพมหานคร
41,ท็อปส์ สาขาคลองหลวง คลอง 2,707,Tops daily,Convenience Stores,เลขที่ี่ 4/43 หมู่ 7 ตำบลคลองสอง อำเภอคลองหลวง จังหวัดปทุมธานี 12120 ,14.066308,100.647886,คลองสอง,คลองหลวง,ปทุมธานี
42,ท็อปส์ สาขาไลม์ไลท์ ภูเก็ต,705,Tops daily,Convenience Stores,เลขที่ 2/23 ถนนดีบุก ตำบลตลาดใหญ่ อำเภอเมืองภูเก็ต จังหวัดภูเก็ต 83000 ,7.886472,98.392106,ตลาดใหญ่,เมืองภูเก็ต,ภูเก็ต
43,ท็อปส์ สาขานาคนิวาส มาร์เก็ต,704,Tops daily,Convenience Stores,เลขที่ 3 ซอยนาคนิวาส ถนนนาคนิวาส เเขวงลาดพร้าว เขตลาดพร้าว จังหวัดกรุงเทพมหานคร 10230 ,13.800953,100.606893,เเขวงลาดพร้าว,ลาดพร้าว,กรุงเทพมหานคร
44,ท็อปส์ สาขาหมู่บ้าน บ้านบัวทอง 2,703,Tops daily,Convenience Stores,เลขที่ 104/376 หมู่ 6 ตำบลบางรักพัฒนา อำเภอบางยัวทอง จังหวัดนนทบุรี 11110 ,13.897714,100.396722,บางรักพัฒนา,บางบัวทอง,นนทบุรี
45,ท็อปส์ สาขาโรงพยาบาลศิครินทร์ บางนา,708,Tops daily,Convenience Stores,เลขที่ 974 ถนนลาซาล แขวงบางนา เขตบางนา จังหวัดกรุงเทพมหานคร 10260 ,13.655236,100.645468,บางนา,บางนา,กรุงเทพมหานคร
46,ท็อปส์ สาขาเดอะซีซั่น พหลฯ 1,709,Tops daily,Convenience Stores,เลขที่ 899 ถนนพหลโยธิน แขวงสามเสนใน เขตพญาไท จังหวัดกรุงเทพมหานคร 10400 ,13.768901,100.539799,สามเสนใน,พญาไท,กรุงเทพมหานคร
47,ท็อปส์ สาขาตลาดอมรพันธ์,712,Tops daily,Convenience Stores,เลขที่ 2103/12-14 ถนนพหลโยธิน แขวงลาดยาว เขตจตุจักร จังหวัดกรุงเทพมหานคร 10900 ,13.839363,100.574544,ลาดยาว,จตุจักร,กรุงเทพมหานคร
48,ท็อปส์ สาขาโชคชัย 4,713,Tops daily,Convenience Stores,เลขที่ 2145/14 ถนนลาดพร้าว แขวงวังทองหลาง เขตวังทองหลาง จังหวัดกรุงเทพมหานคร 10310 ,13.794159,100.595264,วังทองหลาง,วังทองหลาง,กรุงเทพมหานคร
49,ท็อปส์ สาขาโค้งหนุมาน,716,Tops daily,Convenience Stores,เลขที่ 315/174 หมู่ 12 ตำบลหนองปรือ อำเภอบางละมุง จังหวัดชลบุรี 20150 ,12.901536,100.869942,หนองปรือ,บางละมุง,ชลบุรี
50,ท็อปส์ สาขาเยาวราชภูเก็ต,715,Tops daily,Convenience Stores,เลขที่ 369/59 ถนนเยาวราช ตำบลตลาดใหญ่ อำเภอเมืองภูเก็ต จังหวัดภูเก็ต 83000 ,7.902418,98.378241,ตลาดใหญ่,เมืองภูเก็ต,ภูเก็ต
51,ท็อปส์ สาขาตลาดเตียกุ่ยฮวด,714,Tops daily,Convenience Stores,เลขที่ 320/14 หมู่ 1 ตำบลบางบ่อ อำเภอบางบ่อ จังหวัดสมุทรปราการ 10560 ,13.587155,100.837535,บางบ่อ,บางบ่อ,สมุทรปราการ
52,ท็อปส์ สาขาท่าอิฐ,717,Tops daily,Convenience Stores,เลขที่ 96/8 หมู่ 5 ตำบลบางรักน้อย อำเภอเมืองนนทบุรี จังหวัดนนทบุรี 11000 ,13.887689,100.460661,บางรักน้อย,เมืองนนทบุรี,นนทบุรี
53,ท็อปส์ สาขาพุทธมณฑลสาย 2,718,Tops daily,Convenience Stores,เลขที่ 108/135 หมู่ 4 แขวงบางแคเหนือ เขตบางแค จังหวัดกรุงเทพมหานคร 10160 ,13.719798,100.396037,บางแคเหนือ,บางแค,กรุงเทพมหานคร
54,ท็อปส์ สาขาหนองหอย,742,Tops daily,Convenience Stores,เลขที่ 443/3 ถนนเชียงใหม่-ลำพูน ตำบลวัดเกต อำเภอเมืองเชียงใหม่ จังหวัดเชียงใหม่ 50000 ,18.765523,99.006128,วัดเกต,เมืองเชียงใหม่,เชียงใหม่
55,ท็อปส์ สาขาหมู่บ้านธนินทร,744,Tops daily,Convenience Stores,เลขที่ 22/93-95 ซอยวิภาวดี-รังสิต 35 แขวงสนามบิน เขตดอนเมือง จังหวัดกรุงเทพมหานคร 10210 ,13.940627,100.611858,สนามบิน,ดอนเมือง,กรุงเทพมหานคร
56,ท็อปส์ สาขาสวนสยาม,746,Tops daily,Convenience Stores,เลขที่ 112/55 หมู่ 4 ถนนวนสยาม แขวงคันนายาว เขตคันนายาว จังหวัดกรุงเทพมหานคร 10230 ,13.810592,100.688543,คันนายาว,คันนายาว,กรุงเทพมหานคร
57,ท็อปส์ สาขาตลาดนัมเบอร์วัน,741,Tops daily,Convenience Stores,เลขที่ 2 รามคำแหง 2 ซอย 19 แขวงดอกไม้ เขตประเวศ จังหวัดกรุงเทพมหานคร 10250 ,13.670982,100.684103,ดอกไม้,ประเวศ,กรุงเทพมหานคร
58,ท็อปส์ สาขาตลาดพังงา,747,Tops daily,Convenience Stores,"เลขที่ 104,106 ถนนเพชรเกษม ตำบลท้ายช้าง อำเภอเมืองพังงา จังหวัดพังงา 82000 ",8.465642,98.530996,ท้ายช้าง,เมืองพังงา,พังงา
59,ท็อปส์ สาขาตะกั่วป่าพังงา,748,Tops daily,Convenience Stores,เลขที่ 6/69-70 หมู่ 2 ตำบลบางนายสี อำเภอตะกั่วป่า จังหวัดพังงา 82110 ,8.87102,98.351303,บางนายสี,ตะกั่วป่า,พังงา
60,ท็อปส์ สาขาตลาดโกสุมรวมใจ,749,Tops daily,Convenience Stores,เลขที่ 316 ซอยโกสุมรวมใจ 4 ถนนโกสุมรวมใจ แขวงดอนเมือง เขตดอนเมือง จังหวัดกรุงเทพมหานคร 10210 ,13.910918,100.577808,ดอนเมือง,ดอนเมือง,กรุงเทพมหานคร
61,ท็อปส์ สาขาเดอะพาร์คแลนด์,750,Tops daily,Convenience Stores,เลขที่ 5/3-6 ถนนเดอะพาร์คแลนด์ แขวงบางนา เขตบางนา จังหวัดกรุงเทพมหานคร 10260 ,13.666605,100.650449,บางนา,บางนา,กรุงเทพมหานคร
62,ท็อปส์ สาขาบางบอน 3,719,Tops daily,Convenience Stores,เลขที่ 40 ถนนบางบอน 3 แขวงหลักสอง เขตบางแค จังหวัดกรุงเทพมหานคร 10160 ,13.677528,100.384745,หลักสอง,บางแค,กรุงเทพมหานคร
63,ท็อปส์ สาขาตลาดไชยา สุราษฎร์ธานี,752,Tops daily,Convenience Stores,เลขที่ี่ 196 หมู่ 1 ตำบลตลาดไชยา อำเภอไชยา จังหวัดสุราษฎร์ธานี 84110 ,9.388812,99.196133,ตลาดไชยา,ไชยา,สุราษฎร์ธานี
64,ท็อปส์ สาขาตลาดดีดี อยุธยา,753,Tops daily,Convenience Stores,เลขที่ 487/5 หมู่ 4 ตำบลอุทัย อำเภออุทัย จังหวัดพระนครศรีอยุธยา 13210 ,14.34181,100.659749,อุทัย,อุทัย,พระนครศรีอยุธยา
65,ท็อปส์ สาขาพิบูลวัฒนา 8,756,Tops daily,Convenience Stores,เลขที่ 63 ซอยอาคารพิบูลวัฒนา ถนนพระราม 6 แขวงสามเสนใน เขตพญาไท จังหวัดกรุงเทพมหานคร 10400 ,13.782558,100.536615,สามเสนใน,พญาไท,กรุงเทพมหานคร
66,ท็อปส์ สาขาบ้านนาสาร,754,Tops daily,Convenience Stores,เลขที่ 119/1 ถนนนาสารนอก ตำบลนาสาร อำเภอบ้านนาสาร จังหวัดสุราษฎร์ธานี 84120 ,8.801093,99.363021,นาสาร,บ้านนาสาร,สุราษฎร์ธานี
67,ท็อปส์ สาขาเจ้าฟ้า ภูเก็ต,759,Tops daily,Convenience Stores,เลขที่ 14/40 หมู่ 1 ตำบลฉลอง อำเภอเมืองภูเก็ต จังหวัดภูเก็ต 83130 ,7.851062,98.353117,ฉลอง,เมืองภูเก็ต,ภูเก็ต
68,ท็อปส์ สาขาตลาดเอส ที เพิ่มสิน,758,Tops daily,Convenience Stores,เลขที่ี่ 49/3 ถนนเพิ่มสิน แขวงคลองถนน เขตสายไหม จังหวัดกรุงเทพมหานคร 10220 ,13.900871,100.6357393,คลองถนน,สายไหม,กรุงเทพมหานคร
69,ท็อปส์ สาขาร่วมมิตรพัฒนา,760,Tops daily,Convenience Stores,เลขที่ 162/1 ถนนรวมมิตรพัฒนา แขวงท่าแร้ง เขตบางเขน จังหวัดกรุงเทพมหานคร 10220 ,13.867297,100.651031,ท่าแร้ง,บางเขน,กรุงเทพมหานคร
70,ท็อปส์ สาขาสุขุมวิท 101/1,761,Tops daily,Convenience Stores,เลขที่ 189 ซอยสุขุมวิท 101/1 แขวงบางจาก เขตพระโขนง จังหวัดกรุงเทพมหานคร 10260 ,13.684541,100.614995,บางจาก,พระโขนง,กรุงเทพมหานคร
71,ท็อปส์ สาขาลาดกระบัง 54,762,Tops daily,Convenience Stores,เลขที่ 46/9 หมู่ 1 ตำบลศีรษะจรเข้น้อย อำเภอบางเสาธง จังหวัดสมุทรปราการ 10540 ,13.712567,100.784933,ศีรษะจรเข้น้อย,บางเสาธง,สมุทรปราการ
72,ท็อปส์ สาขาบ้านท่าอิฐ-บ้านไทรม้า,763,Tops daily,Convenience Stores,เลขที่ 109/3 หมู่ 1 ตำบลไทรม้า อำเภอเมืองนนทบุรี จังหวัดนนทบุรี 11000 ,13.889804,100.460273,ไทรม้า,เมืองนนทบุรี,นนทบุรี
73,ท็อปส์ สาขาเพิ่มสิน 2,764,Tops daily,Convenience Stores,เลขที่ 14 ถนนเพิ่มสิน แขวงสายไหม เขตสายไหม จังหวัดกรุงเทพมหานคร 10220 ,13.905291,100.656723,สายไหม,สายไหม,กรุงเทพมหานคร
74,ท็อปส์ สาขาลาดปลาเค้า 50,765,Tops daily,Convenience Stores,เลขที่ 462 ถนนลาดปลาเค้า แขวงจรเข้บัว เขตลาดพร้าว จังหวัดกรุงเทพมหานคร 10230 ,13.845576,100.601825,จรเข้บัว,ลาดพร้าว,กรุงเทพมหานคร
75,ท็อปส์ สาขาอัจฉริยะ พัฒนา 2,767,Tops daily,Convenience Stores,เลขที่ 16/11 หมู่ 3 ตำบลปลายบาง อำเภอบางกรวย จังหวัดนนทบุรี 11130 ,13.816842,100.403564,ปลายบาง,บางกรวย,นนทบุรี
76,ท็อปส์ สาขาบางนา การ์เด้น 9,771,Tops daily,Convenience Stores,เลขที่ 66/6 หมู่ 7 ตำบลบางเสาธง อำเภอบางเสาธง จังหวัดสมุทรปราการ 10570 ,13.601543,100.835682,บางเสาธง,บางเสาธง,สมุทรปราการ
77,ท็อปส์ สาขาพุทธมณฑลสาย 1,768,Tops daily,Convenience Stores,เลขที่ 12 ถนนพุทธมณฑลสาย1 แขวงบางระมาด เขตเขคตลิ่งชัน จังหวัดกรุงเทพมหานคร 10170 ,13.75936,100.427361,บางระมาด,ตลิ่งชัน,กรุงเทพมหานคร
78,ท็อปส์ สาขาคลองถนน,769,Tops daily,Convenience Stores,เลขที่ 55 หมู่ 11 ตำบลบางรักพัฒนา อำเภอบางบัวทอง จังหวัดนนทบุรี 11110 ,13.889359,100.404225,บางรักพัฒนา,บางบัวทอง,นนทบุรี
79,ท็อปส์ สาขาซัน พลาซา จตุจักร,766,Tops daily,Convenience Stores,ชั้น 1 เลขที่ 99/10 ซอยเฉยพ่วง แขวงจอมพล เขตจตุจักร จังหวัดกรุงเทพมหานคร 10900 ,13.807097,100.557962,จอมพล,จตุจักร,กรุงเทพมหานคร
80,ท็อปส์ สาขาตลาดรัตนากร เขาตาโล,774,Tops daily,Convenience Stores,เลขที่ 109/45 หมู่ที่ 11 ตำบลหนองปรือ อำเภอบางละมุง จังหวัดชลบุรี 20150 ,12.908135,100.904454,หนองปรือ,บางละมุง,ชลบุรี
81,ท็อปส์ สาขาซัมเมอร์ ฮิลล์,772,Tops daily,Convenience Stores,เลขที่ี่ 1106 ถนนสุขุมวิท แขวงพระโขนง เขตคลองเตย จังหวัดกรุงเทพมหานคร 10110 ,13.71435,100.592129,พระโขนง,คลองเตย,กรุงเทพมหานคร
82,ท็อปส์ สาขาธรรมศาสตร์-รังสิต,770,Tops daily,Convenience Stores,อาคารสำนักงานบริหารทรัพย์สินและกีฬา เลขที่ 99 หมู่ 18 ตำบลคลองหนึ่ง อำเภอคลองหลวง จังหวัดปทุมธานี 12120 ,14.0766069,100.596379,คลองหนึ่ง,คลองหลวง,ปทุมธานี
83,ท็อปส์ สาขาเอส ซี บี ปาร์ค พลาซา,773,Tops daily,Convenience Stores,เอสซีบี พาร์ค พลาซ่า ห้องเลขที่ 2128-2130 ชั้น G เลขที่ 18 ถนนรัชดาภิเษก แขวงจตุจักร เขตจตุจักร จังหวัดกรุงเทพมหานคร 10900 ,13.827574,100.564015,จตุจักร,จตุจักร,กรุงเทพมหานคร
84,ท็อปส์ สาขาเดอะพาร์ค กรุงเทพกรีฑา,775,Tops daily,Convenience Stores,"เลขที่ 215,217 ถนนกรุงเทพกรีฑา แขวงหัวหมาก เขตบางกะปิ จังหวัดกรุงเทพมหานคร 10240 ",13.747122,100.661091,หัวหมาก,บางกะปิ,กรุงเทพมหานคร
85,ท็อปส์ สาขาแคโนพี เอกชัย-บางบอน,776,Tops daily,Convenience Stores,เลขที่ 777/5 ถนนเอกชัย แขวงบางบอน เขตบางบอน จังหวัดกรุงเทพมหานคร 10150 ,13.672846,100.423963,บางบอน,บางบอน,กรุงเทพมหานคร
86,ท็อปส์ สาขากรุงเทพกรีฑา 32,777,Tops daily,Convenience Stores,159 ถนนมอเตอร์เวย์ แขวงทับช้าง เขตสะพานสูง จังหวัดกรุงเทพมหานคร 10240 ,13.7341,100.69189,ทับช้าง,สะพานสูง,กรุงเทพมหานคร
87,ท็อปส์ สาขาสิงห์ คอมเพล็กซ์,778,Tops daily,Convenience Stores,1788 อาคารสิงห์ คอมเพล็กซ์ ชั้น G ห้องเลขที่ G01และ G01/1 ถนนเพชรบุรีตัดใหม่ แขวงบางกะปิ เขตห้วยขวาง จังหวัดกรุงเทพมหานคร 10310 ,13.748519,100.563881,บางกะปิ,ห้วยขวาง,กรุงเทพมหานคร
88,ท็อปส์ สาขาพูนผล ภูเก็ต,779,Tops daily,Convenience Stores,เลขที่ 23/1 ถนนพูนผล ตำบลตลาดเหนือ อำเภอเมืองภูเก็ต จังหวัดภูเก็ต 83000 ,7.878376,98.386209,ตลาดเหนือ,เมืองภูเก็ต,ภูเก็ต
89,ท็อปส์ สาขาซอยวัดทุ่งเศรษฐี,910,Tops daily,Convenience Stores,416 ถนนกาญจนาภิเษก แขวงดอกไม้ เขตประเวศ จังหวัดกรุงเทพมหานคร 10250 ,13.667331,100.698112,ดอกไม้,ประเวศ,กรุงเทพมหานคร
90,ท็อปส์ สาขาชิดลม 19,911,Tops daily,Convenience Stores,21/1 ซอยชิดลม 19 แขวงลุมพินี เขตปทุมวัน จังหวัดกรุงเทพมหานคร 10330 ,13.746432,100.544434,ลุมพินี,ปทุมวัน,กรุงเทพมหานคร
91,ท็อปส์ สาขาลาดกระบัง 54 วิลล่า,912,Tops daily,Convenience Stores,55/7 หมู่ที่ 1 ตำบลศีรษะจรเข้น้อย อำเภอบางเสาธง จังหวัดสมุทรปราการ 10540 ,13.712235,100.784524,ศีรษะจรเข้น้อย,บางเสาธง,สมุทรปราการ
92,ท็อปส์ สาขาบางจากราชพฤกษ์ 2,915,Tops daily,Convenience Stores,54/12 หมู่ที่ 2 ตำบลบางพลับ อำเภอปากเกร็ด จังหวัดนนทบุรี 11120 ,13.914667,100.451472,บางพลับ,ปากเกร็ด,นนทบุรี
93,ท็อปส์ สาขาบางจากบางบัวทอง 2,924,Tops daily,Convenience Stores,80/1 หมู่ที่ 9 ตำบลละหาร อำเภอบางบัวทอง จังหวัดนนทบุรี 11110 ,13.956551,100.405235,ละหาร,บางบัวทอง,นนทบุรี
94,ท็อปส์ สาขาบางจากรามอินทรา กม.71,926,Tops daily,Convenience Stores,94 ถนนคู้บอน แขวงรามอินทรา เขตคันนายาว จังหวัดกรุงเทพมหานคร 10230 ,13.844071,100.663905,รามอินทรา,คันนายาว,กรุงเทพมหานคร
95,ท็อปส์ สาขาบางจากศรีนครินทร์,916,Tops daily,Convenience Stores,887/1 หมู่ที่ 5 ตำบลสำโรงเหนือ อำเภอเมืองสมุทรปราการ จังหวัดสมุทรปราการ 10270 ,13.704355,100.646336,สำโรงเหนือ,เมืองสมุทรปราการ,สมุทรปราการ
96,ท็อปส์ สาขาบางจาก เอโอที สุวรรณภูมิ,925,Tops daily,Convenience Stores,190/1 หมู่ที่ 1 ตำบลหนองปรือ อำเภอบางพลี จังหวัดสมุทรปราการ 10540 ,13.707306,100.769556,หนองปรือ,บางพลี,สมุทรปราการ
97,ท็อปส์ สาขาบางจาก พหลโยธิน กม.57 อยุธยา,917,Tops daily,Convenience Stores,123 หมู่ที่ 2 ตำบลลำไทร อำเภอวังน้อย จังหวัดพระนครศรีอยุธยา 13170 ,14.195444,100.646333,ลำไทร,วังน้อย,พระนครศรีอยุธยา
98,ท็อปส์ สาขาบางจาก เอ็มอาร์ที คลองบางไผ่,922,Tops daily,Convenience Stores,67/1 หมู่ที่ 6 ตำบลบางรักพัฒนา อำเภอบางบัวทอง จังหวัดนนทบุรี 11110 ,13.891861,100.40725,บางรักพัฒนา,บางบัวทอง,นนทบุรี
99,ท็อปส์ สาขาบางจาก ร่มเกล้า,927,Tops daily,Convenience Stores,179/8 ถนนร่มเกล้า แขวงคลองสามประเวศ เขตลาดกระบัง จังหวัดกรุงเทพมหานคร 10520 ,13.745444,100.747,คลองสามประเวศ,ลาดกระบัง,กรุงเทพมหานคร
100,ท็อปส์ สาขาบางจาก พระราม2 กม.12,923,Tops daily,Convenience Stores,607/3 ถนนพระรามที่ 2 แขวงแสมดำ เขตบางขุนเทียน จังหวัดกรุงเทพมหานคร 10150 ,13.618278,100.386722,แสมดำ,บางขุนเทียน,กรุงเทพมหานคร
101,ท็อปส์ สาขาบางจาก ปากช่อง,919,Tops daily,Convenience Stores,199/2 หมูที่ 1 ตำบลหนองน้ำแดง อำเภอปากช่อง จังหวัดนครราชสีมา 30130 ,14.651722,101.357389,หนองน้ำแดง,ปากช่อง,นครราชสีมา
102,ท็อปส์ สาขาบางจาก กาญจนาภิเษก บางบอน,921,Tops daily,Convenience Stores,95/4 ถนนกาญจนาภิเษก แขวงบางบอน เขตบางบอน จังหวัดกรุงเทพมหานคร 10150 ,13.671361,100.405444,บางบอน,บางบอน,กรุงเทพมหานคร
103,ท็อปส์ สาขาบางจาก พลังงาน ชลบุรี,920,Tops daily,Convenience Stores,258/1 หมู่ 10 ตำบลบ้านสวน อำเภอเมืองชลบุรี จังหวัดชลบุรี 20000 ,13.362417,101.015889,บ้านสวน,เมืองชลบุรี,ชลบุรี
104,ท็อปส์ สาขาเรสโกติวานนท์,913,Tops daily,Convenience Stores,401/21-27 หมู่ที่ 3 ตำบลบ้านใหม่ อำเภอปากเกร็ด จังหวัดนนทบุรี 11120 ,13.937305,100.539717,บ้านใหม่,ปากเกร็ด,นนทบุรี
105,ท็อปส์ สาขาสาธุประดิษฐ์ 19,914,Tops daily,Convenience Stores,297/453-456 ถนนสาธุประดิษฐ์ แขวงช่องนนทรี เขตยานนาวา จังหวัดกรุงเทพมหานคร 10120 ,13.6999,100.534612,ช่องนนทรี,ยานนาวา,กรุงเทพมหานคร
106,ท็อปส์ สาขาบางจาก เอ็ม ทาวเวอร์,918,Tops daily,Convenience Stores,อาคารเอ็มทาวเวอร์ ชั้น G บางจาก แขวงบางจาก เขตพระโขนง จังหวัดกรุงเทพมหานคร 10260 ,13.694657,100.606072,บางจาก,พระโขนง,กรุงเทพมหานคร
107,ท็อปส์ สาขาเจ้าพระยา วิลล่า,929,Tops daily,Convenience Stores,122/225 หมู่ที่ 5 ตำบลบางกร่าง อำเภอเมืองนนทบุรี จังหวัดนนทบุรี 11000 ,13.843389,100.442083,บางกร่าง,เมืองนนทบุรี,นนทบุรี
108,ท็อปส์ สาขาตลาดต้นสัก,931,Tops daily,Convenience Stores,1 ซอยนนทบุรี 15 ตำบลบางกระสอ อำเภอเมืองนนทบุรี จังหวัดนนทบุรี 11000 ,13.87287544,100.4814723,บางกระสอ,เมืองนนทบุรี,นนทบุรี
109,ท็อปส์ สาขาโรงพยาบาล ธรรมศาสตร์,932,Tops daily,Convenience Stores,95 หมู่ที่ 8 ตำบลคลองหนึ่ง อำเภอคลองหลวง จังหวัดปทุมธานี 12120 ,14.08511537,100.6138197,คลองหนึ่ง,คลองหลวง,ปทุมธานี
110,ท็อปส์ สาขารามอินทรา 34,941,Tops daily,Convenience Stores,138 ซอยรามอินทรา 34 แขวงท่าแร้ง เขตบางเขน จังหวัดกรุงเทพมหานคร 10220 ,13.843995,100.632479,ท่าแร้ง,บางเขน,กรุงเทพมหานคร
111,ท็อปส์ สาขาจอมทอง 16,934,Tops daily,Convenience Stores,"เลขที่ 124/37-39 ,124/53 ถนนจอมทอง แขวงบางค้อ เขตอจอมทอง จังหวัดกรุงเทพมหานคร 10150 ",13.69888538,100.4705645,บางค้อ,จอมทอง,กรุงเทพมหานคร
112,ท็อปส์ สาขาแยกเหม่งจ๋าย,937,Tops daily,Convenience Stores,"เลขที่ 818,820,822 ถนนประชาอุทิศ แขวงสามเสนนอก เขตห้วยขวาง จังหวัดกรุงเทพมหานคร 10310 ",13.76905467,100.5897098,สามเสนนอก,ห้วยขวาง,กรุงเทพมหานคร
113,ท็อปส์ สาขาพัทยาสราญชล 3,939,Tops daily,Convenience Stores,เลขที่ 279/44 หมู่ที่ 5 ตำบลนาเกลือ อำเภอบางละมุง จังหวัดชลบุรี 20150 ,12.96167535,100.8872456,นาเกลือ,บางละมุง,ชลบุรี
114,ท็อปส์ สาขาบุญสัมพันธ์,942,Tops daily,Convenience Stores,"เลขที่ 99/10,99/11,99/12,99/14 หมู่ที่ 5 ตำบลหนองปรือ อำเภอบางละมุง จังหวัดชลบุรี 20150 ",12.92473065,100.9055013,หนองปรือ,บางละมุง,ชลบุรี
115,ท็อปส์ สาขาพัทยาวงศ์อมาตย์,944,Tops daily,Convenience Stores,เลขที่ 157/93-96 หมู่ที่ 5 ตำบลนาเกลือ อำเภอบางละมุง จังหวัดชลบุรี 20150 ,12.95592362,100.8907359,นาเกลือ,บางละมุง,ชลบุรี
116,ท็อปส์ สาขาตลาด ธันยา อ้อมใหญ่,938,Tops daily,Convenience Stores,เลขที่ 33/34 หมู่ที่ 2 ตำบลอ้อมใหญ่ อำเภอสามพราน จังหวัดนครปฐม 73110 ,13.709184,100.268858,อ้อมใหญ่,สามพราน,นครปฐม
117,ท็อปส์ สาขาท่าน้ำศิริราช,930,Tops daily,Convenience Stores,2 ถนนวังหลัง แขวงศิริราช เขตบางกอกน้อย จังหวัดกรุงเทพมหานคร 10700 ,13.756042,100.486227,ศิริราช,บางกอกน้อย,กรุงเทพมหานคร
118,ท็อปส์ สาขาศรีราชา สุขุมวิท ซอย 17,935,Tops daily,Convenience Stores,เลขที่ 95/10-11 ถนนสุขุมวิท ตำบลศรีราชา อำเภอศรีราชา จังหวัดชลบุรี 20110 ,13.1681344,100.9315818,ศรีราชา,ศรีราชา,ชลบุรี
119,ท็อปส์ สาขาหมู่บ้านปิ่นเจริญ 1,936,Tops daily,Convenience Stores,เลขที่ 1669/42 ซอยหมู่บ้านปิ่นเจริญ แขวงสีกัน เขตดอนเมือง จังหวัดกรุงเทพมหานคร 10210 ,13.93177,100.600261,สีกัน,ดอนเมือง,กรุงเทพมหานคร
120,ท็อปส์ สาขาเทพารักษ์ กม.20,943,Tops daily,Convenience Stores,เลขที่ 165/8 หมู่ที่ 1 ตำบลบางเสาธง อำเภอบางเสาธง จังหวัดสมุทรปราการ 10540 ,13.592213,100.771921,บางเสาธง,บางเสาธง,สมุทรปราการ
121,ท็อปส์ สาขาบางจาก บางบัวทอง-สุพรรณ,948,Tops daily,Convenience Stores,เลขที่ 49/3 หมู่ที่ 6 ตำบลละหาร อำเภอบางบัวทอง จังหวัดนนทบุรี 11110 ,13.9645373,100.4004313,ละหาร,บางบัวทอง,นนทบุรี
122,ท็อปส์ สาขาบางจาก บางจาก รามคำแหง 164,928,Tops daily,Convenience Stores,8/3 ถนนรามคำแหง แขวงมีนบุรี เขตมีนบุรี จังหวัดกรุงเทพมหานคร 10510 ,13.694672,100.7091464,มีนบุรี,มีนบุรี,กรุงเทพมหานคร
123,ท็อปส์ สาขาน้อมจิตต์,949,Tops daily,Convenience Stores,3105 ถนนลาดพร้าว แขวงคลองจั่น เขตบางกะปิ จังหวัดกรุงเทพมหานคร 10240 ,13.7684078,100.642916,คลองจั่น,บางกะปิ,กรุงเทพมหานคร
124,ท็อปส์ สาขาเพชรเกษม 55/2,946,Tops daily,Convenience Stores,1469 ถนนเพชรเกษม แขวงหลักสอง เขตบางแค จังหวัดกรุงเทพมหานคร 10160 ,13.7094373,100.3942455,หลักสอง,บางแค,กรุงเทพมหานคร
125,ท็อปส์ สาขากิ่งแก้ว,947,Tops daily,Convenience Stores,59/20-22 หมู่ที่ 1 ถนนกิ่งแก้ว ตำบลราชาเทวะ อำเภอบางพลี จังหวัดสมุทรปราการ 10540 ,13.6352132,100.7100841,ราชาเทวะ,บางพลี,สมุทรปราการ
126,ท็อปส์ สาขาทะเลทอง แหลมฉบัง,950,Tops daily,Convenience Stores,309 หมู่ที่ 9 ตำบลทุ่งสุขลา อำเภอศรีราชา จังหวัดชลบุรี 20230 ,13.089691,100.919449,ทุ่งสุขลา,ศรีราชา,ชลบุรี
127,ท็อปส์ สาขาหมู่บ้านรุ่งนภา,956,Tops daily,Convenience Stores,789/71 หมู่ที่ 9 แขวงลำปลาทิว เขตลาดกระบัง จังหวัดกรุงเทพมหานคร 10520 ,13.757579,100.796645,ลำปลาทิว,ลาดกระบัง,กรุงเทพมหานคร
128,ท็อปส์ สาขาหมู่บ้านพัฒนา 1 ปทุมธานี,957,Tops daily,Convenience Stores,355/1123 หมู่ที่ 15 ตำบลคูคต อำเภอลำลูกกา จังหวัดปทุมธานี 12130 ,13.9586785,100.6157004,คูคต,ลำลูกกา,ปทุมธานี
129,ท็อปส์ สาขาคาลเท็กซ์ แจส คู้บอน,945,Tops daily,Convenience Stores,54/1 ถนนคู้บอน แขวงบางชัน เขตคลองสามวา จังหวัดกรุงเทพมหานคร 10510 ,13.856512,100.680369,บางชัน,คลองสามวา,กรุงเทพมหานคร
130,ท็อปส์ สาขาคาลเท็กซ์สุขุมวิท54,963,Tops daily,Convenience Stores,247/5 หมู่ที่ 11 ตำบลหนองปรือ อำเภอบางละมุง จังหวัดชลบุรี 20150 ,12.90446721,100.8960666,หนองปรือ,บางละมุง,ชลบุรี
131,ท็อปส์ สาขาเจริญผล,959,Tops daily,Convenience Stores,"594/19, 594/20, 594/22 ซอยพญานาค แขวงถนนเพชรบุรี เขตราชเทวี จังหวัดกรุงเทพมหานคร 10400 ",13.75205558,100.5258319,ถนนเพชรบุรี,ราชเทวี,กรุงเทพมหานคร
132,ท็อปส์ สาขาหมู่บ้านฟ้าครามคลอง2,960,Tops daily,Convenience Stores,702 หมู่ที่ 5 ตำบลคูคต อำเภอลำลูกกา จังหวัดปทุมธานี 12130 ,13.95734302,100.6517728,คูคต,ลำลูกกา,ปทุมธานี
133,ท็อปส์ สาขารามคำแหง 60,961,Tops daily,Convenience Stores,7/1 ซอยรามคำแหง 60/2 แขวงหัวหมาก เขตบางกะปิ จังหวัดกรุงเทพมหานคร 10240 ,13.76235207,100.6500605,หัวหมาก,บางกะปิ,กรุงเทพมหานคร
