,name,store_id,name_store,store_type,address,lat,lng,subdistrict,district,province
0,Pure กมลา,41053,Pure Pharmacy,Speciality Store,เลขที่ 78/37 หมู่ 3 ตำบล กมลา อำเภอ กะทู้ จังหวัด ภูเก็ต 83120,7.947628,98.280246,กมลา,กะทู้,ภูเก็ต
1,Pure กระนวน,41165,Pure Pharmacy,Speciality Store,เลขที่ 559 หมู่ 10 ตำบล หนองโก อำเภอ กระนวน จังหวัด ขอนแก่น 40170,16.70144,103.08271,หนองโก,กระนวน,ขอนแก่น
2,Pure กระบี่,41072,Pure Pharmacy,Speciality Store,เลขที่ 349 หมู่ที่ 11 ตำบลกระบี่น้อย อำเภอเมืองกระบี่ จังหวัดกระบี่ 81000,8.10974,98.927249,กระบี่น้อย,เมืองกระบี่,กระบี่
3,Pure กัลปพฤกษ์,41136,Pure Pharmacy,Speciality Store,เลขที่ 25 ถนน กัลปพฤกษ์  แขวง บางบอน  เขตบางบอน จังหวัด กรุงเทพมหานคร 10150,13.688682,100.432274,บางบอน,บางบอน,กรุงเทพมหานคร
4,Pure กาญจนบุรี,41134,Pure Pharmacy,Speciality Store,เลขที่ 786/8 ถนน แสงชูโตเหนือ ตำบล ท่ามะขาม อำเภอ เมืองกาญจนบุรี จังหวัด กาญจนบุรี  71000,14.049537,99.508217,ท่ามะขาม,เมืองกาญจนบุรี,กาญจนบุรี
5,Pure กาฬสินธุ์,41112,Pure Pharmacy,Speciality Store,เลขที่ 101/2-3 ถนน ถีนานนท์ ตำบล กาฬสินธุ์ อำเภอ เมืองกาฬสินธุ์ จังหวัด กาฬสินธุ์ 46000,16.447458,103.52316,กาฬสินธุ์,เมืองกาฬสินธุ์,กาฬสินธุ์
6,Pure กำแพงเพชร,41015,Pure Pharmacy,Speciality Store,เลขที่ 613/1 ถนนเจริญสุข ตำบลในเมือง  อำเภอเมืองกำแพงเพชร จังหวัดกำแพงเพชร 62000,16.475762,99.541282,ในเมือง,เมืองกำแพงเพชร,กำแพงเพชร
7,Pure ขอนแก่น,41009,Pure Pharmacy,Speciality Store,เลขที่ 290/1 หมู่ที่ 17  ตำบลในเมือง  อำเภอเมือง  จังหวัดขอนแก่น  40000,16.42529,102.81919,ในเมือง,เมืองขอนแก่น,ขอนแก่น
8,Pure ขอนแก่น 2,41183,Pure Pharmacy,Speciality Store,เลขที่ 177 หมู่ 9 ตำบล เมืองเก่า อำเภอ เมืองขอนแก่น  จังหวัด ขอนแก่น 40000,16.39094,102.83893,เมืองเก่า,เมืองขอนแก่น,ขอนแก่น
9,Pure คู้บอน,41084,Pure Pharmacy,Speciality Store,เลขที่ 47/1 ถนน คู้บอน แขวง รามอินทรา เขต คันนายาว  จังหวัด กรุงเทพมหานคร 10230,13.84702,100.67659,รามอินทรา,คันนายาว,กรุงเทพมหานคร
10,Pure จันทบุรี,41050,Pure Pharmacy,Speciality Store,เลขที่ 1012 ถนนท่าแฉลบ ตำบล ตลาด อำเภอ เมืองจันทบุรี จังหวัด จันทบุรี 22000,12.5983841552,102.09912154,ตลาด,เมืองจันทบุรี,จันทบุรี
11,Pure ฉะเชิงเทรา,41058,Pure Pharmacy,Speciality Store,เลขที่ 9/1 ถนนฉะเชิงเทรา-บางปะกง ตำบลหน้าเมือง อำเภอเมืองฉะเชิงเทรา จังหวัดฉะเชิงเทรา 24000,13.6974308445,101.0551281536,หน้าเมือง,เมืองฉะเชิงเทรา,ฉะเชิงเทรา
12,Pure ฉะเชิงเทรา 2,41154,Pure Pharmacy,Speciality Store,เลขที่ 28/73  ถนน  ศรีโสธรตัดใหม่  ตำบล  หน้าเมือง อำเภอ  เมืองฉะเชิงเทรา  จังหวัด ฉะเชิงเทรา   24000,13.681932,101.067015,หน้าเมือง,เมืองฉะเชิงเทรา,ฉะเชิงเทรา
13,Pure ชลบุรี,41041,Pure Pharmacy,Speciality Store,เลขที่ 49/1 หมู่ที่ 3 ตำบลห้วยกะปิ อำเภอเมืองชลบุรี จังหวัดชลบุรี 20000,13.3228175,100.9641235,ห้วยกะปิ,เมืองชลบุรี,ชลบุรี
14,Pure ชลบุรี 2,41100,Pure Pharmacy,Speciality Store,เลขที่ 15/17 หมู่ที่ 3 ตำบล  ห้วยกะปิ  อำเภอ เมืองชลบุรี จังหวัด  ชลบุรี    20000,13.3156832,100.9602054,ห้วยกะปิ,เมืองชลบุรี,ชลบุรี
15,Pure ชลบุรี 3 เซ็นทรัล,41097,Pure Pharmacy,Speciality Store,เลขที่ 55/92 หมู่ที่ 1 ตำบล เสม็ด  อำเภอ เมืองชลบุรี  จังหวัด  ชลบุรี 20000,13.338294,100.969986,เสม็ด,เมืองชลบุรี,ชลบุรี
16,Pure ชัยภูมิ,41067,Pure Pharmacy,Speciality Store,เลขที่ 99 หมู่ที่ 1 ตำบลบุ่งคล้า อำเภอเมืองชัยภูมิ จังหวัดชัยภูมิ 36000,15.77759,102.027442,บุ่งคล้า,เมืองชัยภูมิ,ชัยภูมิ
17,Pure ชุมพร,41098,Pure Pharmacy,Speciality Store,เลขที่ 195 หมู่ 3 ตำบลวังไผ่ อำเภอเมืองชุมพร ชุมพร  86000,10.503515695,99.141792333,วังไผ่,เมืองชุมพร,ชุมพร
18,Pure ดอนเมือง,41039,Pure Pharmacy,Speciality Store,เลขที่ 1 ซอยพหลโยธิน 50 ถนนพหลโยธิน แขวงอนุสาวรีย์ เขตบางเขน กรุงเทพฯ 10220,13.8908952,100.6061143,อนุสาวรีย์,บางเขน,กรุงเทพมหานคร
19,Pure ดาวคะนอง,41032,Pure Pharmacy,Speciality Store,เลขที่ 1050 ถนนสมเด็จพระเจ้าตากสิน แขวงดาวคะนอง เขตธนบุรี กรุงเทพฯ 10600,13.6990933225,100.4826302395,ดาวคะนอง,ธนบุรี,กรุงเทพมหานคร
20,Pure ตรัง,41129,Pure Pharmacy,Speciality Store,เลขที่ 102/2 ถนน รัษฎา ตำบล ทับเที่ยง อำเภอ เมืองตรัง จังหวัด ตรัง  92000,7.5454091,99.6148677,ทับเที่ยง,เมืองตรัง,ตรัง
21,Pure ตาก,41110,Pure Pharmacy,Speciality Store,เลขที่ 18/3 ถนนพหลโยธิน ตำบลระแหง อำเภอเมืองตาก จังหวัดตาก 63000,16.867235,99.134476,ระแหง,เมืองตาก,ตาก
22,Pure ติวานนท์,41013,Pure Pharmacy,Speciality Store,เลขที่ 9/9 หมู่ที่ 5 ตำบลตลาดขวัญ อำเภอเมืองนนทบุรี จังหวัดนนทบุรี 11000,13.8445982,100.5111175,ตลาดขวัญ,เมืองนนทบุรี,นนทบุรี
23,Pure ท่าอิฐ,41186,Pure Pharmacy,Speciality Store,เลขที่ 49/12 หมู่ที่ 2 ตำบล ไทรม้า อำเภอ เมืองนนทบุรี จังหวัด นนทบุรี 11000,13.878293,100.461044,ไทรม้า,เมืองนนทบุรี,นนทบุรี
24,Pure นครปฐม,41021,Pure Pharmacy,Speciality Store,เลขที่ 754 ถนนเพชรเกษม  ตำบลห้วยจรเข้  อำเภอเมือง  จังหวัดนครปฐม 73000,13.8123211756,100.0721184975,ห้วยจรเข้,เมืองนครปฐม,นครปฐม
25,Pure นครพนม,41133,Pure Pharmacy,Speciality Store,เลขที่ 9/2 ซอย ร่วมมิตร ถนน นิตโย ตำบล หนองญาติ อำเภอ เมืองนครพนม จังหวัด นครพนม 48000,17.37269,104.74258,หนองญาติ,เมืองนครพนม,นครพนม
26,Pure นครศรีธรรมราช 2,41179,Pure Pharmacy,Speciality Store,เลขที่ 22 หมู่ 5 ตำบล ปากพูน อำเภอ เมืองนครศรีธรรมราช จังหวัด นครศรีธรรมราช 80000,8.45767,99.963481,ปากพูน,เมืองนครศรีธรรมราช,นครศรีธรรมราช
27,Pure นครสวรรค์,41012,Pure Pharmacy,Speciality Store,เลขที่ 320/10 ถนนสวรรค์วิถี ตำบลปากน้ำโพ อำเภอเมือง จังหวัดนครสวรรค์ 60000,15.6952419556,100.1213013077,ปากน้ำโพ,เมืองนครสวรรค์,นครสวรรค์
28,Pure นวนคร,41083,Pure Pharmacy,Speciality Store,เลขที่ 98/196 หมู่ที่ 13 ตำบลคลองหนึ่ง อำเภอคลองหลวง  จังหวัดปทุมธานี 12120,14.1226453,100.6170064,คลองหนึ่ง,คลองหลวง,ปทุมธานี
29,Pure น่าน,41159,Pure Pharmacy,Speciality Store,เลขที่ 708 หมู่ 4 ตำบล ไชยสถาน อำเภอ เมืองน่าน จังหวัด น่าน 55000,18.777582,100.757951,ไชยสถาน,เมืองน่าน,น่าน
30,Pure บางนา,41038,Pure Pharmacy,Speciality Store,เลขที่ 611 ถนนเทพรัตน แขวงบางนาเหนือ เขตบางนา กรุงเทพมหานคร 10260,13.668984,100.635412,บางนาเหนือ,บางนา,กรุงเทพมหานคร
31,Pure บางบอน,41142,Pure Pharmacy,Speciality Store,เลขที่ 371 ถนนเอกชัย แขวง บางบอน  เขต บางบอน  จังหวัด  กรุงเทพฯ  10150,13.67863,100.436334,บางบอน,บางบอน,กรุงเทพมหานคร
32,Pure บางปะกอก,41135,Pure Pharmacy,Speciality Store,เลขที่ 278 หมู่ที่ 1 ถนน สุขสวัสดิ์  แขวง บางปะกอก  เขต ราษฎร์บูรณะ  จังหวัด กรุงเทพฯ  10140,13.683383,100.492616,บางปะกอก,ราษฎร์บูรณะ,กรุงเทพมหานคร
33,Pure บางพลี,41024,Pure Pharmacy,Speciality Store,เลขที่ 89  หมู่ที่ 9 ถนนเทพารักษ์กิโลเมตร 13 ตำบลบางพลีใหญ่  อำเภอบางพลี จังหวัดสมุทรปราการ 10540,13.6022744,100.707454,บางพลีใหญ่,บางพลี,สมุทรปราการ
34,Pure บางใหญ่,41153,Pure Pharmacy,Speciality Store,เลขที่  9/9   หมู่ที่  11   ถนน ตลิ่งชัน - สุพรรณบุรี   ตำบล บางรักพัฒนา  อำเภอ บางบัวทอง จังหวัด  นนทบุรี   11110,13.88528,100.40736,บางรักพัฒนา,บางบัวทอง,นนทบุรี
35,Pure บ้านบึง,41048,Pure Pharmacy,Speciality Store,เลขที่ 181 ถนน บ้านบึง-แกลง ตำบล บ้านบึง อำเภอ บ้านบึง จังหวัด ชลบุรี 20170,13.304751,101.199102,บ้านบึง,บ้านบึง,ชลบุรี
36,Pure บุรีรัมย์,41064,Pure Pharmacy,Speciality Store,เลขที่ 150 หมู่ที่ 7 ตำบลอิสาณ อำเภอเมืองบุรีรัมย์ จังหวัดบุรีรัมย์ 31000,14.9772124,103.0736659,อิสาณ,เมืองบุรีรัมย์,บุรีรัมย์
37,Pure ปทุมธานี,41175,Pure Pharmacy,Speciality Store,เลขที่ 41/10 หมู่ 3 ตำบล บ้านฉาง อำเภอ เมืองปทุมธานี จังหวัด ปทุมธานี 12000,14.004416,100.51907,บ้านฉาง,เมืองปทุมธานี,ปทุมธานี
38,Pure ประชาอุทิศ,41047,Pure Pharmacy,Speciality Store,เลขที่ 523-523/3 ถ.ประชาอุทิศ แขวง ทุ่งครุ  เขต ทุ่งครุ  จังหวัด  กรุงเทพฯ 10140,13.612064,100.511017,ทุ่งครุ,ทุ่งครุ,กรุงเทพมหานคร
39,Pure ปากช่อง,41185,Pure Pharmacy,Speciality Store,เลขที่ 28 ถนน มิตรภาพ ตำบล ปากช่อง อำเภอ ปากช่อง จังหวัด นครราชสีมา 30130,14.6698244,101.3978085,ปากช่อง,ปากช่อง,นครราชสีมา
40,Pure พระราม 2,41006,Pure Pharmacy,Speciality Store,เลขที่ 127 ถนนพระรามที่ 2 แขวงแสมดำ เขตบางขุนเทียน กรุงเทพมหานคร 10150,13.6614041103,100.440911604,แสมดำ,บางขุนเทียน,กรุงเทพมหานคร
41,Pure พระราม 4,41156,Pure Pharmacy,Speciality Store,เลขที่ 2929  ถนน   พระราม 4   แขวง คลองตัน   เขต  คลองเตย   จังหวัด  กรุงเทพฯ 10110,13.7184766523,100.5689198017,คลองตัน,คลองเตย,กรุงเทพมหานคร
42,Pure พังงา,41028,Pure Pharmacy,Speciality Store,"เลขที่ 295,297 ถนนเพชรเกษม ตำบลท้ายช้าง อำเภอเมืองพังงา จังหวัดพังงา 82000",8.4586617,98.5317535,ท้ายช้าง,เมืองพังงา,พังงา
43,Pure พัทยา 1,41088,Pure Pharmacy,Speciality Store,เลขที่ 78/12 หมู่ที่ 9  ถนนพัทยาสาย 2  ตำบลหนองปรือ  อำเภอบางละมุง  จังหวัดชลบุรี  20150,12.94543,100.89104,หนองปรือ,บางละมุง,ชลบุรี
44,Pure พัทยา 1_2,41181,Pure Pharmacy,Speciality Store,เลขที่ 78/12 หมู่ที่ 9  ถนนพัทยาสาย 2  ตำบลหนองปรือ  อำเภอบางละมุง  จังหวัดชลบุรี  20150,12.94558,100.89113,หนองปรือ,บางละมุง,ชลบุรี
45,Pure พัทยา 2,41042,Pure Pharmacy,Speciality Store,เลขที่ 565/41 หมู่ที่ 10 ตำบลหนองปรือ อำเภอบางละมุง จังหวัดชลบุรี 20150,12.9156681,100.8939699,หนองปรือ,บางละมุง,ชลบุรี
46,Pure พัทยา 3,41113,Pure Pharmacy,Speciality Store,เลขที่ 333  หมู่ที่ 9 ถนน พัทยากลาง ตำบล  หนองปรือ อำเภอ บางละมุง จังหวัด ชลบุรี  20150,12.934938,100.894538,หนองปรือ,บางละมุง,ชลบุรี
47,Pure พิบูลมังสาหาร,41060,Pure Pharmacy,Speciality Store,เลขที่ 41/9 ถนน สถิตย์นิมานการ ตำบล พิบูล อำเภอ พิบูลมังสาหาร จังหวัด อุบลราชธานี 34110,15.241193,105.229834,พิบูล,พิบูลมังสาหาร,อุบลราชธานี
48,Pure พิษณุโลก 2015,41011,Pure Pharmacy,Speciality Store,เลขที่ 939 ถนนพิชัยสงคราม ตำบลในเมือง อำเภอเมืองพิษณุโลก จังหวัดพิษณุโลก 65000,16.816136,100.289791,ในเมือง,เมืองพิษณุโลก,พิษณุโลก
49,Pure ภูเก็ต,41025,Pure Pharmacy,Speciality Store,เลขที่ 72 หมู่ที่ 5 ตำบลวิชิต อำเภอเมืองภูเก็ต จังหวัดภูเก็ต 83000,7.895639,98.367195,วิชิต,เมืองภูเก็ต,ภูเก็ต
50,Pure ภูเก็ต 2,41172,Pure Pharmacy,Speciality Store,เลขที่  201  ถนน ราษฎร์อุทิศ 200 ปี  ตำบล  ป่าตอง  อำเภอ  กะทู้  จังหวัด   ภูเก็ต   83150,7.890371,98.299798,ป่าตอง,กะทู้,ภูเก็ต
51,Pure มหาชัย,41014,Pure Pharmacy,Speciality Store,เลขที่ 79 หมู่ที่ 8 ตำบลท่าทราย อำเภอเมืองสมุทรสาคร จังหวัดสมุทรสาคร 74000,13.5652274173,100.2741638293,ท่าทราย,เมืองสมุทรสาคร,สมุทรสาคร
52,Pure มหาชัย2,41188,Pure Pharmacy,Speciality Store,เลขที่ 67/534 หมู่ที่ 4 ตำบล โคกขาม อำเภอ เมืองสมุทรสาคร จังหวัด สมุทรสาคร 74000,13.5593070755,100.2928880206,โคกขาม,เมืองสมุทรสาคร,สมุทรสาคร
53,Pure มหาสารคาม,41066,Pure Pharmacy,Speciality Store,เลขที่ 238/1-3 หมู่ที่ 11 ตำบลเกิ้ง อำเภอเมืองมหาสารคาม จังหวัดมหาสารคาม 44000,16.222258,103.274342,เกิ้ง,เมืองมหาสารคาม,มหาสารคาม
54,Pure มุกดาหาร,41079,Pure Pharmacy,Speciality Store,เลขที่ 77/11 ถนน ชยางกูร ตำบล มุกดาหาร อำเภอ เมืองมุกดาหาร จังหวัด มุกดาหาร 49000,17.500548,101.677819,มุกดาหาร,เมืองมุกดาหาร,มุกดาหาร
55,Pure ยโสธร,41061,Pure Pharmacy,Speciality Store,เลขที่ 323 หมู่ที่ 2 ตำบลสำราญ อำเภอเมืองยโสธร จังหวัดยโสธร 35000,15.82792,104.11479,สำราญ,เมืองยโสธร,ยโสธร
56,Pure ร่มเกล้า,41141,Pure Pharmacy,Speciality Store,"เลขที่ 42,44 ถ.ร่มเกล้า แขวง มีนบุรี เขต มีนบุรี จังหวัด กรุงเทพฯ 10510",13.80907,100.73791,มีนบุรี,มีนบุรี,กรุงเทพมหานคร
57,Pure ร้อยเอ็ด,41092,Pure Pharmacy,Speciality Store,เลขที่ 320 หมู่ 10 ตำบล เหนือเมือง อำเภอ เมืองร้อยเอ็ด จังหวัด ร้อยเอ็ด 45000,16.0760077108,103.6497910992,เหนือเมือง,เมืองร้อยเอ็ด,ร้อยเอ็ด
58,Pure ระนอง,41171,Pure Pharmacy,Speciality Store,เลขที่ 666/1 หมู่ 4 ตำบล บางนอน อำเภอ เมืองระนอง จังหวัด ระนอง 85000,9.976307,98.642784,บางนอน,เมืองระนอง,ระนอง
59,Pure ระยอง,41023,Pure Pharmacy,Speciality Store,เลขที่ 15/11  ถนนบางนา-ตราด  ตำบลเชิงเนิน  อำเภอเมืองระยอง  จังหวัดระยอง  21000,12.6933041,101.2599347,เชิงเนิน,เมืองระยอง,ระยอง
60,Pure รังสิต,41001,Pure Pharmacy,Speciality Store,เลขที่ 94 ถนนพหลโยธิน ตำบลประชาธิปัตย์  อำเภอธัญบุรี  จังหวัดปทุมธานี  12130,13.9904539,100.6186097,ประชาธิปัตย์,ธัญบุรี,ปทุมธานี
61,Pure รังสิต 2,41065,Pure Pharmacy,Speciality Store,เลขที่  70/1  หมู่ 15   ถนน    พหลโยธิน   ตำบล คูคต อำเภอ ลำลูกกา จังหวัด ปทุมธานี 12130,13.958282,100.626768,คูคต,ลำลูกกา,ปทุมธานี
62,Pure รังสิตคลอง 6,41071,Pure Pharmacy,Speciality Store,เลขที่ 158/17 หมู่ที่ 4 ตำบลรังสิต อำเภอธัญบุรี จังหวัดปทุมธานี 12110,14.0264391,100.7433961,รังสิต,ธัญบุรี,ปทุมธานี
63,Pure รัชดาภิเษก,41157,Pure Pharmacy,Speciality Store,เลขที่ 125  ถนน รัชดาภิเษก แขวง ดินแดง  เขต ดินแดง  จังหวัด   กรุงเทพฯ   10400,13.7184766523,100.5689198017,ดินแดง,ดินแดง,กรุงเทพมหานคร
64,Pure รัตนาธิเบศร์ ,41004,Pure Pharmacy,Speciality Store,เลขที่ 6  หมู่ที่ 6  ตำบลเสาธงหิน  อำเภอบางใหญ่  จังหวัดนนทบุรี  11140,13.88009,100.411677,เสาธงหิน,บางใหญ่,นนทบุรี
65,Pure รัตนาธิเบศร์ 2,41102,Pure Pharmacy,Speciality Store,เลขที่ 243 ถนน   รัตนาธิเบศร์   ตำบล บางกระสอ   อำเภอ เมืองนนทบุรี   จังหวัด  นนทบุรี  11000,13.860716,100.503416,บางกระสอ,เมืองนนทบุรี,นนทบุรี
66,Pure ราชดำริ 2,41031,Pure Pharmacy,Speciality Store,เลขที่ 97/11  ถนนราชดำริห์  แขวงลุมพินี  เขตปทุมวัน กรุงเทพฯ 10330,13.747059,100.5411002,ลุมพินี,ปทุมวัน,กรุงเทพมหานคร
67,Pure ราชดำริ 3,41177,Pure Pharmacy,Speciality Store,เลขที่ 97/11  ถนนราชดำริห์  แขวงลุมพินี  เขตปทุมวัน กรุงเทพฯ 10330,13.74706,100.54207,ลุมพินี,ปทุมวัน,กรุงเทพมหานคร
68,Pure ราชบุรี,41034,Pure Pharmacy,Speciality Store,เลขที่ 534 หมู่ที่ 1 ตำบลโคกหม้อ อำเภอเมืองราชบุรี จังหวัดราชบุรี 70000,13.550811,99.823274,โคกหม้อ,เมืองราชบุรี,ราชบุรี
69,Pure รามอินทรา,41139,Pure Pharmacy,Speciality Store,เลขที่ 59  หมู่ที่ 4  แขวง อนุสาวรีย์   เขต บางเขน    จังหวัด  กรุงเทพฯ 10220,13.860979,100.618489,อนุสาวรีย์,บางเขน,กรุงเทพมหานคร
70,Pure ราษฎร์บูรณะ,41059,Pure Pharmacy,Speciality Store,เลขที่ 201  ถนนราษฎร์บูรณะ  แขวงบางปะกอก  เขตราษฎร์บูรณะ กรุงเทพฯ 10140,13.6839269173,100.5000603148,บางปะกอก,ราษฎร์บูรณะ,กรุงเทพมหานคร
71,Pure ลพบุรี,41020,Pure Pharmacy,Speciality Store,เลขที่ 2  หมู่ที่ 1  ตำบลท่าศาลา  อำเภอเมืองลพบุรี  จังหวัดลพบุรี  15000,14.79327,100.67312,ท่าศาลา,เมืองลพบุรี,ลพบุรี
72,Pure ลาดพร้าว,41080,Pure Pharmacy,Speciality Store,เลขที่ 2539 ถนนลาดพร้าว แขวงวังทองหลาง เขตวังทองหลาง กรุงเทพฯ 10310,13.7852077,100.6125794,วังทองหลาง,วังทองหลาง,กรุงเทพมหานคร
73,Pure ลาดพร้าว 2,41119,Pure Pharmacy,Speciality Store,เลขที่ 669  ถนน  ลาดพร้าว  แขวง จอมพล  เขต จตุจักร  จังหวัด กรุงเทพฯ  10900,13.746176,100.548608,จอมพล,จตุจักร,กรุงเทพมหานคร
74,Pure ลำปาง,41018,Pure Pharmacy,Speciality Store,เลขที่ 65 ถนนไฮเวย์ลำปาง-งาว ตำบลสบตุ๋ย  อำเภอเมืองลำปาง  จังหวัดลำปาง  52100,18.276167,99.481729,สบตุ๋ย,เมืองลำปาง,ลำปาง
75,Pure ลำพูน,41069,Pure Pharmacy,Speciality Store,เลขที่ 200 หมู่ที่ 4 ตำบลบ้านกลาง อำเภอเมืองลำพูน จังหวัดลำพูน 51000,18.591505,99.040946,บ้านกลาง,เมืองลำพูน,ลำพูน
76,Pure ลำลูกกา,41040,Pure Pharmacy,Speciality Store,เลขที่ 10 หมู่ที่ 12 ตำบลบึงคำพร้อย อำเภอลำลูกกา จังหวัดปทุมธานี 12150,13.9346035,100.7142237,บึงคำพร้อย,ลำลูกกา,ปทุมธานี
77,Pure วารินชำราบ,41002,Pure Pharmacy,Speciality Store,เลขที่ 322 หมู่ที่ 8 ตำบลแสนสุข อำเภอวารินชำราบ จังหวัดอุบลราชธานี 34190,15.16519,104.85435,แสนสุข,วารินชำราบ,อุบลราชธานี
78,Pure ศรีนครินทร์,41111,Pure Pharmacy,Speciality Store,เลขที่ 425 หมู่ที่  5 ถนน ศรีนครินทร์  ตำบล สำโรงเหนือ อำเภอ เมืองสมุทรปราการ  จังหวัด  สมุทรปราการ  10270,13.649442,100.639862,สำโรงเหนือ,เมืองสมุทรปราการ,สมุทรปราการ
79,Pure ศรีมหาโพธิ,41137,Pure Pharmacy,Speciality Store,เลขที่ 618 หมู่ 7 ตำบล ท่าตูม อำเภอ ศรีมหาโพธิ จังหวัด ปราจีนบุรี  25140,13.903253,101.575641,ท่าตูม,ศรีมหาโพธิ,ปราจีนบุรี
80,Pure ศรีสะเกษ,41062,Pure Pharmacy,Speciality Store,เลขที่ 29/49 หมู่ที่ 11 ตำบลหญ้าปล้อง อำเภอเมืองศรีสะเกษ จังหวัดศรีสะเกษ 33000,15.120344,104.306625,หญ้าปล้อง,เมืองศรีสะเกษ,ศรีสะเกษ
81,Pure สกลนคร,41081,Pure Pharmacy,Speciality Store,เลขที่ 1594/16 ถนนรอบเมือง ตำบลธาตุเชิงชุม อำเภอเมืองสกลนคร จังหวัดสกลนคร 47000,17.15974,104.149642,ธาตุเชิงชุม,เมืองสกลนคร,สกลนคร
82,Pure สตูล,41075,Pure Pharmacy,Speciality Store,เลขที่ 959 หมู่ 7 ตำบล คลองขุด อำเภอ เมืองสตูล จังหวัด สตูล 91000,6.638285,100.070239,คลองขุด,เมืองสตูล,สตูล
83,Pure สมุทรปราการ,41037,Pure Pharmacy,Speciality Store,เลขที่ 498/1 ถนนสุขุมวิท ตำบลปากน้ำ อำเภอเมืองสมุทรปราการ จังหวัดสมุทรปราการ 10270,13.584406,100.607191,ปากน้ำ,เมืองสมุทรปราการ,สมุทรปราการ
84,Pure สมุทรสงคราม,41115,Pure Pharmacy,Speciality Store,เลขที่ 2/19 หมู่ 1 ตำบล บางแก้ว อำเภอ เมืองสมุทรสงคราม จังหวัด สมุทรสงคราม 75000,13.410813,100.019879,บางแก้ว,เมืองสมุทรสงคราม,สมุทรสงคราม
85,Pure สมุย,41106,Pure Pharmacy,Speciality Store,เลขที่ 129/19 หมู่ที่ 1 ตำบลบ่อผุด อำเภอเกาะสมุย จังหวัดสุราษฎร์ธานี 84320,9.545789,100.040318,บ่อผุด,เกาะสมุย,สุราษฎร์ธานี
86,Pure สระบุรี,41019,Pure Pharmacy,Speciality Store,เลขที่ 57/5 ถนนสุดบรรทัด ตำบลปากเพรียว อำเภอเมืองสระบุรี จังหวัดสระบุรี 18000,14.524481,100.9177,ปากเพรียว,เมืองสระบุรี,สระบุรี
87,Pure สระแก้ว,41082,Pure Pharmacy,Speciality Store,เลขที่ 352 ถนนสุวรรณศร ตำบลสระแก้ว อำเภอเมืองสระแก้ว จังหวัดสระแก้ว 27000,13.810675,102.075688,สระแก้ว,เมืองสระแก้ว,สระแก้ว
88,Pure สวนหลวง,41046,Pure Pharmacy,Speciality Store,"เลขที่ 314, 314/1-4, ถนน เฉลิมพระเกียรติ ร.9  ประเวศ, กรุงเทพมหานคร 10250",13.686357,100.6692417,หนองบอน,ประเวศ,กรุงเทพมหานคร
89,Pure สะพานควาย,41016,Pure Pharmacy,Speciality Store,เลขที่ 618/1 ถนนพหลโยธิน แขวงสามเสนใน เขตพญาไท กรุงเทพฯ 10400,13.7915145875,100.5496310265,สามเสนใน,พญาไท,กรุงเทพมหานคร
90,Pure สัตหีบ,41176,Pure Pharmacy,Speciality Store,เลขที่ 88/18 หมู่ 3 ตำบล สัตหีบ อำเภอ สัตหีบ จังหวัด ชลบุรี 20180,12.700524,100.889691,สัตหีบ,สัตหีบ,ชลบุรี
91,Pure สามย่าน มิดทาวน์,41182,Pure Pharmacy,Speciality Store,"เลขที่ 944/1,ห้อง B1U001, ชั้น B1, ถนน พระราม 4 แขวง วังใหม่ เขต ปทุมวัน จังหวัด กรุงเทพมหานคร 10330",13.742508,100.526979,วังใหม่,ปทุมวัน,กรุงเทพมหานคร
92,Pure สายไหม,41108,Pure Pharmacy,Speciality Store,เลขที่ 89-89/3 หมู่ 3 แขวง สายไหม เขต สายไหม จังหวัด กรุงเทพฯ 10220,13.92273,100.666032,สายไหม,สายไหม,กรุงเทพมหานคร
93,Pure สำโรง,41005,Pure Pharmacy,Speciality Store,เลขที่ 999 หมู่ที่ 1 ถนนสุขุมวิท ตำบลสำโรงเหนือ อำเภอเมืองสมุทรปราการ จังหวัดสมุทรปราการ 10270,13.6505891561,100.5958270215,สำโรงเหนือ,เมืองสมุทรปราการ,สมุทรปราการ
94,Pure สำโรง 2,41170,Pure Pharmacy,Speciality Store,เลขที่ 1293 หมู่ที่  4 ตำบล เทพารักษ์ อำเภอ  เมืองสมุทรปราการ  จังหวัด   สมุทรปราการ  10270,13.63864,100.5936,เทพารักษ์,เมืองสมุทรปราการ,สมุทรปราการ
95,Pure สีคิ้ว,41158,Pure Pharmacy,Speciality Store,เลขที่ 307 หมู่ 9 ตำบล สีคิ้ว อำเภอ สีคิ้ว จังหวัด นครราชสีมา 30140,14.883885,101.724932,สีคิ้ว,สีคิ้ว,นครราชสีมา
96,Pure สุขสวัสดิ์,41003,Pure Pharmacy,Speciality Store,เลขที่ 94 หมู่ที่ 18  ตำบลบางพึ่ง อำเภอพระประแดง จังหวัดสมุทรปราการ 10130,13.654218,100.522463,บางพึ่ง,พระประแดง,สมุทรปราการ
97,Pure สุขาภิบาล 3,41103,Pure Pharmacy,Speciality Store,เลขที่ 103 ถนนรามคำแหง แขวงมีนบุรี เขตมีนบุรี กรุงเทพมหานคร 10510,13.82053,100.74104,มีนบุรี,มีนบุรี,กรุงเทพมหานคร
98,Pure สุขาภิบาล 3(2),41138,Pure Pharmacy,Speciality Store,เลขที่  1245  ถนน รามคำแหง    แขวง หัวหมาก  เขต บางกะปิ  จังหวัด กรุงเทพ ฯ 10240,13.746176,100.548608,หัวหมาก,บางกะปิ,กรุงเทพมหานคร
99,Pure สุขาภิบาล 5,41107,Pure Pharmacy,Speciality Store,"เลขที่ 98,98/1-3 ถนน สุขาภิบาล 5 แขวง ออเงิน เขต สายไหม จังหวัด กรุงเทพฯ 10220",13.887863,100.655209,ออเงิน,สายไหม,กรุงเทพมหานคร
100,Pure สุพรรณบุรี,41120,Pure Pharmacy,Speciality Store,เลขที่ 140/20 ถนน มาลัยแมน ตำบล รั้วใหญ่ อำเภอ เมืองสุพรรณบุรี จังหวัด สุพรรณบุรี 72000,14.4764356186,100.1042193174,รั้วใหญ่,เมืองสุพรรณบุรี,สุพรรณบุรี
101,Pure สุราษฎร์ธานี,41036,Pure Pharmacy,Speciality Store,เลขที่ 130 หมู่ที่ 1 ถนนเลี่ยงเมือง  ตำบลบางกุ้ง อำเภอเมือง  จังหวัดสุราษฎร์ธานี  84000,9.1486656682,99.3698778712,บางกุ้ง,เมืองสุราษฎร์ธานี,สุราษฎร์ธานี
102,Pure สุรินทร์,41063,Pure Pharmacy,Speciality Store,เลขที่ 8 ถนนหลักเมือง ตำบลในเมือง อำเภอเมือง จังหวัดสุรินทร์ 32000,14.872794,103.509696,ในเมือง,เมืองสุรินทร์,สุรินทร์
103,Pure สุวินทวงศ์,41085,Pure Pharmacy,Speciality Store,เลขที่ 29  ถนนสุวินทวงศ์  แขวงมีนบุรี  เขตมีนบุรี จังหวัดกรุงเทพมหานคร 10510,13.817306,100.720232,มีนบุรี,มีนบุรี,กรุงเทพมหานคร
104,Pure สุโขทัย,41087,Pure Pharmacy,Speciality Store,เลขที่ 68 หมู่ที่ 2 ตำบลบ้านกล้วย อำเภอเมืองสุโขทัย จังหวัดสุโขทัย 64000,17.01085,99.773401,บ้านกล้วย,เมืองสุโขทัย,สุโขทัย
105,Pure หทัยราษฎร์,41076,Pure Pharmacy,Speciality Store,"458,458/1-2 ถนนเลียบคลองสอง แขวงบางชัน เขตคลองสามวา กรุงเทพฯ 10510",13.86049,100.720801,บางชัน,คลองสามวา,กรุงเทพมหานคร
106,Pure หนามแดง,41187,Pure Pharmacy,Speciality Store,เลขที่ 25/17 หมู่ที่ 2 ตำบล บางแก้ว อำเภอ บางพลี จังหวัด สมุทรปราการ 10540,13.624875,100.642301,บางแก้ว,บางพลี,สมุทรปราการ
107,Pure หล่มสัก,41043,Pure Pharmacy,Speciality Store,เลขที่ 70 ถนนสามัคคีชัย ตำบลหล่มสัก อำเภอหล่มสัก จังหวัดเพชรบูรณ์ 67110,16.77398,101.23406,หล่มสัก,หล่มสัก,เพชรบูรณ์
108,Pure หัวหมาก,41167,Pure Pharmacy,Speciality Store,เลขที่ 177 ถนนรามคำแหง แขวงหัวหมาก เขตบางกะปิ กรุงเทพฯ 10240,13.754292,100.61262,หัวหมาก,บางกะปิ,กรุงเทพมหานคร
109,Pure หัวหิน 1,41096,Pure Pharmacy,Speciality Store,เลขที่ 28/128 ซอย หมู่บ้านเขาน้อย ตำบล หัวหิน อำเภอ หัวหิน จังหวัด ประจวบคีรีขันธ์ 77110,12.5763819283,99.9437762837,หัวหิน,หัวหิน,ประจวบคีรีขันธ์
110,Pure หางดง,41017,Pure Pharmacy,Speciality Store,เลขที่ 433/4-5 หมู่ที่ 7 ตำบลแม่เหียะ อำเภอเมืองเชียงใหม่ จังหวัดเชียงใหม่ 50100,18.7433326,98.9620239,แม่เหียะ,เมืองเชียงใหม่,เชียงใหม่
111,Pure หาดใหญ่,41026,Pure Pharmacy,Speciality Store,เลขที่ 111/19 หมู่ที่ 4 ตำบลคลองแห อำเภอหาดใหญ่ จังหวัดสงขลา 90110,7.038153,100.467325,คลองแห,หาดใหญ่,สงขลา
112,Pure หาดใหญ่ 2,41143,Pure Pharmacy,Speciality Store,เลขที่ 677 ถนน  เพชรเกษม ตำบล  หาดใหญ่ อำเภอ  หาดใหญ่  จังหวัด สงขลา   90110,7.0198297,100.4848405,หาดใหญ่,หาดใหญ่,สงขลา
113,Pure อยุธยา,41070,Pure Pharmacy,Speciality Store,เลขที่ 80 หมู่ที่ 2 ตำบลบ้านกรด อำเภอบางปะอิน จังหวัดพระนครศรีอยุธยา 13160,14.318466,100.611488,บ้านกรด,บางปะอิน,พระนครศรีอยุธยา
114,Pure อ่อนนุช,41146,Pure Pharmacy,Speciality Store,เลขที่ 114 ซอย  สุขุมวิท 77 (อ่อนนุช 1) แขวง  พระโขนงเหนือ  เขต วัฒนา  จังหวัด กรุงเทพฯ  10110,13.709348,100.601843,พระโขนงเหนือ,วัฒนา,กรุงเทพมหานคร
115,Pure อ้อมใหญ่,41022,Pure Pharmacy,Speciality Store,เลขที่ 17/17 หมู่ที่ 8 ตำบลอ้อมใหญ่ อำเภอสามพราน จังหวัดนครปฐม 73160,13.706267,100.281711,อ้อมใหญ่,สามพราน,นครปฐม
116,Pure อ่างทอง,41105,Pure Pharmacy,Speciality Store,เลขที่ 24 ถนน โพธิ์พระยา-ท่าเรือ ตำบล โพสะ อำเภอ เมืองอ่างทอง จังหวัด อ่างทอง 14000,14.5810276,100.4583742,โพสะ,เมืองอ่างทอง,อ่างทอง
117,Pure อำนาจเจริญ,41095,Pure Pharmacy,Speciality Store,เลขที่ 477 หมู่ที่ 7 ตำบลบุ่ง  อำเภอเมืองอำนาจเจริญ จังหวัดอำนาจเจริญ  37000,15.88145,104.6236,บุ่ง,เมืองอำนาจเจริญ,อำนาจเจริญ
118,Pure อิสรภาพ,41145,Pure Pharmacy,Speciality Store,เลขที่ 2  ถนน  อิสรภาพ  แขวง วัดกัลยาณ์  อำเภอ ธนบุรี จังหวัด   กรุงเทพฯ   10600,13.732421,100.492907,วัดกัลยาณ์,ธนบุรี,กรุงเทพมหานคร
119,Pure อุดรธานี,41008,Pure Pharmacy,Speciality Store,เลขที่ 415  หมู่ที่ 3   ตำบลหมากแข้ง  อำเภอเมือง  จังหวัดอุดรธานี  41000,17.38679,102.82408,หนองบัว,เมืองอุดรธานี,อุดรธานี
120,Pure อุบลราชธานี,41027,Pure Pharmacy,Speciality Store,เลขที่ 92 ซอยธรรมวิถี 4  ถนนธรรมวิถี ตำบลในเมือง อำเภอเมืองอุบลราชธานี จังหวัดอุบลราชธานี 34000,15.270982,104.83984,ในเมือง,เมืองอุบลราชธานี,อุบลราชธานี
121,Pure เกตเวย์ บางโพ (บางซื่อ),41178,Pure Pharmacy,Speciality Store,"อาคาร ศูนย์การค้าเกตเวย์ แอท บางซื่อ ห้องเลขที่ G001 ชั้น G
เลขที่ 162/1-2,168/10 ถนน ประชาราษฎร์ 2 แขวง บางซื่อเขต บางซื่อ จังหวัด กรุงเทพมหานคร 10800",13.80596,100.52413,บางซื่อ,บางซื่อ,กรุงเทพมหานคร
122,Pure เกาะพงัน,41109,Pure Pharmacy,Speciality Store,เลขที่ 112/42 หมู่ 1 ตำบล เกาะพะงัน อำเภอ เกาะพะงัน จังหวัด สุราษฎร์ธานี 84280,9.7091076,100.0006744,เกาะพะงัน,เกาะพะงัน,สุราษฎร์ธานี
123,Pure เคหะร่มเกล้า,41074,Pure Pharmacy,Speciality Store,เลขที่ 8/1-3 ถ.เคหะร่มเกล้า แขวงคลองสองต้นนุ่น เขตลาดกระบัง กรุงเทพ 10520,13.765744,100.724496,คลองสองต้นนุ่น,ลาดกระบัง,กรุงเทพมหานคร
124,Pure เชียงราย,41010,Pure Pharmacy,Speciality Store,เลขที่ 184 หมู่ที่ 25  ตำบลรอบเวียง  อำเภอเมือง  จังหวัดเชียงราย  57000,19.8882456,99.837955,รอบเวียง,เมืองเชียงราย,เชียงราย
125,Pure เชียงราย 2,41180,Pure Pharmacy,Speciality Store,เลขที่ 58 หมู่ 17 ตำบล บ้านดู่ อำเภอ เมืองเชียงราย จังหวัด เชียงราย 57100,19.9598556849,99.8548629698,บ้านดู่,เมืองเชียงราย,เชียงราย
126,Pure เชียงใหม่,41030,Pure Pharmacy,Speciality Store,เลขที่ 208  หมู่ที่ 3  ตำบลท่าศาลา  อำเภอเมืองเชียงใหม่  จังหวัดเชียงใหม่ 50000,18.652368,98.565432,ท่าศาลา,เมืองเชียงใหม่,เชียงใหม่
127,Pure เชียงใหม่ 2,41155,Pure Pharmacy,Speciality Store,เลขที่  94  หมู่ 4   ถนน  เชียงใหม่ - ลำปาง ตำบล หนองป่าครั่ง  อำเภอ เมืองเชียงใหม่  จังหวัด  เชียงใหม่ 50000,18.799232481,99.0218235925,หนองป่าครั่ง,เมืองเชียงใหม่,เชียงใหม่
128,Pure เทพกษัตรีย์,41049,Pure Pharmacy,Speciality Store,เลขที่ 888 หมู่ 2 ตำบล รัษฎา อำเภอ เมืองภูเก็ต จังหวัด ภูเก็ต 83000,7.9089533,98.392458,รัษฎา,เมืองภูเก็ต,ภูเก็ต
129,Pure เพชรบุรี,41035,Pure Pharmacy,Speciality Store,เลขที่ 130 หมู่ที่ 1  ตำบลต้นมะม่วง  อำเภอเมืองเพชรบุรี  จังหวัดเพชรบุรี 76000,13.079279,99.947629,ต้นมะม่วง,เมืองเพชรบุรี,เพชรบุรี
130,Pure เพชรบูรณ์,41093,Pure Pharmacy,Speciality Store,เลขที่ 939 หมู่ที่ 2 ตำบลสะเดียง อำเภอเมืองเพชรบูรณ์ จังหวัดเพชรบูรณ์ 67000,16.3989072,101.1391319,สะเดียง,เมืองเพชรบูรณ์,เพชรบูรณ์
131,Pure เพชรเกษม,41166,Pure Pharmacy,Speciality Store,เลขที่ 1759 ถนนเพชรเกษม แขวงหลักสอง เขตบางแค กรุงเทพมหานคร 10160,13.707098,100.381349,หลักสอง,บางแค,กรุงเทพมหานคร
132,Pure เพชรเกษม 2,41144,Pure Pharmacy,Speciality Store,เลขที่ 178 ถนนเพชรเกษม แขวงหนองค้างพลู เขตหนองแขม กรุงเทพมหานคร 10160,13.70901,100.366308,หนองค้างพลู,หนองแขม,กรุงเทพมหานคร
133,Pure เมกะบางนา,41057,Pure Pharmacy,Speciality Store,เลขที่ 39 หมู่ 6 ตำบล บางแก้ว อำเภอ บางพลี จังหวัด สมุทรปราการ 10540,13.6481996199,100.6808008933,บางแก้ว,บางพลี,สมุทรปราการ
134,Pure เลย,41073,Pure Pharmacy,Speciality Store,เลขที่ 114 หมู่ 9 ตำบล นาอาน อำเภอ เมืองเลย จังหวัด เลย 42000,17.500548,101.677819,นาอาน,เมืองเลย,เลย
135,Pure เอกมัย,41126,Pure Pharmacy,Speciality Store,เลขที่ 78 ซอยสุขุมวิท 63 แขวงพระโขนงเหนือ เขตวัฒนา กรุงเทพมหานคร 10110,13.726985,100.585718,พระโขนงเหนือ,วัฒนา,กรุงเทพมหานคร
136,Pure แจ้งวัฒนะ,41033,Pure Pharmacy,Speciality Store,เลขที่ 96  หมู่ที่ 1  แขวงทุ่งสองห้อง  เขตหลักสี่  กรุงเทพฯ  10210,13.893943,100.560183,ทุ่งสองห้อง,หลักสี่,กรุงเทพมหานคร
137,Pure แจ้งวัฒนะ 2,41056,Pure Pharmacy,Speciality Store,เลขที่ 112 หมู่ที่ 5 ถนน   แจ้งวัฒนะ    ตำบล ปากเกร็ด   อำเภอปากเกร็ด    จังหวัด  นนทบุรี 11120,13.905859,100.515016,ปากเกร็ด,ปากเกร็ด,นนทบุรี
138,Pure แพร่,41086,Pure Pharmacy,Speciality Store,เลขที่ 600 หมู่ที่ 9 ตำบลนาจักร อำเภอเมืองแพร่ จังหวัดแพร่ 54000,18.1282182,100.1447284,นาจักร,เมืองแพร่,แพร่
139,Pure แฟชั่นไอซ์แลนด์,41114,Pure Pharmacy,Speciality Store,เลขที่ 593 ถนนรามอินทรา แขวงคันนายาว เขตคันนายาว กรุงเทพฯ 10230,13.82971,100.68368,คันนายาว,คันนายาว,กรุงเทพมหานคร
140,Pure แหลมทอง ระยอง,41029,Pure Pharmacy,Speciality Store,เลขที่ 554 ถนนสุขุมวิท ตำบลเนินพระ อำเภอเมืองระยอง จังหวัดระยอง 21000,12.68619,101.25135,เนินพระ,เมืองระยอง,ระยอง
141,Pure โคราช,41007,Pure Pharmacy,Speciality Store,เลขที่ 118  ถนนมิตรภาพ-หนองคาย  ตำบลในเมือง  อำเภอเมืองนครราชสีมา จังหวัดนครราชสีมา 30000,14.981793,102.09155,ในเมือง,เมืองนครราชสีมา,นครราชสีมา
142,Pure โคราช 2,41174,Pure Pharmacy,Speciality Store,เลขที่ 103 ถนน ปักธงชัย ตำบล ในเมือง อำเภอ เมืองนครราชสีมา จังหวัด นครราชสีมา 30000,14.9492717,102.0556799,ในเมือง,เมืองนครราชสีมา,นครราชสีมา
143,Pure ไทรน้อย,41184,Pure Pharmacy,Speciality Store,เลขที่ 1 หมู่ 6 ตำบล ไทรน้อย อำเภอ ไทรน้อย จังหวัด นนทบุรี 11150,13.986474,100.319661,ไทรน้อย,ไทรน้อย,นนทบุรี
