[{"name": "\u0e0a\u0e38\u0e21\u0e0a\u0e19\u0e17\u0e48\u0e32\u0e2a\u0e2d\u0e07\u0e22\u0e32\u0e07", "store_id": "17933", "address": "\u0e15.\u0e41\u0e21\u0e48\u0e15\u0e49\u0e32\u0e19 \u0e2d.\u0e17\u0e48\u0e32\u0e2a\u0e2d\u0e07\u0e22\u0e32\u0e07 \u0e15\u0e32\u0e01", "lat": 17.22700722, "lng": 98.22768932, "subdistrict": "\u0e41\u0e21\u0e48\u0e15\u0e49\u0e32\u0e19", "district": "\u0e17\u0e48\u0e32\u0e2a\u0e2d\u0e07\u0e22\u0e32\u0e07", "province": "\u0e15\u0e32\u0e01", "postcode": "63150", "renovate": false}, {"name": "\u0e17\u0e48\u0e32\u0e2a\u0e2d\u0e07\u0e22\u0e32\u0e07", "store_id": "09517", "address": "\u0e0b.- \u0e16.- \u0e15.\u0e41\u0e21\u0e48\u0e15\u0e49\u0e32\u0e19 \u0e2d.\u0e17\u0e48\u0e32\u0e2a\u0e2d\u0e07\u0e22\u0e32\u0e07 \u0e15\u0e32\u0e01", "lat": 17.22675228, "lng": 98.22759402, "subdistrict": "\u0e41\u0e21\u0e48\u0e15\u0e49\u0e32\u0e19", "district": "\u0e17\u0e48\u0e32\u0e2a\u0e2d\u0e07\u0e22\u0e32\u0e07", "province": "\u0e15\u0e32\u0e01", "postcode": "63150", "renovate": false}, {"name": "\u0e41\u0e21\u0e48\u0e15\u0e49\u0e32\u0e19", "store_id": "17665", "address": "\u0e15.\u0e41\u0e21\u0e48\u0e15\u0e49\u0e32\u0e19 \u0e2d.\u0e17\u0e48\u0e32\u0e2a\u0e2d\u0e07\u0e22\u0e32\u0e07 \u0e15\u0e32\u0e01", "lat": 17.22706207, "lng": 98.23014062, "subdistrict": "\u0e41\u0e21\u0e48\u0e15\u0e49\u0e32\u0e19", "district": "\u0e17\u0e48\u0e32\u0e2a\u0e2d\u0e07\u0e22\u0e32\u0e07", "province": "\u0e15\u0e32\u0e01", "postcode": "63150", "renovate": false}, {"name": "PTTOR \u0e1a\u0e49\u0e32\u0e19\u0e15\u0e32\u0e01", "store_id": "17019", "address": "\u0e15.\u0e15\u0e32\u0e01\u0e15\u0e01 \u0e2d.\u0e1a\u0e49\u0e32\u0e19\u0e15\u0e32\u0e01 \u0e15\u0e32\u0e01", "lat": 17.03943952, "lng": 99.06008845, "subdistrict": "\u0e15\u0e32\u0e01\u0e15\u0e01", "district": "\u0e1a\u0e49\u0e32\u0e19\u0e15\u0e32\u0e01", "province": "\u0e15\u0e32\u0e01", "postcode": "63120", "renovate": false}, {"name": "\u0e1a\u0e49\u0e32\u0e19\u0e15\u0e32\u0e01\u0e15\u0e30\u0e27\u0e31\u0e19\u0e2d\u0e2d\u0e01", "store_id": "08858", "address": "\u0e15.\u0e15\u0e32\u0e01\u0e2d\u0e2d\u0e01 \u0e2d.\u0e1a\u0e49\u0e32\u0e19\u0e15\u0e32\u0e01 \u0e15\u0e32\u0e01", "lat": 17.04306242, "lng": 99.07014984, "subdistrict": "\u0e15\u0e32\u0e01\u0e2d\u0e2d\u0e01", "district": "\u0e1a\u0e49\u0e32\u0e19\u0e15\u0e32\u0e01", "province": "\u0e15\u0e32\u0e01", "postcode": "63120", "renovate": false}, {"name": "\u0e23\u0e48\u0e21\u0e40\u0e01\u0e25\u0e49\u0e32\u0e2a\u0e2b\u0e21\u0e34\u0e15\u0e23", "store_id": "15866", "address": "\u0e15.\u0e04\u0e35\u0e23\u0e35\u0e23\u0e32\u0e29\u0e0e\u0e23\u0e4c \u0e2d.\u0e1e\u0e1a\u0e1e\u0e23\u0e30 \u0e15\u0e32\u0e01", "lat": 16.47539587, "lng": 98.83632827, "subdistrict": "\u0e04\u0e35\u0e23\u0e35\u0e23\u0e32\u0e29\u0e0e\u0e23\u0e4c", "district": "\u0e1e\u0e1a\u0e1e\u0e23\u0e30", "province": "\u0e15\u0e32\u0e01", "postcode": "63160", "renovate": false}, {"name": "\u0e41\u0e22\u0e01\u0e0b\u0e2d\u0e42\u0e2d", "store_id": "05129", "address": "\u0e15.\u0e0a\u0e48\u0e2d\u0e07\u0e41\u0e04\u0e1a \u0e2d.\u0e1e\u0e1a\u0e1e\u0e23\u0e30 \u0e15\u0e32\u0e01", "lat": 16.50535788, "lng": 98.70217352, "subdistrict": "\u0e0a\u0e48\u0e2d\u0e07\u0e41\u0e04\u0e1a", "district": "\u0e1e\u0e1a\u0e1e\u0e23\u0e30", "province": "\u0e15\u0e32\u0e01", "postcode": "63160", "renovate": false}, {"name": "\u0e0a\u0e38\u0e21\u0e0a\u0e19\u0e1e\u0e1a\u0e1e\u0e23\u0e30", "store_id": "17443", "address": "\u0e15.\u0e1e\u0e1a\u0e1e\u0e23\u0e30 \u0e2d.\u0e1e\u0e1a\u0e1e\u0e23\u0e30 \u0e15\u0e32\u0e01", "lat": 16.40444993, "lng": 98.69121362, "subdistrict": "\u0e1e\u0e1a\u0e1e\u0e23\u0e30", "district": "\u0e1e\u0e1a\u0e1e\u0e23\u0e30", "province": "\u0e15\u0e32\u0e01", "postcode": "63160", "renovate": false}, {"name": "\u0e1e\u0e1a\u0e1e\u0e23\u0e30", "store_id": "09333", "address": "\u0e15.\u0e1e\u0e1a\u0e1e\u0e23\u0e30 \u0e2d.\u0e1e\u0e1a\u0e1e\u0e23\u0e30 \u0e15\u0e32\u0e01", "lat": 16.39008898, "lng": 98.69422234, "subdistrict": "\u0e1e\u0e1a\u0e1e\u0e23\u0e30", "district": "\u0e1e\u0e1a\u0e1e\u0e23\u0e30", "province": "\u0e15\u0e32\u0e01", "postcode": "63160", "renovate": false}, {"name": "\u0e1b\u0e15\u0e17.\u0e40\u0e21\u0e37\u0e2d\u0e07\u0e15\u0e32\u0e01", "store_id": "04232", "address": "\u0e16.\u0e1e\u0e2b\u0e25\u0e42\u0e22\u0e18\u0e34\u0e19 \u0e15.\u0e40\u0e0a\u0e35\u0e22\u0e07\u0e40\u0e07\u0e34\u0e19 \u0e2d.\u0e40\u0e21\u0e37\u0e2d\u0e07\u0e15\u0e32\u0e01 \u0e15\u0e32\u0e01", "lat": 16.86113646, "lng": 99.13477945, "subdistrict": "\u0e40\u0e0a\u0e35\u0e22\u0e07\u0e40\u0e07\u0e34\u0e19", "district": "\u0e40\u0e21\u0e37\u0e2d\u0e07\u0e15\u0e32\u0e01", "province": "\u0e15\u0e32\u0e01", "postcode": "63000", "renovate": false}, {"name": "\u0e23.14 \u0e1e\u0e31\u0e19 1", "store_id": "05235", "address": "\u0e15.\u0e19\u0e49\u0e33\u0e23\u0e36\u0e21 \u0e2d.\u0e40\u0e21\u0e37\u0e2d\u0e07\u0e15\u0e32\u0e01 \u0e15\u0e32\u0e01", "lat": 16.88377649, "lng": 99.15734916, "subdistrict": "\u0e19\u0e49\u0e33\u0e23\u0e36\u0e21", "district": "\u0e40\u0e21\u0e37\u0e2d\u0e07\u0e15\u0e32\u0e01", "province": "\u0e15\u0e32\u0e01", "postcode": "63000", "renovate": false}, {"name": "\u0e2a\u0e31\u0e19\u0e15\u0e34\u0e2a\u0e38\u0e02(\u0e15\u0e32\u0e01)", "store_id": "11673", "address": "\u0e15.\u0e19\u0e49\u0e33\u0e23\u0e36\u0e21 \u0e2d.\u0e40\u0e21\u0e37\u0e2d\u0e07\u0e15\u0e32\u0e01 \u0e15\u0e32\u0e01", "lat": 16.85982547, "lng": 99.14080769, "subdistrict": "\u0e19\u0e49\u0e33\u0e23\u0e36\u0e21", "district": "\u0e40\u0e21\u0e37\u0e2d\u0e07\u0e15\u0e32\u0e01", "province": "\u0e15\u0e32\u0e01", "postcode": "63000", "renovate": false}, {"name": "\u0e2b\u0e19\u0e49\u0e32\u0e2d\u0e19\u0e38\u0e1a\u0e32\u0e25\u0e40\u0e21\u0e37\u0e2d\u0e07\u0e15\u0e32\u0e01", "store_id": "17560", "address": "\u0e15.\u0e19\u0e49\u0e33\u0e23\u0e36\u0e21 \u0e2d.\u0e40\u0e21\u0e37\u0e2d\u0e07\u0e15\u0e32\u0e01 \u0e15\u0e32\u0e01", "lat": 16.87306666, "lng": 99.13475454, "subdistrict": "\u0e19\u0e49\u0e33\u0e23\u0e36\u0e21", "district": "\u0e40\u0e21\u0e37\u0e2d\u0e07\u0e15\u0e32\u0e01", "province": "\u0e15\u0e32\u0e01", "postcode": "63000", "renovate": false}, {"name": "\u0e23\u0e34\u0e21\u0e1b\u0e34\u0e07\u0e15\u0e32\u0e01", "store_id": "17561", "address": "\u0e15.\u0e41\u0e21\u0e48\u0e17\u0e49\u0e2d \u0e2d.\u0e40\u0e21\u0e37\u0e2d\u0e07\u0e15\u0e32\u0e01 \u0e15\u0e32\u0e01", "lat": 16.86167003, "lng": 99.12078394, "subdistrict": "\u0e41\u0e21\u0e48\u0e17\u0e49\u0e2d", "district": "\u0e40\u0e21\u0e37\u0e2d\u0e07\u0e15\u0e32\u0e01", "province": "\u0e15\u0e32\u0e01", "postcode": "63000", "renovate": false}, {"name": "\u0e44\u0e21\u0e49\u0e07\u0e32\u0e21", "store_id": "09419", "address": "\u0e15.\u0e44\u0e21\u0e49\u0e07\u0e32\u0e21 \u0e2d.\u0e40\u0e21\u0e37\u0e2d\u0e07\u0e15\u0e32\u0e01 \u0e15\u0e32\u0e01", "lat": 16.90669647, "lng": 99.12238594, "subdistrict": "\u0e44\u0e21\u0e49\u0e07\u0e32\u0e21", "district": "\u0e40\u0e21\u0e37\u0e2d\u0e07\u0e15\u0e32\u0e01", "province": "\u0e15\u0e32\u0e01", "postcode": "63000", "renovate": false}, {"name": "PTTOR \u0e44\u0e21\u0e49\u0e07\u0e32\u0e21", "store_id": "16594", "address": "\u0e0b.- \u0e16.- \u0e15.\u0e44\u0e21\u0e49\u0e07\u0e32\u0e21 \u0e2d.\u0e40\u0e21\u0e37\u0e2d\u0e07\u0e15\u0e32\u0e01 \u0e15\u0e32\u0e01", "lat": 16.90700957, "lng": 99.12335694, "subdistrict": "\u0e44\u0e21\u0e49\u0e07\u0e32\u0e21", "district": "\u0e40\u0e21\u0e37\u0e2d\u0e07\u0e15\u0e32\u0e01", "province": "\u0e15\u0e32\u0e01", "postcode": "63000", "renovate": false}, {"name": "\u0e15\u0e32\u0e01\u0e1e\u0e34\u0e17\u0e22\u0e32\u0e04\u0e21", "store_id": "05000", "address": "\u0e16.\u0e21\u0e2b\u0e32\u0e14\u0e44\u0e17\u0e22\u0e1a\u0e33\u0e23\u0e38\u0e07 \u0e15.\u0e23\u0e30\u0e41\u0e2b\u0e07 \u0e2d.\u0e40\u0e21\u0e37\u0e2d\u0e07\u0e15\u0e32\u0e01 \u0e15\u0e32\u0e01", "lat": 16.87140121, "lng": 99.1300411, "subdistrict": "\u0e23\u0e30\u0e41\u0e2b\u0e07", "district": "\u0e40\u0e21\u0e37\u0e2d\u0e07\u0e15\u0e32\u0e01", "province": "\u0e15\u0e32\u0e01", "postcode": "63000", "renovate": false}, {"name": "\u0e1e\u0e2b\u0e25\u0e42\u0e22\u0e18\u0e34\u0e19\u0e15\u0e32\u0e01", "store_id": "13714", "address": "\u0e16.\u0e1e\u0e2b\u0e25\u0e42\u0e22\u0e18\u0e34\u0e19 \u0e15.\u0e23\u0e30\u0e41\u0e2b\u0e07 \u0e2d.\u0e40\u0e21\u0e37\u0e2d\u0e07\u0e15\u0e32\u0e01 \u0e15\u0e32\u0e01", "lat": 16.86964953, "lng": 99.13402742, "subdistrict": "\u0e23\u0e30\u0e41\u0e2b\u0e07", "district": "\u0e40\u0e21\u0e37\u0e2d\u0e07\u0e15\u0e32\u0e01", "province": "\u0e15\u0e32\u0e01", "postcode": "63000", "renovate": false}, {"name": "\u0e23\u0e1e.\u0e2a\u0e21\u0e40\u0e14\u0e47\u0e08\u0e1e\u0e23\u0e30\u0e40\u0e08\u0e49\u0e32\u0e15\u0e32\u0e01\u0e2a\u0e34\u0e19\u0e21\u0e2b\u0e32\u0e23\u0e32\u0e0a", "store_id": "16160", "address": "\u0e16.\u0e1e\u0e2b\u0e25\u0e42\u0e22\u0e18\u0e34\u0e19 \u0e15.\u0e23\u0e30\u0e41\u0e2b\u0e07 \u0e2d.\u0e40\u0e21\u0e37\u0e2d\u0e07\u0e15\u0e32\u0e01 \u0e15\u0e32\u0e01", "lat": 16.87224033, "lng": 99.13147784, "subdistrict": "\u0e23\u0e30\u0e41\u0e2b\u0e07", "district": "\u0e40\u0e21\u0e37\u0e2d\u0e07\u0e15\u0e32\u0e01", "province": "\u0e15\u0e32\u0e01", "postcode": "63000", "renovate": false}, {"name": "\u0e23\u0e1e.\u0e2a\u0e21\u0e40\u0e14\u0e47\u0e08\u0e1e\u0e23\u0e30\u0e40\u0e08\u0e49\u0e32\u0e15\u0e32\u0e01\u0e2a\u0e34\u0e19\u0e21\u0e2b\u0e32\u0e23\u0e32\u0e0a(\u0e2d\u0e32\u0e04\u0e32\u0e23\u0e23\u0e27\u0e21\u0e19\u0e49\u0e33\u0e43\u0e08)", "store_id": "16810", "address": "\u0e16.\u0e1e\u0e2b\u0e25\u0e42\u0e22\u0e18\u0e34\u0e19 \u0e15.\u0e23\u0e30\u0e41\u0e2b\u0e07 \u0e2d.\u0e40\u0e21\u0e37\u0e2d\u0e07\u0e15\u0e32\u0e01 \u0e15\u0e32\u0e01", "lat": 16.87267852, "lng": 99.13203523, "subdistrict": "\u0e23\u0e30\u0e41\u0e2b\u0e07", "district": "\u0e40\u0e21\u0e37\u0e2d\u0e07\u0e15\u0e32\u0e01", "province": "\u0e15\u0e32\u0e01", "postcode": "63000", "renovate": false}, {"name": "\u0e27\u0e31\u0e07\u0e1b\u0e23\u0e30\u0e08\u0e1a", "store_id": "17593", "address": "\u0e15.\u0e27\u0e31\u0e07\u0e1b\u0e23\u0e30\u0e08\u0e1a \u0e2d.\u0e40\u0e21\u0e37\u0e2d\u0e07\u0e15\u0e32\u0e01 \u0e15\u0e32\u0e01", "lat": 16.91505131, "lng": 99.33166732, "subdistrict": "\u0e27\u0e31\u0e07\u0e1b\u0e23\u0e30\u0e08\u0e1a", "district": "\u0e40\u0e21\u0e37\u0e2d\u0e07\u0e15\u0e32\u0e01", "province": "\u0e15\u0e32\u0e01", "postcode": "63000", "renovate": false}, {"name": "\u0e1b\u0e15\u0e17.\u0e41\u0e22\u0e01\u0e15\u0e32\u0e01-\u0e41\u0e21\u0e48\u0e2a\u0e2d\u0e14", "store_id": "11732", "address": "\u0e15.\u0e2b\u0e19\u0e2d\u0e07\u0e1a\u0e31\u0e27\u0e43\u0e15\u0e49 \u0e2d.\u0e40\u0e21\u0e37\u0e2d\u0e07\u0e15\u0e32\u0e01 \u0e15\u0e32\u0e01", "lat": 16.82971531, "lng": 99.09412757, "subdistrict": "\u0e2b\u0e19\u0e2d\u0e07\u0e1a\u0e31\u0e27\u0e43\u0e15\u0e49", "district": "\u0e40\u0e21\u0e37\u0e2d\u0e07\u0e15\u0e32\u0e01", "province": "\u0e15\u0e32\u0e01", "postcode": "63000", "renovate": false}, {"name": "PTTOR \u0e2b\u0e19\u0e2d\u0e07\u0e1a\u0e31\u0e27\u0e43\u0e15\u0e49(\u0e15\u0e32\u0e01)", "store_id": "15219", "address": "\u0e15.\u0e2b\u0e19\u0e2d\u0e07\u0e1a\u0e31\u0e27\u0e43\u0e15\u0e49 \u0e2d.\u0e40\u0e21\u0e37\u0e2d\u0e07\u0e15\u0e32\u0e01 \u0e15\u0e32\u0e01", "lat": 16.81822663, "lng": 99.1333198, "subdistrict": "\u0e2b\u0e19\u0e2d\u0e07\u0e1a\u0e31\u0e27\u0e43\u0e15\u0e49", "district": "\u0e40\u0e21\u0e37\u0e2d\u0e07\u0e15\u0e32\u0e01", "province": "\u0e15\u0e32\u0e01", "postcode": "63000", "renovate": false}, {"name": "\u0e08\u0e2d\u0e21\u0e1e\u0e25", "store_id": "01229", "address": "\u0e16.\u0e08\u0e2d\u0e21\u0e1e\u0e25 \u0e15.\u0e2b\u0e19\u0e2d\u0e07\u0e2b\u0e25\u0e27\u0e07 \u0e2d.\u0e40\u0e21\u0e37\u0e2d\u0e07\u0e15\u0e32\u0e01 \u0e15\u0e32\u0e01", "lat": 16.87439913, "lng": 99.12266201, "subdistrict": "\u0e2b\u0e19\u0e2d\u0e07\u0e2b\u0e25\u0e27\u0e07", "district": "\u0e40\u0e21\u0e37\u0e2d\u0e07\u0e15\u0e32\u0e01", "province": "\u0e15\u0e32\u0e01", "postcode": "63000", "renovate": false}, {"name": "\u0e0a\u0e38\u0e21\u0e0a\u0e19\u0e2b\u0e19\u0e2d\u0e07\u0e2b\u0e25\u0e27\u0e07", "store_id": "07172", "address": "\u0e16.\u0e15\u0e32\u0e01\u0e2a\u0e34\u0e19 \u0e15.\u0e2b\u0e19\u0e2d\u0e07\u0e2b\u0e25\u0e27\u0e07 \u0e2d.\u0e40\u0e21\u0e37\u0e2d\u0e07\u0e15\u0e32\u0e01 \u0e15\u0e32\u0e01", "lat": 16.88618426, "lng": 99.11915735, "subdistrict": "\u0e2b\u0e19\u0e2d\u0e07\u0e2b\u0e25\u0e27\u0e07", "district": "\u0e40\u0e21\u0e37\u0e2d\u0e07\u0e15\u0e32\u0e01", "province": "\u0e15\u0e32\u0e01", "postcode": "63000", "renovate": false}, {"name": "\u0e15\u0e25\u0e32\u0e14\u0e08\u0e2d\u0e21\u0e1e\u0e25", "store_id": "07253", "address": "\u0e16.\u0e08\u0e2d\u0e21\u0e1e\u0e25 \u0e15.\u0e2b\u0e19\u0e2d\u0e07\u0e2b\u0e25\u0e27\u0e07 \u0e2d.\u0e40\u0e21\u0e37\u0e2d\u0e07\u0e15\u0e32\u0e01 \u0e15\u0e32\u0e01", "lat": 16.87561811, "lng": 99.12261289, "subdistrict": "\u0e2b\u0e19\u0e2d\u0e07\u0e2b\u0e25\u0e27\u0e07", "district": "\u0e40\u0e21\u0e37\u0e2d\u0e07\u0e15\u0e32\u0e01", "province": "\u0e15\u0e32\u0e01", "postcode": "63000", "renovate": false}, {"name": "\u0e15\u0e25\u0e32\u0e14\u0e40\u0e17\u0e28\u0e1a\u0e32\u0e25\u0e15\u0e32\u0e01", "store_id": "03440", "address": "\u0e15.\u0e2b\u0e19\u0e2d\u0e07\u0e2b\u0e25\u0e27\u0e07 \u0e2d.\u0e40\u0e21\u0e37\u0e2d\u0e07\u0e15\u0e32\u0e01 \u0e15\u0e32\u0e01", "lat": 16.87861113, "lng": 99.12361281, "subdistrict": "\u0e2b\u0e19\u0e2d\u0e07\u0e2b\u0e25\u0e27\u0e07", "district": "\u0e40\u0e21\u0e37\u0e2d\u0e07\u0e15\u0e32\u0e01", "province": "\u0e15\u0e32\u0e01", "postcode": "63000", "renovate": false}, {"name": "\u0e1c\u0e14\u0e38\u0e07\u0e1b\u0e31\u0e0d\u0e0d\u0e32", "store_id": "07254", "address": "\u0e16.\u0e1e\u0e2b\u0e25\u0e42\u0e22\u0e18\u0e34\u0e19 \u0e15.\u0e2b\u0e19\u0e2d\u0e07\u0e2b\u0e25\u0e27\u0e07 \u0e2d.\u0e40\u0e21\u0e37\u0e2d\u0e07\u0e15\u0e32\u0e01 \u0e15\u0e32\u0e01", "lat": 16.88713453, "lng": 99.1273678, "subdistrict": "\u0e2b\u0e19\u0e2d\u0e07\u0e2b\u0e25\u0e27\u0e07", "district": "\u0e40\u0e21\u0e37\u0e2d\u0e07\u0e15\u0e32\u0e01", "province": "\u0e15\u0e32\u0e01", "postcode": "63000", "renovate": false}, {"name": "\u0e40\u0e21\u0e37\u0e2d\u0e07\u0e15\u0e32\u0e01", "store_id": "16409", "address": "\u0e16.\u0e1e\u0e2b\u0e25\u0e42\u0e22\u0e18\u0e34\u0e19 \u0e15.\u0e2b\u0e19\u0e2d\u0e07\u0e2b\u0e25\u0e27\u0e07 \u0e2d.\u0e40\u0e21\u0e37\u0e2d\u0e07\u0e15\u0e32\u0e01 \u0e15\u0e32\u0e01", "lat": 16.88037676, "lng": 99.128227, "subdistrict": "\u0e2b\u0e19\u0e2d\u0e07\u0e2b\u0e25\u0e27\u0e07", "district": "\u0e40\u0e21\u0e37\u0e2d\u0e07\u0e15\u0e32\u0e01", "province": "\u0e15\u0e32\u0e01", "postcode": "63000", "renovate": false}, {"name": "\u0e1e\u0e23\u0e30\u0e18\u0e32\u0e15\u0e38\u0e1c\u0e32\u0e41\u0e14\u0e07", "store_id": "17962", "address": "\u0e15.\u0e1e\u0e23\u0e30\u0e18\u0e32\u0e15\u0e38\u0e1c\u0e32\u0e41\u0e14\u0e07 \u0e2d.\u0e41\u0e21\u0e48\u0e2a\u0e2d\u0e14 \u0e15\u0e32\u0e01", "lat": 16.69233723, "lng": 98.59908453, "subdistrict": "\u0e1e\u0e23\u0e30\u0e18\u0e32\u0e15\u0e38\u0e1c\u0e32\u0e41\u0e14\u0e07", "district": "\u0e41\u0e21\u0e48\u0e2a\u0e2d\u0e14", "province": "\u0e15\u0e32\u0e01", "postcode": "63110", "renovate": false}, {"name": "\u0e2b\u0e31\u0e27\u0e1d\u0e32\u0e22\u0e41\u0e21\u0e48\u0e2a\u0e2d\u0e14", "store_id": "17109", "address": "\u0e15.\u0e1e\u0e23\u0e30\u0e18\u0e32\u0e15\u0e38\u0e1c\u0e32\u0e41\u0e14\u0e07 \u0e2d.\u0e41\u0e21\u0e48\u0e2a\u0e2d\u0e14 \u0e15\u0e32\u0e01", "lat": 16.70846341, "lng": 98.60075344, "subdistrict": "\u0e1e\u0e23\u0e30\u0e18\u0e32\u0e15\u0e38\u0e1c\u0e32\u0e41\u0e14\u0e07", "district": "\u0e41\u0e21\u0e48\u0e2a\u0e2d\u0e14", "province": "\u0e15\u0e32\u0e01", "postcode": "63110", "renovate": false}, {"name": "\u0e41\u0e21\u0e48\u0e08\u0e30\u0e40\u0e23\u0e32", "store_id": "09541", "address": "\u0e15.\u0e41\u0e21\u0e48\u0e08\u0e30\u0e40\u0e23\u0e32 \u0e2d.\u0e41\u0e21\u0e48\u0e23\u0e30\u0e21\u0e32\u0e14 \u0e15\u0e32\u0e01", "lat": 16.95454309, "lng": 98.56978215, "subdistrict": "\u0e41\u0e21\u0e48\u0e08\u0e30\u0e40\u0e23\u0e32", "district": "\u0e41\u0e21\u0e48\u0e23\u0e30\u0e21\u0e32\u0e14", "province": "\u0e15\u0e32\u0e01", "postcode": "63140", "renovate": false}, {"name": "\u0e2b\u0e49\u0e27\u0e22\u0e1a\u0e07(\u0e15\u0e32\u0e01)", "store_id": "18048", "address": "\u0e15.\u0e41\u0e21\u0e48\u0e08\u0e30\u0e40\u0e23\u0e32 \u0e2d.\u0e41\u0e21\u0e48\u0e23\u0e30\u0e21\u0e32\u0e14 \u0e15\u0e32\u0e01", "lat": 16.87556815, "lng": 98.57664119, "subdistrict": "\u0e41\u0e21\u0e48\u0e08\u0e30\u0e40\u0e23\u0e32", "district": "\u0e41\u0e21\u0e48\u0e23\u0e30\u0e21\u0e32\u0e14", "province": "\u0e15\u0e32\u0e01", "postcode": "63140", "renovate": false}, {"name": "\u0e15\u0e25\u0e32\u0e14\u0e41\u0e21\u0e48\u0e23\u0e30\u0e21\u0e32\u0e14", "store_id": "05133", "address": "\u0e0b.- \u0e16.- \u0e15.\u0e41\u0e21\u0e48\u0e23\u0e30\u0e21\u0e32\u0e14 \u0e2d.\u0e41\u0e21\u0e48\u0e23\u0e30\u0e21\u0e32\u0e14 \u0e15\u0e32\u0e01", "lat": 16.98218348, "lng": 98.51839833, "subdistrict": "\u0e41\u0e21\u0e48\u0e23\u0e30\u0e21\u0e32\u0e14", "district": "\u0e41\u0e21\u0e48\u0e23\u0e30\u0e21\u0e32\u0e14", "province": "\u0e15\u0e32\u0e01", "postcode": "63140", "renovate": false}, {"name": "\u0e1b\u0e15\u0e17.\u0e41\u0e21\u0e48\u0e23\u0e30\u0e21\u0e32\u0e14", "store_id": "07044", "address": "\u0e15.\u0e41\u0e21\u0e48\u0e23\u0e30\u0e21\u0e32\u0e14 \u0e2d.\u0e41\u0e21\u0e48\u0e23\u0e30\u0e21\u0e32\u0e14 \u0e15\u0e32\u0e01", "lat": 16.97811362, "lng": 98.52782898, "subdistrict": "\u0e41\u0e21\u0e48\u0e23\u0e30\u0e21\u0e32\u0e14", "district": "\u0e41\u0e21\u0e48\u0e23\u0e30\u0e21\u0e32\u0e14", "province": "\u0e15\u0e32\u0e01", "postcode": "63140", "renovate": false}, {"name": "\u0e14\u0e48\u0e32\u0e19\u0e41\u0e21\u0e48\u0e25\u0e30\u0e40\u0e21\u0e32", "store_id": "18439", "address": "-", "lat": 16.74291067, "lng": 98.81360657, "subdistrict": "\u0e14\u0e48\u0e32\u0e19\u0e41\u0e21\u0e48\u0e25\u0e30\u0e40\u0e21\u0e32", "district": "\u0e41\u0e21\u0e48\u0e2a\u0e2d\u0e14", "province": "\u0e15\u0e32\u0e01", "postcode": "-", "renovate": false}, {"name": "\u0e17\u0e48\u0e32\u0e2d\u0e32\u0e01\u0e32\u0e28\u0e22\u0e32\u0e19\u0e19\u0e32\u0e19\u0e32\u0e0a\u0e32\u0e15\u0e34\u0e41\u0e21\u0e48\u0e2a\u0e2d\u0e14", "store_id": "14790", "address": "\u0e16.\u0e2a\u0e32\u0e22\u0e40\u0e2d\u0e40\u0e0a\u0e35\u0e22 \u0e15.\u0e17\u0e48\u0e32\u0e2a\u0e32\u0e22\u0e25\u0e27\u0e14 \u0e2d.\u0e41\u0e21\u0e48\u0e2a\u0e2d\u0e14 \u0e15\u0e32\u0e01", "lat": 16.70281618, "lng": 98.54521215, "subdistrict": "\u0e17\u0e48\u0e32\u0e2a\u0e32\u0e22\u0e25\u0e27\u0e14", "district": "\u0e41\u0e21\u0e48\u0e2a\u0e2d\u0e14", "province": "\u0e15\u0e32\u0e01", "postcode": "63110", "renovate": false}, {"name": "\u0e1b\u0e15\u0e17.\u0e23\u0e34\u0e21\u0e40\u0e21\u0e22(\u0e41\u0e21\u0e48\u0e2a\u0e2d\u0e14)", "store_id": "07561", "address": "\u0e15.\u0e17\u0e48\u0e32\u0e2a\u0e32\u0e22\u0e25\u0e27\u0e14 \u0e2d.\u0e41\u0e21\u0e48\u0e2a\u0e2d\u0e14 \u0e15\u0e32\u0e01", "lat": 16.70044908, "lng": 98.53687132, "subdistrict": "\u0e17\u0e48\u0e32\u0e2a\u0e32\u0e22\u0e25\u0e27\u0e14", "district": "\u0e41\u0e21\u0e48\u0e2a\u0e2d\u0e14", "province": "\u0e15\u0e32\u0e01", "postcode": "63110", "renovate": false}, {"name": "\u0e23\u0e34\u0e21\u0e40\u0e21\u0e22", "store_id": "13454", "address": "\u0e15.\u0e17\u0e48\u0e32\u0e2a\u0e32\u0e22\u0e25\u0e27\u0e14 \u0e2d.\u0e41\u0e21\u0e48\u0e2a\u0e2d\u0e14 \u0e15\u0e32\u0e01", "lat": 16.69233677, "lng": 98.5206458, "subdistrict": "\u0e17\u0e48\u0e32\u0e2a\u0e32\u0e22\u0e25\u0e27\u0e14", "district": "\u0e41\u0e21\u0e48\u0e2a\u0e2d\u0e14", "province": "\u0e15\u0e32\u0e01", "postcode": "63110", "renovate": false}, {"name": "\u0e27\u0e31\u0e07\u0e15\u0e30\u0e40\u0e04\u0e35\u0e22\u0e19", "store_id": "16708", "address": "\u0e15.\u0e17\u0e48\u0e32\u0e2a\u0e32\u0e22\u0e25\u0e27\u0e14 \u0e2d.\u0e41\u0e21\u0e48\u0e2a\u0e2d\u0e14 \u0e15\u0e32\u0e01", "lat": 16.71183146, "lng": 98.50593447, "subdistrict": "\u0e17\u0e48\u0e32\u0e2a\u0e32\u0e22\u0e25\u0e27\u0e14", "district": "\u0e41\u0e21\u0e48\u0e2a\u0e2d\u0e14", "province": "\u0e15\u0e32\u0e01", "postcode": "63110", "renovate": false}, {"name": "\u0e40\u0e08\u0e14\u0e35\u0e22\u0e4c\u0e42\u0e04\u0e30", "store_id": "13247", "address": "\u0e0b.- \u0e16.- \u0e15.\u0e21\u0e2b\u0e32\u0e27\u0e31\u0e19 \u0e2d.\u0e41\u0e21\u0e48\u0e2a\u0e2d\u0e14 \u0e15\u0e32\u0e01", "lat": 16.5496851, "lng": 98.69975862, "subdistrict": "\u0e21\u0e2b\u0e32\u0e27\u0e31\u0e19", "district": "\u0e41\u0e21\u0e48\u0e2a\u0e2d\u0e14", "province": "\u0e15\u0e32\u0e01", "postcode": "63110", "renovate": false}, {"name": "\u0e1b\u0e15\u0e17.\u0e2b\u0e49\u0e27\u0e22\u0e44\u0e21\u0e49\u0e41\u0e1b\u0e49\u0e19 (\u0e41\u0e21\u0e48\u0e2a\u0e2d\u0e14)", "store_id": "08878", "address": "\u0e15.\u0e21\u0e2b\u0e32\u0e27\u0e31\u0e19 \u0e2d.\u0e41\u0e21\u0e48\u0e2a\u0e2d\u0e14 \u0e15\u0e32\u0e01", "lat": 16.59018305, "lng": 98.62575683, "subdistrict": "\u0e21\u0e2b\u0e32\u0e27\u0e31\u0e19", "district": "\u0e41\u0e21\u0e48\u0e2a\u0e2d\u0e14", "province": "\u0e15\u0e32\u0e01", "postcode": "63110", "renovate": false}, {"name": "\u0e41\u0e21\u0e48\u0e01\u0e37\u0e4a\u0e14\u0e2b\u0e25\u0e27\u0e07", "store_id": "10952", "address": "\u0e0b.- \u0e16.- \u0e15.\u0e41\u0e21\u0e48\u0e01\u0e32\u0e29\u0e32 \u0e2d.\u0e41\u0e21\u0e48\u0e2a\u0e2d\u0e14 \u0e15\u0e32\u0e01", "lat": 16.79713311, "lng": 98.59519915, "subdistrict": "\u0e41\u0e21\u0e48\u0e01\u0e32\u0e29\u0e32", "district": "\u0e41\u0e21\u0e48\u0e2a\u0e2d\u0e14", "province": "\u0e15\u0e32\u0e01", "postcode": "63110", "renovate": false}, {"name": "\u0e41\u0e21\u0e48\u0e01\u0e38", "store_id": "05999", "address": "\u0e0b.- \u0e16.\u0e41\u0e21\u0e48\u0e2a\u0e2d\u0e14-\u0e2d\u0e38\u0e49\u0e21\u0e1c\u0e32\u0e07 \u0e15.\u0e41\u0e21\u0e48\u0e01\u0e38 \u0e2d.\u0e41\u0e21\u0e48\u0e2a\u0e2d\u0e14 \u0e15\u0e32\u0e01", "lat": 16.65325685, "lng": 98.59779981, "subdistrict": "\u0e41\u0e21\u0e48\u0e01\u0e38", "district": "\u0e41\u0e21\u0e48\u0e2a\u0e2d\u0e14", "province": "\u0e15\u0e32\u0e01", "postcode": "63110", "renovate": false}, {"name": "\u0e41\u0e21\u0e48\u0e15\u0e32\u0e27", "store_id": "16636", "address": "\u0e16.\u0e41\u0e21\u0e48\u0e2a\u0e2d\u0e14-\u0e41\u0e21\u0e48\u0e15\u0e32\u0e27 \u0e15.\u0e41\u0e21\u0e48\u0e2a\u0e2d\u0e14 \u0e2d.\u0e41\u0e21\u0e48\u0e2a\u0e2d\u0e14 \u0e15\u0e32\u0e01", "lat": 16.69608046, "lng": 98.57428082, "subdistrict": "\u0e41\u0e21\u0e48\u0e2a\u0e2d\u0e14", "district": "\u0e41\u0e21\u0e48\u0e2a\u0e2d\u0e14", "province": "\u0e15\u0e32\u0e01", "postcode": "63110", "renovate": false}, {"name": "\u0e0a\u0e38\u0e21\u0e0a\u0e19\u0e41\u0e21\u0e48\u0e1b\u0e30", "store_id": "15099", "address": "\u0e0b.- \u0e16.- \u0e15.\u0e41\u0e21\u0e48\u0e1b\u0e30 \u0e2d.\u0e41\u0e21\u0e48\u0e2a\u0e2d\u0e14 \u0e15\u0e32\u0e01", "lat": 16.75401512, "lng": 98.58279826, "subdistrict": "\u0e41\u0e21\u0e48\u0e1b\u0e30", "district": "\u0e41\u0e21\u0e48\u0e2a\u0e2d\u0e14", "province": "\u0e15\u0e32\u0e01", "postcode": "63110", "renovate": false}, {"name": "\u0e41\u0e21\u0e48\u0e1b\u0e30", "store_id": "09785", "address": "\u0e15.\u0e41\u0e21\u0e48\u0e1b\u0e30 \u0e2d.\u0e41\u0e21\u0e48\u0e2a\u0e2d\u0e14 \u0e15\u0e32\u0e01", "lat": 16.75483442, "lng": 98.58320595, "subdistrict": "\u0e41\u0e21\u0e48\u0e1b\u0e30", "district": "\u0e41\u0e21\u0e48\u0e2a\u0e2d\u0e14", "province": "\u0e15\u0e32\u0e01", "postcode": "63110", "renovate": false}, {"name": "\u0e41\u0e21\u0e48\u0e2a\u0e2d\u0e14\u0e2d\u0e34\u0e19\u0e40\u0e15\u0e2d\u0e23\u0e4c", "store_id": "11674", "address": "\u0e0b.- \u0e16.- \u0e15.\u0e41\u0e21\u0e48\u0e1b\u0e30 \u0e2d.\u0e41\u0e21\u0e48\u0e2a\u0e2d\u0e14 \u0e15\u0e32\u0e01", "lat": 16.73427459, "lng": 98.57231795, "subdistrict": "\u0e41\u0e21\u0e48\u0e1b\u0e30", "district": "\u0e41\u0e21\u0e48\u0e2a\u0e2d\u0e14", "province": "\u0e15\u0e32\u0e01", "postcode": "63110", "renovate": false}, {"name": "PTTOR \u0e41\u0e21\u0e48\u0e1b\u0e30", "store_id": "12003", "address": "\u0e0b.- \u0e16.- \u0e15.\u0e41\u0e21\u0e48\u0e1b\u0e30 \u0e2d.\u0e41\u0e21\u0e48\u0e2a\u0e2d\u0e14 \u0e15\u0e32\u0e01", "lat": 16.74227739, "lng": 98.57650311, "subdistrict": "\u0e41\u0e21\u0e48\u0e1b\u0e30", "district": "\u0e41\u0e21\u0e48\u0e2a\u0e2d\u0e14", "province": "\u0e15\u0e32\u0e01", "postcode": "63110", "renovate": false}, {"name": "\u0e0a\u0e38\u0e21\u0e0a\u0e19\u0e1a\u0e49\u0e32\u0e19\u0e40\u0e2b\u0e19\u0e37\u0e2d", "store_id": "05643", "address": "\u0e0b.- \u0e16.\u0e2d\u0e34\u0e19\u0e17\u0e23\u0e04\u0e35\u0e23\u0e35 \u0e15.\u0e41\u0e21\u0e48\u0e2a\u0e2d\u0e14 \u0e2d.\u0e41\u0e21\u0e48\u0e2a\u0e2d\u0e14 \u0e15\u0e32\u0e01", "lat": 16.71823107, "lng": 98.58565891, "subdistrict": "\u0e41\u0e21\u0e48\u0e2a\u0e2d\u0e14", "district": "\u0e41\u0e21\u0e48\u0e2a\u0e2d\u0e14", "province": "\u0e15\u0e32\u0e01", "postcode": "63110", "renovate": false}, {"name": "\u0e15\u0e25\u0e32\u0e14\u0e1e\u0e25\u0e2d\u0e22\u0e41\u0e21\u0e48\u0e2a\u0e2d\u0e14", "store_id": "11435", "address": "\u0e16.\u0e1b\u0e23\u0e30\u0e2a\u0e32\u0e17\u0e27\u0e34\u0e16\u0e35 \u0e15.\u0e41\u0e21\u0e48\u0e2a\u0e2d\u0e14 \u0e2d.\u0e41\u0e21\u0e48\u0e2a\u0e2d\u0e14 \u0e15\u0e32\u0e01", "lat": 16.71492102, "lng": 98.56530861, "subdistrict": "\u0e41\u0e21\u0e48\u0e2a\u0e2d\u0e14", "district": "\u0e41\u0e21\u0e48\u0e2a\u0e2d\u0e14", "province": "\u0e15\u0e32\u0e01", "postcode": "63110", "renovate": false}, {"name": "\u0e15\u0e25\u0e32\u0e14\u0e40\u0e2b\u0e19\u0e37\u0e2d", "store_id": "02812", "address": "\u0e16.\u0e2d\u0e34\u0e19\u0e17\u0e23\u0e04\u0e35\u0e23\u0e35 \u0e15.\u0e41\u0e21\u0e48\u0e2a\u0e2d\u0e14 \u0e2d.\u0e41\u0e21\u0e48\u0e2a\u0e2d\u0e14 \u0e15\u0e32\u0e01", "lat": 16.71767004, "lng": 98.57972482, "subdistrict": "\u0e41\u0e21\u0e48\u0e2a\u0e2d\u0e14", "district": "\u0e41\u0e21\u0e48\u0e2a\u0e2d\u0e14", "province": "\u0e15\u0e32\u0e01", "postcode": "63110", "renovate": false}, {"name": "\u0e15\u0e25\u0e32\u0e14\u0e43\u0e2b\u0e21\u0e48\u0e1e\u0e32\u0e40\u0e08\u0e23\u0e34\u0e0d", "store_id": "06134", "address": "\u0e0b.- \u0e16.\u0e0a\u0e34\u0e14\u0e25\u0e21 \u0e15.\u0e41\u0e21\u0e48\u0e2a\u0e2d\u0e14 \u0e2d.\u0e41\u0e21\u0e48\u0e2a\u0e2d\u0e14 \u0e15\u0e32\u0e01", "lat": 16.71120292, "lng": 98.56863738, "subdistrict": "\u0e41\u0e21\u0e48\u0e2a\u0e2d\u0e14", "district": "\u0e41\u0e21\u0e48\u0e2a\u0e2d\u0e14", "province": "\u0e15\u0e32\u0e01", "postcode": "63110", "renovate": false}, {"name": "\u0e19\u0e04\u0e23\u0e41\u0e21\u0e48\u0e2a\u0e2d\u0e14", "store_id": "13423", "address": "\u0e0b.- \u0e16.\u0e2a\u0e32\u0e22\u0e40\u0e2d\u0e40\u0e0a\u0e35\u0e22 \u0e15.\u0e41\u0e21\u0e48\u0e2a\u0e2d\u0e14 \u0e2d.\u0e41\u0e21\u0e48\u0e2a\u0e2d\u0e14 \u0e15\u0e32\u0e01", "lat": 16.72242266, "lng": 98.57652773, "subdistrict": "\u0e41\u0e21\u0e48\u0e2a\u0e2d\u0e14", "district": "\u0e41\u0e21\u0e48\u0e2a\u0e2d\u0e14", "province": "\u0e15\u0e32\u0e01", "postcode": "63110", "renovate": false}, {"name": "\u0e1a\u0e31\u0e27\u0e04\u0e39\u0e13", "store_id": "18146", "address": "\u0e15.\u0e41\u0e21\u0e48\u0e2a\u0e2d\u0e14 \u0e2d.\u0e41\u0e21\u0e48\u0e2a\u0e2d\u0e14 \u0e15\u0e32\u0e01", "lat": 16.70878566, "lng": 98.56597191, "subdistrict": "\u0e41\u0e21\u0e48\u0e2a\u0e2d\u0e14", "district": "\u0e41\u0e21\u0e48\u0e2a\u0e2d\u0e14", "province": "\u0e15\u0e32\u0e01", "postcode": "63110", "renovate": false}, {"name": "\u0e1b\u0e15\u0e17.\u0e27\u0e07\u0e40\u0e27\u0e35\u0e22\u0e19\u0e41\u0e21\u0e48\u0e2a\u0e2d\u0e14", "store_id": "07308", "address": "\u0e16.\u0e2a\u0e32\u0e22\u0e40\u0e2d\u0e40\u0e0b\u0e35\u0e22 \u0e15.\u0e41\u0e21\u0e48\u0e2a\u0e2d\u0e14 \u0e2d.\u0e41\u0e21\u0e48\u0e2a\u0e2d\u0e14 \u0e15\u0e32\u0e01", "lat": 16.72503766, "lng": 98.59620442, "subdistrict": "\u0e41\u0e21\u0e48\u0e2a\u0e2d\u0e14", "district": "\u0e41\u0e21\u0e48\u0e2a\u0e2d\u0e14", "province": "\u0e15\u0e32\u0e01", "postcode": "63110", "renovate": false}, {"name": "\u0e41\u0e21\u0e48\u0e2a\u0e2d\u0e14\u0e27\u0e34\u0e25\u0e25\u0e48\u0e32", "store_id": "11806", "address": "\u0e0b.- \u0e16.\u0e2d\u0e34\u0e19\u0e17\u0e23\u0e04\u0e35\u0e23\u0e35 \u0e15.\u0e41\u0e21\u0e48\u0e2a\u0e2d\u0e14 \u0e2d.\u0e41\u0e21\u0e48\u0e2a\u0e2d\u0e14 \u0e15\u0e32\u0e01", "lat": 16.71926045, "lng": 98.59149589, "subdistrict": "\u0e41\u0e21\u0e48\u0e2a\u0e2d\u0e14", "district": "\u0e41\u0e21\u0e48\u0e2a\u0e2d\u0e14", "province": "\u0e15\u0e32\u0e01", "postcode": "63110", "renovate": false}, {"name": "\u0e23\u0e1e.\u0e41\u0e21\u0e48\u0e2a\u0e2d\u0e14", "store_id": "10218", "address": "\u0e16.\u0e28\u0e23\u0e35\u0e1e\u0e32\u0e19\u0e34\u0e0a \u0e15.\u0e41\u0e21\u0e48\u0e2a\u0e2d\u0e14 \u0e2d.\u0e41\u0e21\u0e48\u0e2a\u0e2d\u0e14 \u0e15\u0e32\u0e01", "lat": 16.70985338, "lng": 98.57249617, "subdistrict": "\u0e41\u0e21\u0e48\u0e2a\u0e2d\u0e14", "district": "\u0e41\u0e21\u0e48\u0e2a\u0e2d\u0e14", "province": "\u0e15\u0e32\u0e01", "postcode": "63110", "renovate": false}, {"name": "\u0e23\u0e32\u0e29\u0e0e\u0e23\u0e4c\u0e2d\u0e38\u0e17\u0e34\u0e28(\u0e41\u0e21\u0e48\u0e2a\u0e2d\u0e14)", "store_id": "13927", "address": "\u0e15.\u0e41\u0e21\u0e48\u0e2a\u0e2d\u0e14 \u0e2d.\u0e41\u0e21\u0e48\u0e2a\u0e2d\u0e14 \u0e15\u0e32\u0e01", "lat": 16.71178183, "lng": 98.56421695, "subdistrict": "\u0e41\u0e21\u0e48\u0e2a\u0e2d\u0e14", "district": "\u0e41\u0e21\u0e48\u0e2a\u0e2d\u0e14", "province": "\u0e15\u0e32\u0e01", "postcode": "63110", "renovate": false}, {"name": "\u0e2a\u0e31\u0e01\u0e17\u0e2d\u0e07 (\u0e41\u0e21\u0e48\u0e2a\u0e2d\u0e14)", "store_id": "13656", "address": "\u0e0b.- \u0e16.\u0e2a\u0e32\u0e22\u0e40\u0e2d\u0e40\u0e0a\u0e35\u0e22 \u0e15.\u0e41\u0e21\u0e48\u0e2a\u0e2d\u0e14 \u0e2d.\u0e41\u0e21\u0e48\u0e2a\u0e2d\u0e14 \u0e15\u0e32\u0e01", "lat": 16.72095009, "lng": 98.56346057, "subdistrict": "\u0e41\u0e21\u0e48\u0e2a\u0e2d\u0e14", "district": "\u0e41\u0e21\u0e48\u0e2a\u0e2d\u0e14", "province": "\u0e15\u0e32\u0e01", "postcode": "63110", "renovate": false}, {"name": "\u0e2b\u0e19\u0e49\u0e32\u0e44\u0e1b\u0e23\u0e29\u0e13\u0e35\u0e22\u0e4c\u0e41\u0e21\u0e48\u0e2a\u0e2d\u0e14", "store_id": "04647", "address": "\u0e16.\u0e2d\u0e34\u0e19\u0e17\u0e23\u0e04\u0e35\u0e23\u0e35 \u0e15.\u0e41\u0e21\u0e48\u0e2a\u0e2d\u0e14 \u0e2d.\u0e41\u0e21\u0e48\u0e2a\u0e2d\u0e14 \u0e15\u0e32\u0e01", "lat": 16.71601362, "lng": 98.57046664, "subdistrict": "\u0e41\u0e21\u0e48\u0e2a\u0e2d\u0e14", "district": "\u0e41\u0e21\u0e48\u0e2a\u0e2d\u0e14", "province": "\u0e15\u0e32\u0e01", "postcode": "63110", "renovate": false}, {"name": "\u0e2b\u0e19\u0e49\u0e32 \u0e23.\u0e1e. \u0e41\u0e21\u0e48\u0e2a\u0e2d\u0e14", "store_id": "01657", "address": "\u0e16.\u0e28\u0e23\u0e35\u0e1e\u0e32\u0e19\u0e34\u0e0a \u0e15.\u0e41\u0e21\u0e48\u0e2a\u0e2d\u0e14 \u0e2d.\u0e41\u0e21\u0e48\u0e2a\u0e2d\u0e14 \u0e15\u0e32\u0e01", "lat": 16.709347, "lng": 98.571781, "subdistrict": "\u0e41\u0e21\u0e48\u0e2a\u0e2d\u0e14", "district": "\u0e41\u0e21\u0e48\u0e2a\u0e2d\u0e14", "province": "\u0e15\u0e32\u0e01", "postcode": "63110", "renovate": false}, {"name": "\u0e2b\u0e19\u0e49\u0e32\u0e2d\u0e33\u0e40\u0e20\u0e2d\u0e41\u0e21\u0e48\u0e2a\u0e2d\u0e14", "store_id": "10973", "address": "\u0e15.\u0e41\u0e21\u0e48\u0e2a\u0e2d\u0e14 \u0e2d.\u0e41\u0e21\u0e48\u0e2a\u0e2d\u0e14 \u0e15\u0e32\u0e01", "lat": 16.71493053, "lng": 98.57441555, "subdistrict": "\u0e41\u0e21\u0e48\u0e2a\u0e2d\u0e14", "district": "\u0e41\u0e21\u0e48\u0e2a\u0e2d\u0e14", "province": "\u0e15\u0e32\u0e01", "postcode": "63110", "renovate": false}, {"name": "Condo Dream Maesod", "store_id": "13653", "address": "\u0e16.\u0e2a\u0e32\u0e22\u0e40\u0e2d\u0e40\u0e0a\u0e35\u0e22 \u0e15.\u0e41\u0e21\u0e48\u0e2a\u0e2d\u0e14 \u0e2d.\u0e41\u0e21\u0e48\u0e2a\u0e2d\u0e14 \u0e15\u0e32\u0e01", "lat": 16.72167118, "lng": 98.58428849, "subdistrict": "\u0e41\u0e21\u0e48\u0e2a\u0e2d\u0e14", "district": "\u0e41\u0e21\u0e48\u0e2a\u0e2d\u0e14", "province": "\u0e15\u0e32\u0e01", "postcode": "63110", "renovate": false}, {"name": "\u0e0a\u0e38\u0e21\u0e0a\u0e19\u0e27\u0e31\u0e07\u0e40\u0e08\u0e49\u0e32", "store_id": "06216", "address": "\u0e15.\u0e40\u0e0a\u0e35\u0e22\u0e07\u0e17\u0e2d\u0e07 \u0e2d.\u0e01\u0e34\u0e48\u0e07\u0e2d\u0e33\u0e40\u0e20\u0e2d\u0e27\u0e31\u0e07\u0e40\u0e08\u0e49\u0e32 \u0e15\u0e32\u0e01", "lat": 16.6768072, "lng": 99.26682193, "subdistrict": "\u0e40\u0e0a\u0e35\u0e22\u0e07\u0e17\u0e2d\u0e07", "district": "\u0e01\u0e34\u0e48\u0e07\u0e2d\u0e33\u0e40\u0e20\u0e2d\u0e27\u0e31\u0e07\u0e40\u0e08\u0e49\u0e32", "province": "\u0e15\u0e32\u0e01", "postcode": "63180", "renovate": false}, {"name": "\u0e27\u0e31\u0e07\u0e40\u0e08\u0e49\u0e32", "store_id": "07777", "address": "\u0e15.\u0e40\u0e0a\u0e35\u0e22\u0e07\u0e17\u0e2d\u0e07 \u0e2d.\u0e01\u0e34\u0e48\u0e07\u0e2d\u0e33\u0e40\u0e20\u0e2d\u0e27\u0e31\u0e07\u0e40\u0e08\u0e49\u0e32 \u0e15\u0e32\u0e01", "lat": 16.6769535, "lng": 99.26579224, "subdistrict": "\u0e40\u0e0a\u0e35\u0e22\u0e07\u0e17\u0e2d\u0e07", "district": "\u0e01\u0e34\u0e48\u0e07\u0e2d\u0e33\u0e40\u0e20\u0e2d\u0e27\u0e31\u0e07\u0e40\u0e08\u0e49\u0e32", "province": "\u0e15\u0e32\u0e01", "postcode": "63000", "renovate": false}, {"name": "\u0e27\u0e31\u0e07\u0e40\u0e08\u0e49\u0e32\u0e40\u0e0a\u0e35\u0e22\u0e07\u0e17\u0e2d\u0e07", "store_id": "18205", "address": "\u0e15.\u0e40\u0e0a\u0e35\u0e22\u0e07\u0e17\u0e2d\u0e07 \u0e2d.\u0e01\u0e34\u0e48\u0e07\u0e2d\u0e33\u0e40\u0e20\u0e2d\u0e27\u0e31\u0e07\u0e40\u0e08\u0e49\u0e32 \u0e15\u0e32\u0e01", "lat": 16.67730335, "lng": 99.26430248, "subdistrict": "\u0e40\u0e0a\u0e35\u0e22\u0e07\u0e17\u0e2d\u0e07", "district": "\u0e01\u0e34\u0e48\u0e07\u0e2d\u0e33\u0e40\u0e20\u0e2d\u0e27\u0e31\u0e07\u0e40\u0e08\u0e49\u0e32", "province": "\u0e15\u0e32\u0e01", "postcode": "63180", "renovate": false}, {"name": "\u0e19\u0e32\u0e42\u0e1a\u0e2a\u0e16\u0e4c", "store_id": "16517", "address": "\u0e0b.- \u0e16.- \u0e15.\u0e19\u0e32\u0e42\u0e1a\u0e2a\u0e16\u0e4c \u0e2d.\u0e01\u0e34\u0e48\u0e07\u0e2d\u0e33\u0e40\u0e20\u0e2d\u0e27\u0e31\u0e07\u0e40\u0e08\u0e49\u0e32 \u0e15\u0e32\u0e01", "lat": 16.67844888, "lng": 99.14583312, "subdistrict": "\u0e19\u0e32\u0e42\u0e1a\u0e2a\u0e16\u0e4c", "district": "\u0e01\u0e34\u0e48\u0e07\u0e2d\u0e33\u0e40\u0e20\u0e2d\u0e27\u0e31\u0e07\u0e40\u0e08\u0e49\u0e32", "province": "\u0e15\u0e32\u0e01", "postcode": "63180", "renovate": false}, {"name": "PTTOR \u0e27\u0e31\u0e07\u0e40\u0e08\u0e49\u0e32", "store_id": "09966", "address": "\u0e0b.- \u0e16.- \u0e15.\u0e1b\u0e23\u0e30\u0e14\u0e32\u0e07 \u0e2d.\u0e01\u0e34\u0e48\u0e07\u0e2d\u0e33\u0e40\u0e20\u0e2d\u0e27\u0e31\u0e07\u0e40\u0e08\u0e49\u0e32 \u0e15\u0e32\u0e01", "lat": 16.76537045, "lng": 99.19079632, "subdistrict": "\u0e1b\u0e23\u0e30\u0e14\u0e32\u0e07", "district": "\u0e01\u0e34\u0e48\u0e07\u0e2d\u0e33\u0e40\u0e20\u0e2d\u0e27\u0e31\u0e07\u0e40\u0e08\u0e49\u0e32", "province": "\u0e15\u0e32\u0e01", "postcode": "63000", "renovate": false}, {"name": "\u0e1b\u0e15\u0e17.\u0e2a\u0e32\u0e21\u0e40\u0e07\u0e32", "store_id": "12079", "address": "\u0e15.\u0e27\u0e31\u0e07\u0e2b\u0e21\u0e31\u0e19 \u0e2d.\u0e2a\u0e32\u0e21\u0e40\u0e07\u0e32 \u0e15\u0e32\u0e01", "lat": 17.19055996, "lng": 99.13115822, "subdistrict": "\u0e27\u0e31\u0e07\u0e2b\u0e21\u0e31\u0e19", "district": "\u0e2a\u0e32\u0e21\u0e40\u0e07\u0e32", "province": "\u0e15\u0e32\u0e01", "postcode": "63130", "renovate": false}, {"name": "PTTOR \u0e41\u0e22\u0e01\u0e40\u0e02\u0e37\u0e48\u0e2d\u0e19\u0e20\u0e39\u0e21\u0e34\u0e1e\u0e25 (\u0e15\u0e32\u0e01)", "store_id": "06064", "address": "\u0e15.\u0e27\u0e31\u0e07\u0e2b\u0e21\u0e31\u0e19 \u0e2d.\u0e2a\u0e32\u0e21\u0e40\u0e07\u0e32 \u0e15\u0e32\u0e01", "lat": 17.20728892, "lng": 99.12387513, "subdistrict": "\u0e27\u0e31\u0e07\u0e2b\u0e21\u0e31\u0e19", "district": "\u0e2a\u0e32\u0e21\u0e40\u0e07\u0e32", "province": "\u0e15\u0e32\u0e01", "postcode": "63130", "renovate": false}, {"name": "\u0e15\u0e25\u0e32\u0e14\u0e2a\u0e32\u0e21\u0e40\u0e07\u0e32", "store_id": "14408", "address": "\u0e15.\u0e2a\u0e32\u0e21\u0e40\u0e07\u0e32 \u0e2d.\u0e2a\u0e32\u0e21\u0e40\u0e07\u0e32 \u0e15\u0e32\u0e01", "lat": 17.21679573, "lng": 99.05302478, "subdistrict": "\u0e2a\u0e32\u0e21\u0e40\u0e07\u0e32", "district": "\u0e2a\u0e32\u0e21\u0e40\u0e07\u0e32", "province": "\u0e15\u0e32\u0e01", "postcode": "63130", "renovate": false}, {"name": "\u0e2a\u0e32\u0e21\u0e40\u0e07\u0e32 (\u0e17\u0e48\u0e32\u0e1b\u0e38\u0e22)", "store_id": "05521", "address": "\u0e15.\u0e2a\u0e32\u0e21\u0e40\u0e07\u0e32 \u0e2d.\u0e2a\u0e32\u0e21\u0e40\u0e07\u0e32 \u0e15\u0e32\u0e01", "lat": 17.24219777, "lng": 99.02552568, "subdistrict": "\u0e2a\u0e32\u0e21\u0e40\u0e07\u0e32", "district": "\u0e2a\u0e32\u0e21\u0e40\u0e07\u0e32", "province": "\u0e15\u0e32\u0e01", "postcode": "63130", "renovate": false}, {"name": "\u0e2b\u0e19\u0e49\u0e32 \u0e23\u0e1e.\u0e2a\u0e32\u0e21\u0e40\u0e07\u0e32", "store_id": "18129", "address": "\u0e15.\u0e2a\u0e32\u0e21\u0e40\u0e07\u0e32 \u0e2d.\u0e2a\u0e32\u0e21\u0e40\u0e07\u0e32 \u0e15\u0e32\u0e01", "lat": 17.22755791, "lng": 99.04616569, "subdistrict": "\u0e2a\u0e32\u0e21\u0e40\u0e07\u0e32", "district": "\u0e2a\u0e32\u0e21\u0e40\u0e07\u0e32", "province": "\u0e15\u0e32\u0e01", "postcode": "63130", "renovate": false}, {"name": "\u0e41\u0e21\u0e48\u0e01\u0e25\u0e2d\u0e07 (\u0e2d\u0e38\u0e49\u0e21\u0e1c\u0e32\u0e07)", "store_id": "14495", "address": "\u0e15.\u0e41\u0e21\u0e48\u0e01\u0e25\u0e2d\u0e07 \u0e2d.\u0e2d\u0e38\u0e49\u0e21\u0e1c\u0e32\u0e07 \u0e15\u0e32\u0e01", "lat": 16.05098428, "lng": 98.84278715, "subdistrict": "\u0e41\u0e21\u0e48\u0e01\u0e25\u0e2d\u0e07", "district": "\u0e2d\u0e38\u0e49\u0e21\u0e1c\u0e32\u0e07", "province": "\u0e15\u0e32\u0e01", "postcode": "63170", "renovate": false}, {"name": "\u0e2d\u0e38\u0e49\u0e21\u0e1c\u0e32\u0e07", "store_id": "09292", "address": "\u0e0b.- \u0e16.- \u0e15.\u0e2d\u0e38\u0e49\u0e21\u0e1c\u0e32\u0e07 \u0e2d.\u0e2d\u0e38\u0e49\u0e21\u0e1c\u0e32\u0e07 \u0e15\u0e32\u0e01", "lat": 16.0184243, "lng": 98.86293728, "subdistrict": "\u0e2d\u0e38\u0e49\u0e21\u0e1c\u0e32\u0e07", "district": "\u0e2d\u0e38\u0e49\u0e21\u0e1c\u0e32\u0e07", "province": "\u0e15\u0e32\u0e01", "postcode": "63170", "renovate": false}]