[{"name": "\u0e40\u0e0b\u0e01\u0e32", "store_id": "06706", "address": "\u0e16.\u0e42\u0e1e\u0e18\u0e34\u0e4c\u0e28\u0e23\u0e35 \u0e15.\u0e40\u0e0b\u0e01\u0e32 \u0e2d.\u0e40\u0e0b\u0e01\u0e32 \u0e1a\u0e36\u0e07\u0e01\u0e32\u0e2c", "lat": 17.928452, "lng": 103.950414, "subdistrict": "\u0e40\u0e0b\u0e01\u0e32", "district": "\u0e40\u0e0b\u0e01\u0e32", "province": "\u0e1a\u0e36\u0e07\u0e01\u0e32\u0e2c", "postcode": "43150", "renovate": false}, {"name": "\u0e1b\u0e15\u0e17.\u0e40\u0e0b\u0e01\u0e32", "store_id": "05543", "address": "\u0e15.\u0e40\u0e0b\u0e01\u0e32 \u0e2d.\u0e40\u0e0b\u0e01\u0e32 \u0e1a\u0e36\u0e07\u0e01\u0e32\u0e2c", "lat": 17.929633, "lng": 103.961609, "subdistrict": "\u0e40\u0e0b\u0e01\u0e32", "district": "\u0e40\u0e0b\u0e01\u0e32", "province": "\u0e1a\u0e36\u0e07\u0e01\u0e32\u0e2c", "postcode": "38150", "renovate": false}, {"name": "\u0e2b\u0e19\u0e49\u0e32 \u0e23\u0e1e.\u0e40\u0e0b\u0e01\u0e32", "store_id": "14702", "address": "\u0e15.\u0e40\u0e0b\u0e01\u0e32 \u0e2d.\u0e40\u0e0b\u0e01\u0e32 \u0e1a\u0e36\u0e07\u0e01\u0e32\u0e2c", "lat": 17.93930043, "lng": 103.94749121, "subdistrict": "\u0e40\u0e0b\u0e01\u0e32", "district": "\u0e40\u0e0b\u0e01\u0e32", "province": "\u0e1a\u0e36\u0e07\u0e01\u0e32\u0e2c", "postcode": "38150", "renovate": false}, {"name": "\u0e42\u0e0b\u0e48\u0e1e\u0e34\u0e2a\u0e31\u0e22", "store_id": "08067", "address": "\u0e15.\u0e42\u0e0b\u0e48 \u0e2d.\u0e42\u0e0b\u0e48\u0e1e\u0e34\u0e2a\u0e31\u0e22 \u0e1a\u0e36\u0e07\u0e01\u0e32\u0e2c", "lat": 18.07503911, "lng": 103.4481652, "subdistrict": "\u0e42\u0e0b\u0e48", "district": "\u0e42\u0e0b\u0e48\u0e1e\u0e34\u0e2a\u0e31\u0e22", "province": "\u0e1a\u0e36\u0e07\u0e01\u0e32\u0e2c", "postcode": "38170", "renovate": false}, {"name": "\u0e42\u0e0b\u0e48\u0e1e\u0e34\u0e2a\u0e31\u0e22 2", "store_id": "18102", "address": "\u0e15.\u0e42\u0e0b\u0e48 \u0e2d.\u0e42\u0e0b\u0e48\u0e1e\u0e34\u0e2a\u0e31\u0e22 \u0e1a\u0e36\u0e07\u0e01\u0e32\u0e2c", "lat": 18.07947302, "lng": 103.44255567, "subdistrict": "\u0e42\u0e0b\u0e48", "district": "\u0e42\u0e0b\u0e48\u0e1e\u0e34\u0e2a\u0e31\u0e22", "province": "\u0e1a\u0e36\u0e07\u0e01\u0e32\u0e2c", "postcode": "38170", "renovate": false}, {"name": "PTTOR\u0e42\u0e0b\u0e48\u0e1e\u0e34\u0e2a\u0e31\u0e22", "store_id": "14676", "address": "\u0e15.\u0e42\u0e0b\u0e48 \u0e2d.\u0e42\u0e0b\u0e48\u0e1e\u0e34\u0e2a\u0e31\u0e22 \u0e1a\u0e36\u0e07\u0e01\u0e32\u0e2c", "lat": 18.07662511, "lng": 103.45411702, "subdistrict": "\u0e42\u0e0b\u0e48", "district": "\u0e42\u0e0b\u0e48\u0e1e\u0e34\u0e2a\u0e31\u0e22", "province": "\u0e1a\u0e36\u0e07\u0e01\u0e32\u0e2c", "postcode": "38170", "renovate": false}, {"name": "PTTOR \u0e14\u0e07\u0e1a\u0e31\u0e07\u0e40\u0e2b\u0e25\u0e48\u0e32\u0e2b\u0e25\u0e27\u0e07", "store_id": "15764", "address": "\u0e15.\u0e14\u0e07\u0e1a\u0e31\u0e07 \u0e2d.\u0e1a\u0e36\u0e07\u0e42\u0e02\u0e07\u0e42\u0e2b\u0e25\u0e07 \u0e1a\u0e36\u0e07\u0e01\u0e32\u0e2c", "lat": 18.02789374, "lng": 104.14360464, "subdistrict": "\u0e14\u0e07\u0e1a\u0e31\u0e07", "district": "\u0e1a\u0e36\u0e07\u0e42\u0e02\u0e07\u0e42\u0e2b\u0e25\u0e07", "province": "\u0e1a\u0e36\u0e07\u0e01\u0e32\u0e2c", "postcode": "38220", "renovate": false}, {"name": "\u0e1a\u0e36\u0e07\u0e42\u0e02\u0e07\u0e2b\u0e25\u0e07", "store_id": "09701", "address": "\u0e15.\u0e1a\u0e36\u0e07\u0e42\u0e02\u0e07\u0e2b\u0e25\u0e07 \u0e2d.\u0e1a\u0e36\u0e07\u0e42\u0e02\u0e07\u0e42\u0e2b\u0e25\u0e07 \u0e1a\u0e36\u0e07\u0e01\u0e32\u0e2c", "lat": 17.96334347, "lng": 104.04540421, "subdistrict": "\u0e1a\u0e36\u0e07\u0e42\u0e02\u0e07\u0e2b\u0e25\u0e07", "district": "\u0e1a\u0e36\u0e07\u0e42\u0e02\u0e07\u0e42\u0e2b\u0e25\u0e07", "province": "\u0e1a\u0e36\u0e07\u0e01\u0e32\u0e2c", "postcode": "38220", "renovate": false}, {"name": "\u0e1a\u0e36\u0e07\u0e42\u0e02\u0e07\u0e2b\u0e25\u0e07 2(\u0e16\u0e49\u0e33\u0e19\u0e32\u0e04\u0e32)", "store_id": "18249", "address": "\u0e15.\u0e42\u0e1e\u0e18\u0e34\u0e4c\u0e2b\u0e21\u0e32\u0e01\u0e41\u0e02\u0e49\u0e07 \u0e2d.\u0e1a\u0e36\u0e07\u0e42\u0e02\u0e07\u0e42\u0e2b\u0e25\u0e07 \u0e1a\u0e36\u0e07\u0e01\u0e32\u0e2c", "lat": 17.95654849, "lng": 104.05363262, "subdistrict": "\u0e42\u0e1e\u0e18\u0e34\u0e4c\u0e2b\u0e21\u0e32\u0e01\u0e41\u0e02\u0e49\u0e07", "district": "\u0e1a\u0e36\u0e07\u0e42\u0e02\u0e07\u0e42\u0e2b\u0e25\u0e07", "province": "\u0e1a\u0e36\u0e07\u0e01\u0e32\u0e2c", "postcode": "38220", "renovate": false}, {"name": "\u0e1a\u0e38\u0e48\u0e07\u0e04\u0e25\u0e49\u0e32", "store_id": "10258", "address": "\u0e15.\u0e1a\u0e38\u0e48\u0e07\u0e04\u0e25\u0e49\u0e32 \u0e2d.\u0e1a\u0e38\u0e48\u0e07\u0e04\u0e25\u0e49\u0e32 \u0e1a\u0e36\u0e07\u0e01\u0e32\u0e2c", "lat": 18.29415681, "lng": 103.99561988, "subdistrict": "\u0e1a\u0e38\u0e48\u0e07\u0e04\u0e25\u0e49\u0e32", "district": "\u0e1a\u0e38\u0e48\u0e07\u0e04\u0e25\u0e49\u0e32", "province": "\u0e1a\u0e36\u0e07\u0e01\u0e32\u0e2c", "postcode": "38000", "renovate": false}, {"name": "\u0e1b\u0e15\u0e17.\u0e1b\u0e32\u0e01\u0e04\u0e32\u0e14", "store_id": "04482", "address": "\u0e15.\u0e42\u0e19\u0e19\u0e28\u0e34\u0e25\u0e32 \u0e2d.\u0e1b\u0e32\u0e01\u0e04\u0e32\u0e14 \u0e1a\u0e36\u0e07\u0e01\u0e32\u0e2c", "lat": 18.29821415, "lng": 103.30129809, "subdistrict": "\u0e42\u0e19\u0e19\u0e28\u0e34\u0e25\u0e32", "district": "\u0e1b\u0e32\u0e01\u0e04\u0e32\u0e14", "province": "\u0e1a\u0e36\u0e07\u0e01\u0e32\u0e2c", "postcode": "43190", "renovate": false}, {"name": "\u0e1b\u0e32\u0e01\u0e04\u0e32\u0e14", "store_id": "09019", "address": "\u0e15.\u0e1b\u0e32\u0e01\u0e04\u0e32\u0e14 \u0e2d.\u0e1b\u0e32\u0e01\u0e04\u0e32\u0e14 \u0e1a\u0e36\u0e07\u0e01\u0e32\u0e2c", "lat": 18.30558625, "lng": 103.3043733, "subdistrict": "\u0e1b\u0e32\u0e01\u0e04\u0e32\u0e14", "district": "\u0e1b\u0e32\u0e01\u0e04\u0e32\u0e14", "province": "\u0e1a\u0e36\u0e07\u0e01\u0e32\u0e2c", "postcode": "43190", "renovate": false}, {"name": "\u0e1e\u0e23\u0e40\u0e08\u0e23\u0e34\u0e0d", "store_id": "08909", "address": "\u0e15.\u0e1e\u0e23\u0e40\u0e08\u0e23\u0e34\u0e0d \u0e2d.\u0e1e\u0e23\u0e40\u0e08\u0e23\u0e34\u0e0d \u0e1a\u0e36\u0e07\u0e01\u0e32\u0e2c", "lat": 18.02355693, "lng": 103.70540435, "subdistrict": "\u0e1e\u0e23\u0e40\u0e08\u0e23\u0e34\u0e0d", "district": "\u0e1e\u0e23\u0e40\u0e08\u0e23\u0e34\u0e0d", "province": "\u0e1a\u0e36\u0e07\u0e01\u0e32\u0e2c", "postcode": "38180", "renovate": false}, {"name": "PTTOR  \u0e1e\u0e23\u0e40\u0e08\u0e23\u0e34\u0e0d", "store_id": "14497", "address": "\u0e15.\u0e1e\u0e23\u0e40\u0e08\u0e23\u0e34\u0e0d \u0e2d.\u0e1e\u0e23\u0e40\u0e08\u0e23\u0e34\u0e0d \u0e1a\u0e36\u0e07\u0e01\u0e32\u0e2c", "lat": 18.031476, "lng": 103.7069299, "subdistrict": "\u0e1e\u0e23\u0e40\u0e08\u0e23\u0e34\u0e0d", "district": "\u0e1e\u0e23\u0e40\u0e08\u0e23\u0e34\u0e0d", "province": "\u0e1a\u0e36\u0e07\u0e01\u0e32\u0e2c", "postcode": "38180", "renovate": false}, {"name": "\u0e42\u0e19\u0e19\u0e2a\u0e21\u0e1a\u0e39\u0e23\u0e13\u0e4c(\u0e1a\u0e36\u0e07\u0e01\u0e32\u0e2c)", "store_id": "10714", "address": "\u0e15.\u0e42\u0e19\u0e19\u0e2a\u0e21\u0e1a\u0e39\u0e23\u0e13\u0e4c \u0e2d.\u0e40\u0e21\u0e37\u0e2d\u0e07\u0e1a\u0e36\u0e07\u0e01\u0e32\u0e2c \u0e1a\u0e36\u0e07\u0e01\u0e32\u0e2c", "lat": 18.29875976, "lng": 103.6553671, "subdistrict": "\u0e42\u0e19\u0e19\u0e2a\u0e21\u0e1a\u0e39\u0e23\u0e13\u0e4c", "district": "\u0e40\u0e21\u0e37\u0e2d\u0e07\u0e1a\u0e36\u0e07\u0e01\u0e32\u0e2c", "province": "\u0e1a\u0e36\u0e07\u0e01\u0e32\u0e2c", "postcode": "38000", "renovate": false}, {"name": "\u0e1a\u0e36\u0e07\u0e01\u0e32\u0e2c", "store_id": "01398", "address": "\u0e16.\u0e1a\u0e33\u0e23\u0e38\u0e07\u0e23\u0e32\u0e29\u0e0e\u0e23\u0e4c \u0e15.\u0e1a\u0e36\u0e07\u0e01\u0e32\u0e2c \u0e2d.\u0e40\u0e21\u0e37\u0e2d\u0e07\u0e1a\u0e36\u0e07\u0e01\u0e32\u0e2c \u0e1a\u0e36\u0e07\u0e01\u0e32\u0e2c", "lat": 18.364997, "lng": 103.652906, "subdistrict": "\u0e1a\u0e36\u0e07\u0e01\u0e32\u0e2c", "district": "\u0e40\u0e21\u0e37\u0e2d\u0e07\u0e1a\u0e36\u0e07\u0e01\u0e32\u0e2c", "province": "\u0e1a\u0e36\u0e07\u0e01\u0e32\u0e2c", "postcode": "43000", "renovate": false}, {"name": "\u0e1a\u0e36\u0e07\u0e01\u0e32\u0e2c 2", "store_id": "09543", "address": "\u0e15.\u0e27\u0e34\u0e28\u0e34\u0e29\u0e10\u0e4c \u0e2d.\u0e40\u0e21\u0e37\u0e2d\u0e07\u0e1a\u0e36\u0e07\u0e01\u0e32\u0e2c \u0e1a\u0e36\u0e07\u0e01\u0e32\u0e2c", "lat": 18.36495036, "lng": 103.64987398, "subdistrict": "\u0e27\u0e34\u0e28\u0e34\u0e29\u0e10\u0e4c", "district": "\u0e40\u0e21\u0e37\u0e2d\u0e07\u0e1a\u0e36\u0e07\u0e01\u0e32\u0e2c", "province": "\u0e1a\u0e36\u0e07\u0e01\u0e32\u0e2c", "postcode": "38000", "renovate": false}, {"name": "\u0e1a\u0e36\u0e07\u0e01\u0e32\u0e2c3", "store_id": "14923", "address": "\u0e16.\u0e0a\u0e22\u0e32\u0e07\u0e01\u0e39\u0e25 \u0e15.\u0e1a\u0e36\u0e07\u0e01\u0e32\u0e2c \u0e2d.\u0e40\u0e21\u0e37\u0e2d\u0e07\u0e1a\u0e36\u0e07\u0e01\u0e32\u0e2c \u0e1a\u0e36\u0e07\u0e01\u0e32\u0e2c", "lat": 18.35651957, "lng": 103.6522984, "subdistrict": "\u0e1a\u0e36\u0e07\u0e01\u0e32\u0e2c", "district": "\u0e40\u0e21\u0e37\u0e2d\u0e07\u0e1a\u0e36\u0e07\u0e01\u0e32\u0e2c", "province": "\u0e1a\u0e36\u0e07\u0e01\u0e32\u0e2c", "postcode": "38000", "renovate": false}, {"name": "\u0e1b\u0e15\u0e17.\u0e1a\u0e36\u0e07\u0e01\u0e32\u0e2c", "store_id": "03983", "address": "\u0e15.\u0e27\u0e34\u0e28\u0e34\u0e29\u0e10\u0e4c \u0e2d.\u0e40\u0e21\u0e37\u0e2d\u0e07\u0e1a\u0e36\u0e07\u0e01\u0e32\u0e2c \u0e1a\u0e36\u0e07\u0e01\u0e32\u0e2c", "lat": 18.36208871, "lng": 103.64594139, "subdistrict": "\u0e27\u0e34\u0e28\u0e34\u0e29\u0e10\u0e4c", "district": "\u0e40\u0e21\u0e37\u0e2d\u0e07\u0e1a\u0e36\u0e07\u0e01\u0e32\u0e2c", "province": "\u0e1a\u0e36\u0e07\u0e01\u0e32\u0e2c", "postcode": "43140", "renovate": false}, {"name": "\u0e23.\u0e1e.\u0e1a\u0e36\u0e07\u0e01\u0e32\u0e2c", "store_id": "08997", "address": "\u0e15.\u0e1a\u0e36\u0e07\u0e01\u0e32\u0e2c \u0e2d.\u0e40\u0e21\u0e37\u0e2d\u0e07\u0e1a\u0e36\u0e07\u0e01\u0e32\u0e2c \u0e1a\u0e36\u0e07\u0e01\u0e32\u0e2c", "lat": 18.36262275, "lng": 103.65296132, "subdistrict": "\u0e1a\u0e36\u0e07\u0e01\u0e32\u0e2c", "district": "\u0e40\u0e21\u0e37\u0e2d\u0e07\u0e1a\u0e36\u0e07\u0e01\u0e32\u0e2c", "province": "\u0e1a\u0e36\u0e07\u0e01\u0e32\u0e2c", "postcode": "43140", "renovate": false}, {"name": "\u0e28\u0e23\u0e35\u0e27\u0e34\u0e44\u0e25", "store_id": "09363", "address": "\u0e15.\u0e28\u0e23\u0e35\u0e27\u0e34\u0e44\u0e25 \u0e2d.\u0e28\u0e23\u0e35\u0e27\u0e34\u0e44\u0e25 \u0e1a\u0e36\u0e07\u0e01\u0e32\u0e2c", "lat": 18.18336891, "lng": 103.74171141, "subdistrict": "\u0e28\u0e23\u0e35\u0e27\u0e34\u0e44\u0e25", "district": "\u0e28\u0e23\u0e35\u0e27\u0e34\u0e44\u0e25", "province": "\u0e1a\u0e36\u0e07\u0e01\u0e32\u0e2c", "postcode": "38210", "renovate": false}, {"name": "\u0e28\u0e23\u0e35\u0e27\u0e34\u0e44\u0e25 2", "store_id": "13774", "address": "\u0e15.\u0e28\u0e23\u0e35\u0e27\u0e34\u0e44\u0e25 \u0e2d.\u0e28\u0e23\u0e35\u0e27\u0e34\u0e44\u0e25 \u0e1a\u0e36\u0e07\u0e01\u0e32\u0e2c", "lat": 18.18684623, "lng": 103.74179424, "subdistrict": "\u0e28\u0e23\u0e35\u0e27\u0e34\u0e44\u0e25", "district": "\u0e28\u0e23\u0e35\u0e27\u0e34\u0e44\u0e25", "province": "\u0e1a\u0e36\u0e07\u0e01\u0e32\u0e2c", "postcode": "38210", "renovate": false}, {"name": "\u0e2d\u0e19\u0e38\u0e1a\u0e32\u0e25\u0e27\u0e34\u0e28\u0e34\u0e29\u0e10\u0e4c\u0e1a\u0e36\u0e07\u0e01\u0e32\u0e2c", "store_id": "13693", "address": "\u0e15.\u0e27\u0e34\u0e28\u0e34\u0e29\u0e10\u0e4c \u0e2d.\u0e40\u0e21\u0e37\u0e2d\u0e07\u0e1a\u0e36\u0e07\u0e01\u0e32\u0e2c \u0e1a\u0e36\u0e07\u0e01\u0e32\u0e2c", "lat": 18.37115471, "lng": 103.64863648, "subdistrict": "\u0e27\u0e34\u0e28\u0e34\u0e29\u0e10\u0e4c", "district": "\u0e40\u0e21\u0e37\u0e2d\u0e07\u0e1a\u0e36\u0e07\u0e01\u0e32\u0e2c", "province": "\u0e1a\u0e36\u0e07\u0e01\u0e32\u0e2c", "postcode": "38000", "renovate": false}, {"name": "PTTOR \u0e1a\u0e36\u0e07\u0e01\u0e32\u0e2c\u0e08\u0e32\u0e23\u0e38\u0e27\u0e07\u0e28\u0e4c\u0e01\u0e38\u0e25", "store_id": "09670", "address": "\u0e15.\u0e1a\u0e36\u0e07\u0e01\u0e32\u0e2c \u0e2d.\u0e40\u0e21\u0e37\u0e2d\u0e07\u0e1a\u0e36\u0e07\u0e01\u0e32\u0e2c \u0e1a\u0e36\u0e07\u0e01\u0e32\u0e2c", "lat": 18.34887688, "lng": 103.63766938, "subdistrict": "\u0e1a\u0e36\u0e07\u0e01\u0e32\u0e2c", "district": "\u0e40\u0e21\u0e37\u0e2d\u0e07\u0e1a\u0e36\u0e07\u0e01\u0e32\u0e2c", "province": "\u0e1a\u0e36\u0e07\u0e01\u0e32\u0e2c", "postcode": "38000", "renovate": false}, {"name": "PTTOR \u0e1a\u0e36\u0e07\u0e01\u0e32\u0e2c-\u0e2b\u0e19\u0e2d\u0e07\u0e04\u0e32\u0e22", "store_id": "14178", "address": "\u0e15.\u0e27\u0e34\u0e28\u0e34\u0e29\u0e10\u0e4c \u0e2d.\u0e40\u0e21\u0e37\u0e2d\u0e07\u0e1a\u0e36\u0e07\u0e01\u0e32\u0e2c \u0e1a\u0e36\u0e07\u0e01\u0e32\u0e2c", "lat": 18.37483052, "lng": 103.6325666, "subdistrict": "\u0e27\u0e34\u0e28\u0e34\u0e29\u0e10\u0e4c", "district": "\u0e40\u0e21\u0e37\u0e2d\u0e07\u0e1a\u0e36\u0e07\u0e01\u0e32\u0e2c", "province": "\u0e1a\u0e36\u0e07\u0e01\u0e32\u0e2c", "postcode": "38000", "renovate": false}]