[{"name": "\u0e01\u0e23\u0e07\u0e1b\u0e34\u0e19\u0e31\u0e07", "store_id": "15923", "address": "\u0e15.\u0e01\u0e23\u0e07\u0e1b\u0e34\u0e19\u0e31\u0e07 \u0e2d.\u0e01\u0e23\u0e07\u0e1b\u0e34\u0e19\u0e31\u0e07 \u0e22\u0e30\u0e25\u0e32", "lat": 6.41124025, "lng": 101.27978058, "subdistrict": "\u0e01\u0e23\u0e07\u0e1b\u0e34\u0e19\u0e31\u0e07", "district": "\u0e01\u0e23\u0e07\u0e1b\u0e34\u0e19\u0e31\u0e07", "province": "\u0e22\u0e30\u0e25\u0e32", "postcode": "95000", "renovate": false}, {"name": "PTTOR \u0e01\u0e23\u0e07\u0e1b\u0e34\u0e19\u0e31\u0e07", "store_id": "17064", "address": "\u0e15.\u0e01\u0e23\u0e07\u0e1b\u0e34\u0e19\u0e31\u0e07 \u0e2d.\u0e01\u0e23\u0e07\u0e1b\u0e34\u0e19\u0e31\u0e07 \u0e22\u0e30\u0e25\u0e32", "lat": 6.42039459, "lng": 101.27902948, "subdistrict": "\u0e01\u0e23\u0e07\u0e1b\u0e34\u0e19\u0e31\u0e07", "district": "\u0e01\u0e23\u0e07\u0e1b\u0e34\u0e19\u0e31\u0e07", "province": "\u0e22\u0e30\u0e25\u0e32", "postcode": "95000", "renovate": false}, {"name": "\u0e1a\u0e49\u0e32\u0e19\u0e1a\u0e31\u0e19\u0e19\u0e31\u0e07\u0e14\u0e32\u0e21\u0e32", "store_id": "16739", "address": "\u0e15.\u0e01\u0e32\u0e1a\u0e31\u0e07 \u0e2d.\u0e01\u0e32\u0e1a\u0e31\u0e07 \u0e22\u0e30\u0e25\u0e32", "lat": 6.4794, "lng": 101.0217, "subdistrict": "\u0e01\u0e32\u0e1a\u0e31\u0e07", "district": "\u0e01\u0e32\u0e1a\u0e31\u0e07", "province": "\u0e22\u0e30\u0e25\u0e32", "postcode": "95120", "renovate": false}, {"name": "PTTOR \u0e01\u0e32\u0e1a\u0e31\u0e07", "store_id": "18544", "address": "\u0e15.\u0e01\u0e32\u0e1a\u0e31\u0e07 \u0e2d.\u0e01\u0e32\u0e1a\u0e31\u0e07 \u0e22\u0e30\u0e25\u0e32", "lat": 6.4812135, "lng": 101.0272005, "subdistrict": "\u0e01\u0e32\u0e1a\u0e31\u0e07", "district": "\u0e01\u0e32\u0e1a\u0e31\u0e07", "province": "\u0e22\u0e30\u0e25\u0e32", "postcode": "95120", "renovate": false}, {"name": "\u0e18\u0e32\u0e23\u0e42\u0e15", "store_id": "10456", "address": "\u0e15.\u0e18\u0e32\u0e23\u0e42\u0e15 \u0e2d.\u0e18\u0e32\u0e23\u0e42\u0e15 \u0e22\u0e30\u0e25\u0e32", "lat": 6.16054661, "lng": 101.18814457, "subdistrict": "\u0e18\u0e32\u0e23\u0e42\u0e15", "district": "\u0e18\u0e32\u0e23\u0e42\u0e15", "province": "\u0e22\u0e30\u0e25\u0e32", "postcode": "95150", "renovate": false}, {"name": "\u0e1a\u0e31\u0e19\u0e19\u0e31\u0e07\u0e2a\u0e15\u0e32", "store_id": "05556", "address": "\u0e15.\u0e1a\u0e31\u0e19\u0e19\u0e31\u0e07\u0e2a\u0e15\u0e32 \u0e2d.\u0e1a\u0e31\u0e19\u0e19\u0e31\u0e07\u0e2a\u0e15\u0e32 \u0e22\u0e30\u0e25\u0e32", "lat": 6.262268, "lng": 101.257842, "subdistrict": "\u0e1a\u0e31\u0e19\u0e19\u0e31\u0e07\u0e2a\u0e15\u0e32", "district": "\u0e1a\u0e31\u0e19\u0e19\u0e31\u0e07\u0e2a\u0e15\u0e32", "province": "\u0e22\u0e30\u0e25\u0e32", "postcode": "95130", "renovate": false}, {"name": "PTTOR \u0e1a\u0e31\u0e19\u0e19\u0e31\u0e07\u0e2a\u0e15\u0e32", "store_id": "17008", "address": "\u0e16.\u0e2a\u0e38\u0e02\u0e22\u0e32\u0e07\u0e04\u0e4c \u0e15.\u0e1a\u0e31\u0e19\u0e19\u0e31\u0e07\u0e2a\u0e15\u0e32 \u0e2d.\u0e1a\u0e31\u0e19\u0e19\u0e31\u0e07\u0e2a\u0e15\u0e32 \u0e22\u0e30\u0e25\u0e32", "lat": 6.26442815, "lng": 101.26021202, "subdistrict": "\u0e1a\u0e31\u0e19\u0e19\u0e31\u0e07\u0e2a\u0e15\u0e32", "district": "\u0e1a\u0e31\u0e19\u0e19\u0e31\u0e07\u0e2a\u0e15\u0e32", "province": "\u0e22\u0e30\u0e25\u0e32", "postcode": "95130", "renovate": false}, {"name": "\u0e41\u0e01\u0e23\u0e19\u0e14\u0e4c\u0e27\u0e34\u0e27\u0e40\u0e1a\u0e15\u0e07", "store_id": "06722", "address": "\u0e0b.38 \u0e16.\u0e41\u0e01\u0e23\u0e19\u0e14\u0e4c\u0e27\u0e34\u0e25\u0e25\u0e48\u0e32 2 \u0e15.\u0e40\u0e1a\u0e15\u0e07 \u0e2d.\u0e40\u0e1a\u0e15\u0e07 \u0e22\u0e30\u0e25\u0e32", "lat": 5.76719, "lng": 101.07387, "subdistrict": "\u0e40\u0e1a\u0e15\u0e07", "district": "\u0e40\u0e1a\u0e15\u0e07", "province": "\u0e22\u0e30\u0e25\u0e32", "postcode": "95110", "renovate": false}, {"name": "\u0e08\u0e31\u0e19\u0e17\u0e42\u0e23\u0e17\u0e31\u0e22", "store_id": "02490", "address": "\u0e16.\u0e08\u0e31\u0e19\u0e17\u0e42\u0e23\u0e17\u0e31\u0e22 \u0e15.\u0e40\u0e1a\u0e15\u0e07 \u0e2d.\u0e40\u0e1a\u0e15\u0e07 \u0e22\u0e30\u0e25\u0e32", "lat": 5.7749, "lng": 101.06997, "subdistrict": "\u0e40\u0e1a\u0e15\u0e07", "district": "\u0e40\u0e1a\u0e15\u0e07", "province": "\u0e22\u0e30\u0e25\u0e32", "postcode": "95110", "renovate": false}, {"name": "\u0e0a\u0e38\u0e21\u0e0a\u0e19\u0e2a\u0e27\u0e19\u0e1c\u0e31\u0e01", "store_id": "09119", "address": "\u0e16.\u0e2d\u0e23\u0e23\u0e16\u0e40\u0e27\u0e17\u0e35 \u0e15.\u0e40\u0e1a\u0e15\u0e07 \u0e2d.\u0e40\u0e1a\u0e15\u0e07 \u0e22\u0e30\u0e25\u0e32", "lat": 5.774752, "lng": 101.066343, "subdistrict": "\u0e40\u0e1a\u0e15\u0e07", "district": "\u0e40\u0e1a\u0e15\u0e07", "province": "\u0e22\u0e30\u0e25\u0e32", "postcode": "95110", "renovate": false}, {"name": "\u0e15\u0e39\u0e49\u0e44\u0e1b\u0e23\u0e29\u0e13\u0e35\u0e22\u0e4c\u0e40\u0e1a\u0e15\u0e07", "store_id": "02488", "address": "\u0e16.\u0e2a\u0e38\u0e02\u0e22\u0e32\u0e07\u0e04\u0e4c \u0e15.\u0e40\u0e1a\u0e15\u0e07 \u0e2d.\u0e40\u0e1a\u0e15\u0e07 \u0e22\u0e30\u0e25\u0e32", "lat": 5.77162, "lng": 101.07116, "subdistrict": "\u0e40\u0e1a\u0e15\u0e07", "district": "\u0e40\u0e1a\u0e15\u0e07", "province": "\u0e22\u0e30\u0e25\u0e32", "postcode": "95110", "renovate": false}, {"name": "\u0e2a\u0e35\u0e48\u0e41\u0e22\u0e01\u0e28\u0e32\u0e25\u0e32\u0e1b\u0e23\u0e30\u0e0a\u0e32\u0e04\u0e21", "store_id": "08452", "address": "\u0e16.\u0e2a\u0e38\u0e02\u0e22\u0e32\u0e07\u0e04\u0e4c \u0e15.\u0e40\u0e1a\u0e15\u0e07 \u0e2d.\u0e40\u0e1a\u0e15\u0e07 \u0e22\u0e30\u0e25\u0e32", "lat": 5.77656, "lng": 101.07307, "subdistrict": "\u0e40\u0e1a\u0e15\u0e07", "district": "\u0e40\u0e1a\u0e15\u0e07", "province": "\u0e22\u0e30\u0e25\u0e32", "postcode": "95110", "renovate": false}, {"name": "\u0e2b\u0e19\u0e49\u0e32\u0e42\u0e23\u0e07\u0e1e\u0e22\u0e32\u0e1a\u0e32\u0e25\u0e40\u0e1a\u0e15\u0e07", "store_id": "08221", "address": "\u0e16.\u0e23\u0e31\u0e15\u0e19\u0e01\u0e34\u0e08 \u0e15.\u0e40\u0e1a\u0e15\u0e07 \u0e2d.\u0e40\u0e1a\u0e15\u0e07 \u0e22\u0e30\u0e25\u0e32", "lat": 5.77421, "lng": 101.08197, "subdistrict": "\u0e40\u0e1a\u0e15\u0e07", "district": "\u0e40\u0e1a\u0e15\u0e07", "province": "\u0e22\u0e30\u0e25\u0e32", "postcode": "95110", "renovate": false}, {"name": "\u0e2b\u0e19\u0e49\u0e32\u0e42\u0e23\u0e07\u0e41\u0e23\u0e21\u0e1a\u0e31\u0e15\u0e40\u0e15\u0e2d\u0e23\u0e4c\u0e1f\u0e25\u0e32\u0e22\u0e40\u0e1a\u0e15\u0e07", "store_id": "17332", "address": "\u0e16.\u0e1b\u0e23\u0e30\u0e0a\u0e32\u0e18\u0e34\u0e1b\u0e1b\u0e31\u0e15\u0e22\u0e4c \u0e15.\u0e40\u0e1a\u0e15\u0e07 \u0e2d.\u0e40\u0e1a\u0e15\u0e07 \u0e22\u0e30\u0e25\u0e32", "lat": 5.776526, "lng": 101.062792, "subdistrict": "\u0e40\u0e1a\u0e15\u0e07", "district": "\u0e40\u0e1a\u0e15\u0e07", "province": "\u0e22\u0e30\u0e25\u0e32", "postcode": "95110", "renovate": false}, {"name": "\u0e2b\u0e19\u0e49\u0e32\u0e42\u0e23\u0e07\u0e41\u0e23\u0e21\u0e2e\u0e2d\u0e25\u0e34\u0e40\u0e14\u0e22\u0e4c\u0e2e\u0e34\u0e25", "store_id": "07260", "address": "\u0e16.\u0e20\u0e31\u0e01\u0e14\u0e35\u0e14\u0e33\u0e23\u0e07\u0e04\u0e4c \u0e15.\u0e40\u0e1a\u0e15\u0e07 \u0e2d.\u0e40\u0e1a\u0e15\u0e07 \u0e22\u0e30\u0e25\u0e32", "lat": 5.77134, "lng": 101.07298, "subdistrict": "\u0e40\u0e1a\u0e15\u0e07", "district": "\u0e40\u0e1a\u0e15\u0e07", "province": "\u0e22\u0e30\u0e25\u0e32", "postcode": "95110", "renovate": false}, {"name": "PTTOR \u0e40\u0e1a\u0e15\u0e07", "store_id": "17343", "address": "\u0e16.\u0e2a\u0e38\u0e02\u0e22\u0e32\u0e07\u0e04\u0e4c \u0e15.\u0e40\u0e1a\u0e15\u0e07 \u0e2d.\u0e40\u0e1a\u0e15\u0e07 \u0e22\u0e30\u0e25\u0e32", "lat": 5.78744534, "lng": 101.07190198, "subdistrict": "\u0e40\u0e1a\u0e15\u0e07", "district": "\u0e40\u0e1a\u0e15\u0e07", "province": "\u0e22\u0e30\u0e25\u0e32", "postcode": "95110", "renovate": false}, {"name": "\u0e1b\u0e15\u0e17.\u0e22\u0e30\u0e25\u0e32 - \u0e2b\u0e32\u0e14\u0e43\u0e2b\u0e0d\u0e48 \u0e01\u0e21. 125", "store_id": "09193", "address": "\u0e16.418\u0e22\u0e30\u0e25\u0e32-\u0e2b\u0e32\u0e14\u0e43\u0e2b\u0e0d\u0e48 \u0e15.\u0e17\u0e48\u0e32\u0e2a\u0e32\u0e1b \u0e2d.\u0e40\u0e21\u0e37\u0e2d\u0e07\u0e22\u0e30\u0e25\u0e32 \u0e22\u0e30\u0e25\u0e32", "lat": 6.5607676, "lng": 101.26048492, "subdistrict": "\u0e17\u0e48\u0e32\u0e2a\u0e32\u0e1b", "district": "\u0e40\u0e21\u0e37\u0e2d\u0e07\u0e22\u0e30\u0e25\u0e32", "province": "\u0e22\u0e30\u0e25\u0e32", "postcode": "95000", "renovate": false}, {"name": "PTTOR \u0e1e\u0e35\u0e17\u0e35\u0e14\u0e35 \u0e22\u0e30\u0e25\u0e32 (\u0e02\u0e32\u0e40\u0e02\u0e49\u0e32)", "store_id": "16302", "address": "\u0e15.\u0e17\u0e48\u0e32\u0e2a\u0e32\u0e1b \u0e2d.\u0e40\u0e21\u0e37\u0e2d\u0e07\u0e22\u0e30\u0e25\u0e32 \u0e22\u0e30\u0e25\u0e32", "lat": 6.56346589, "lng": 101.26162469, "subdistrict": "\u0e17\u0e48\u0e32\u0e2a\u0e32\u0e1b", "district": "\u0e40\u0e21\u0e37\u0e2d\u0e07\u0e22\u0e30\u0e25\u0e32", "province": "\u0e22\u0e30\u0e25\u0e32", "postcode": "95000", "renovate": false}, {"name": "PTTOR \u0e1a\u0e38\u0e14\u0e35(\u0e22\u0e30\u0e25\u0e32)", "store_id": "15232", "address": "\u0e15.\u0e1a\u0e38\u0e14\u0e35 \u0e2d.\u0e40\u0e21\u0e37\u0e2d\u0e07\u0e22\u0e30\u0e25\u0e32 \u0e22\u0e30\u0e25\u0e32", "lat": 6.48114771, "lng": 101.31750617, "subdistrict": "\u0e1a\u0e38\u0e14\u0e35", "district": "\u0e40\u0e21\u0e37\u0e2d\u0e07\u0e22\u0e30\u0e25\u0e32", "province": "\u0e22\u0e30\u0e25\u0e32", "postcode": "95000", "renovate": false}, {"name": "\u0e1a\u0e49\u0e32\u0e19\u0e40\u0e19\u0e35\u0e22\u0e07", "store_id": "17947", "address": "\u0e15.\u0e40\u0e1b\u0e32\u0e30\u0e40\u0e2a\u0e49\u0e07 \u0e2d.\u0e40\u0e21\u0e37\u0e2d\u0e07\u0e22\u0e30\u0e25\u0e32 \u0e22\u0e30\u0e25\u0e32", "lat": 6.526896, "lng": 101.199794, "subdistrict": "\u0e40\u0e1b\u0e32\u0e30\u0e40\u0e2a\u0e49\u0e07", "district": "\u0e40\u0e21\u0e37\u0e2d\u0e07\u0e22\u0e30\u0e25\u0e32", "province": "\u0e22\u0e30\u0e25\u0e32", "postcode": "95000", "renovate": false}, {"name": "\u0e41\u0e01\u0e23\u0e19\u0e14\u0e4c\u0e1e\u0e32\u0e40\u0e25\u0e0a", "store_id": "09301", "address": "\u0e16.\u0e40\u0e09\u0e25\u0e34\u0e21\u0e0a\u0e31\u0e22 \u0e15.\u0e2a\u0e30\u0e40\u0e15\u0e07 \u0e2d.\u0e40\u0e21\u0e37\u0e2d\u0e07\u0e22\u0e30\u0e25\u0e32 \u0e22\u0e30\u0e25\u0e32", "lat": 6.56126, "lng": 101.285514, "subdistrict": "\u0e2a\u0e30\u0e40\u0e15\u0e07", "district": "\u0e40\u0e21\u0e37\u0e2d\u0e07\u0e22\u0e30\u0e25\u0e32", "province": "\u0e22\u0e30\u0e25\u0e32", "postcode": "95000", "renovate": false}, {"name": "\u0e42\u0e01\u0e15\u0e32\u0e1a\u0e32\u0e23\u0e39", "store_id": "09679", "address": "\u0e16.\u0e22\u0e30\u0e25\u0e32-\u0e42\u0e01\u0e15\u0e32 \u0e15.\u0e42\u0e01\u0e15\u0e32\u0e1a\u0e32\u0e23\u0e39 \u0e2d.\u0e23\u0e32\u0e21\u0e31\u0e19 \u0e22\u0e30\u0e25\u0e32", "lat": 6.457891, "lng": 101.343349, "subdistrict": "\u0e42\u0e01\u0e15\u0e32\u0e1a\u0e32\u0e23\u0e39", "district": "\u0e23\u0e32\u0e21\u0e31\u0e19", "province": "\u0e22\u0e30\u0e25\u0e32", "postcode": "95140", "renovate": false}, {"name": "\u0e08\u0e07\u0e23\u0e31\u0e01\u0e29\u0e4c", "store_id": "05604", "address": "\u0e16.\u0e2a\u0e34\u0e42\u0e23\u0e23\u0e2a \u0e15.\u0e2a\u0e30\u0e40\u0e15\u0e07 \u0e2d.\u0e40\u0e21\u0e37\u0e2d\u0e07\u0e22\u0e30\u0e25\u0e32 \u0e22\u0e30\u0e25\u0e32", "lat": 6.555681, "lng": 101.285877, "subdistrict": "\u0e2a\u0e30\u0e40\u0e15\u0e07", "district": "\u0e40\u0e21\u0e37\u0e2d\u0e07\u0e22\u0e30\u0e25\u0e32", "province": "\u0e22\u0e30\u0e25\u0e32", "postcode": "95000", "renovate": false}, {"name": "\u0e08\u0e32\u0e23\u0e39\u0e1e\u0e31\u0e12\u0e19\u0e32 2", "store_id": "13120", "address": "\u0e16.\u0e2a\u0e34\u0e42\u0e23\u0e23\u0e2a \u0e15.\u0e2a\u0e30\u0e40\u0e15\u0e07 \u0e2d.\u0e40\u0e21\u0e37\u0e2d\u0e07\u0e22\u0e30\u0e25\u0e32 \u0e22\u0e30\u0e25\u0e32", "lat": 6.57542542, "lng": 101.29829273, "subdistrict": "\u0e2a\u0e30\u0e40\u0e15\u0e07", "district": "\u0e40\u0e21\u0e37\u0e2d\u0e07\u0e22\u0e30\u0e25\u0e32", "province": "\u0e22\u0e30\u0e25\u0e32", "postcode": "95000", "renovate": false}, {"name": "\u0e15\u0e25\u0e32\u0e14\u0e40\u0e21\u0e37\u0e2d\u0e07\u0e43\u0e2b\u0e21\u0e48", "store_id": "08636", "address": "\u0e16.\u0e40\u0e1b\u0e23\u0e21\u0e08\u0e34\u0e15\u0e15\u0e4c-\u0e2a\u0e38\u0e23\u0e1e\u0e31\u0e19\u0e18\u0e4c \u0e15.\u0e2a\u0e30\u0e40\u0e15\u0e07 \u0e2d.\u0e40\u0e21\u0e37\u0e2d\u0e07\u0e22\u0e30\u0e25\u0e32 \u0e22\u0e30\u0e25\u0e32", "lat": 6.557508, "lng": 101.278296, "subdistrict": "\u0e2a\u0e30\u0e40\u0e15\u0e07", "district": "\u0e40\u0e21\u0e37\u0e2d\u0e07\u0e22\u0e30\u0e25\u0e32", "province": "\u0e22\u0e30\u0e25\u0e32", "postcode": "95000", "renovate": false}, {"name": "\u0e15\u0e25\u0e32\u0e14\u0e2a\u0e14\u0e1c\u0e31\u0e07\u0e40\u0e21\u0e37\u0e2d\u0e07 4", "store_id": "07943", "address": "\u0e16.\u0e1c\u0e31\u0e07\u0e40\u0e21\u0e37\u0e2d\u0e07 4 \u0e15.\u0e2a\u0e30\u0e40\u0e15\u0e07 \u0e2d.\u0e40\u0e21\u0e37\u0e2d\u0e07\u0e22\u0e30\u0e25\u0e32 \u0e22\u0e30\u0e25\u0e32", "lat": 6.5309, "lng": 101.2845, "subdistrict": "\u0e2a\u0e30\u0e40\u0e15\u0e07", "district": "\u0e40\u0e21\u0e37\u0e2d\u0e07\u0e22\u0e30\u0e25\u0e32", "province": "\u0e22\u0e30\u0e25\u0e32", "postcode": "95000", "renovate": false}, {"name": "\u0e15\u0e37\u0e2d\u0e40\u0e1a\u0e32\u0e30", "store_id": "09867", "address": "\u0e15.\u0e2a\u0e30\u0e40\u0e15\u0e07\u0e19\u0e2d\u0e01 \u0e2d.\u0e40\u0e21\u0e37\u0e2d\u0e07\u0e22\u0e30\u0e25\u0e32 \u0e22\u0e30\u0e25\u0e32", "lat": 6.54248, "lng": 101.293276, "subdistrict": "\u0e2a\u0e30\u0e40\u0e15\u0e07\u0e19\u0e2d\u0e01", "district": "\u0e40\u0e21\u0e37\u0e2d\u0e07\u0e22\u0e30\u0e25\u0e32", "province": "\u0e22\u0e30\u0e25\u0e32", "postcode": "95000", "renovate": false}, {"name": "\u0e15\u0e37\u0e2d\u0e40\u0e1a\u0e32\u0e30 2", "store_id": "16367", "address": "\u0e15.\u0e2a\u0e30\u0e40\u0e15\u0e07\u0e19\u0e2d\u0e01 \u0e2d.\u0e40\u0e21\u0e37\u0e2d\u0e07\u0e22\u0e30\u0e25\u0e32 \u0e22\u0e30\u0e25\u0e32", "lat": 6.537621, "lng": 101.293048, "subdistrict": "\u0e2a\u0e30\u0e40\u0e15\u0e07\u0e19\u0e2d\u0e01", "district": "\u0e40\u0e21\u0e37\u0e2d\u0e07\u0e22\u0e30\u0e25\u0e32", "province": "\u0e22\u0e30\u0e25\u0e32", "postcode": "95000", "renovate": false}, {"name": "\u0e16\u0e19\u0e19\u0e01\u0e32\u0e0d\u0e08\u0e19\u0e322", "store_id": "08038", "address": "\u0e16.\u0e23\u0e27\u0e21\u0e21\u0e34\u0e15\u0e23 \u0e15.\u0e2a\u0e30\u0e40\u0e15\u0e07 \u0e2d.\u0e40\u0e21\u0e37\u0e2d\u0e07\u0e22\u0e30\u0e25\u0e32 \u0e22\u0e30\u0e25\u0e32", "lat": 6.551199, "lng": 101.283552, "subdistrict": "\u0e2a\u0e30\u0e40\u0e15\u0e07", "district": "\u0e40\u0e21\u0e37\u0e2d\u0e07\u0e22\u0e30\u0e25\u0e32", "province": "\u0e22\u0e30\u0e25\u0e32", "postcode": "95000", "renovate": false}, {"name": "\u0e16\u0e19\u0e19\u0e23\u0e27\u0e21\u0e21\u0e34\u0e15\u0e23", "store_id": "02480", "address": "\u0e16.\u0e23\u0e27\u0e21\u0e21\u0e34\u0e15\u0e23 \u0e15.\u0e2a\u0e30\u0e40\u0e15\u0e07 \u0e2d.\u0e40\u0e21\u0e37\u0e2d\u0e07\u0e22\u0e30\u0e25\u0e32 \u0e22\u0e30\u0e25\u0e32", "lat": 6.554, "lng": 101.2865, "subdistrict": "\u0e2a\u0e30\u0e40\u0e15\u0e07", "district": "\u0e40\u0e21\u0e37\u0e2d\u0e07\u0e22\u0e30\u0e25\u0e32", "province": "\u0e22\u0e30\u0e25\u0e32", "postcode": "95000", "renovate": false}, {"name": "\u0e40\u0e17\u0e28\u0e1a\u0e32\u0e25 1 \u0e0b\u0e2d\u0e22 3", "store_id": "05447", "address": "\u0e16.\u0e40\u0e17\u0e28\u0e1a\u0e32\u0e25 1 \u0e15.\u0e2a\u0e30\u0e40\u0e15\u0e07 \u0e2d.\u0e40\u0e21\u0e37\u0e2d\u0e07\u0e22\u0e30\u0e25\u0e32 \u0e22\u0e30\u0e25\u0e32", "lat": 6.546288, "lng": 101.276422, "subdistrict": "\u0e2a\u0e30\u0e40\u0e15\u0e07", "district": "\u0e40\u0e21\u0e37\u0e2d\u0e07\u0e22\u0e30\u0e25\u0e32", "province": "\u0e22\u0e30\u0e25\u0e32", "postcode": "95000", "renovate": false}, {"name": "\u0e18\u0e19\u0e27\u0e34\u0e16\u0e35", "store_id": "04977", "address": "\u0e16.\u0e40\u0e17\u0e28\u0e1a\u0e32\u0e25 4 \u0e15.\u0e2a\u0e30\u0e40\u0e15\u0e07 \u0e2d.\u0e40\u0e21\u0e37\u0e2d\u0e07\u0e22\u0e30\u0e25\u0e32 \u0e22\u0e30\u0e25\u0e32", "lat": 6.551613, "lng": 101.293454, "subdistrict": "\u0e2a\u0e30\u0e40\u0e15\u0e07", "district": "\u0e40\u0e21\u0e37\u0e2d\u0e07\u0e22\u0e30\u0e25\u0e32", "province": "\u0e22\u0e30\u0e25\u0e32", "postcode": "95000", "renovate": false}, {"name": "\u0e1a\u0e49\u0e32\u0e19\u0e2a\u0e16\u0e34\u0e15\u0e22\u0e4c\u0e20\u0e34\u0e23\u0e21\u0e22\u0e4c", "store_id": "15692", "address": "\u0e15.\u0e2a\u0e30\u0e40\u0e15\u0e07\u0e19\u0e2d\u0e01 \u0e2d.\u0e40\u0e21\u0e37\u0e2d\u0e07\u0e22\u0e30\u0e25\u0e32 \u0e22\u0e30\u0e25\u0e32", "lat": 6.52857523, "lng": 101.29143253, "subdistrict": "\u0e2a\u0e30\u0e40\u0e15\u0e07\u0e19\u0e2d\u0e01", "district": "\u0e40\u0e21\u0e37\u0e2d\u0e07\u0e22\u0e30\u0e25\u0e32", "province": "\u0e22\u0e30\u0e25\u0e32", "postcode": "95000", "renovate": false}, {"name": "\u0e1a\u0e49\u0e32\u0e19\u0e2a\u0e30\u0e40\u0e15\u0e07", "store_id": "10251", "address": "\u0e16.\u0e2a\u0e34\u0e42\u0e23\u0e23\u0e2a \u0e15.\u0e2a\u0e30\u0e40\u0e15\u0e07 \u0e2d.\u0e40\u0e21\u0e37\u0e2d\u0e07\u0e22\u0e30\u0e25\u0e32 \u0e22\u0e30\u0e25\u0e32", "lat": 6.53986804, "lng": 101.26875643, "subdistrict": "\u0e2a\u0e30\u0e40\u0e15\u0e07", "district": "\u0e40\u0e21\u0e37\u0e2d\u0e07\u0e22\u0e30\u0e25\u0e32", "province": "\u0e22\u0e30\u0e25\u0e32", "postcode": "95000", "renovate": false}, {"name": "\u0e1c\u0e31\u0e07\u0e40\u0e21\u0e37\u0e2d\u0e07 4 \u0e0b\u0e2d\u0e22 16", "store_id": "14691", "address": "\u0e16.\u0e1c\u0e31\u0e07\u0e40\u0e21\u0e37\u0e2d\u0e07 \u0e15.\u0e2a\u0e30\u0e40\u0e15\u0e07 \u0e2d.\u0e40\u0e21\u0e37\u0e2d\u0e07\u0e22\u0e30\u0e25\u0e32 \u0e22\u0e30\u0e25\u0e32", "lat": 6.53920257, "lng": 101.28775908, "subdistrict": "\u0e2a\u0e30\u0e40\u0e15\u0e07", "district": "\u0e40\u0e21\u0e37\u0e2d\u0e07\u0e22\u0e30\u0e25\u0e32", "province": "\u0e22\u0e30\u0e25\u0e32", "postcode": "95000", "renovate": false}, {"name": "\u0e1c\u0e31\u0e07\u0e40\u0e21\u0e37\u0e2d\u0e07 4 \u0e0b\u0e2d\u0e22 7", "store_id": "03370", "address": "\u0e16.\u0e1c\u0e31\u0e07\u0e40\u0e21\u0e37\u0e2d\u0e07 4 \u0e15.\u0e2a\u0e30\u0e40\u0e15\u0e07 \u0e2d.\u0e40\u0e21\u0e37\u0e2d\u0e07\u0e22\u0e30\u0e25\u0e32 \u0e22\u0e30\u0e25\u0e32", "lat": 6.5472807, "lng": 101.292542, "subdistrict": "\u0e2a\u0e30\u0e40\u0e15\u0e07", "district": "\u0e40\u0e21\u0e37\u0e2d\u0e07\u0e22\u0e30\u0e25\u0e32", "province": "\u0e22\u0e30\u0e25\u0e32", "postcode": "95000", "renovate": false}, {"name": "\u0e1c\u0e31\u0e07\u0e40\u0e21\u0e37\u0e2d\u0e07 4 \u0e0b\u0e2d\u0e22\u0e01\u0e2d\u0e1a\u0e24\u0e17\u0e18\u0e34\u0e4c", "store_id": "07647", "address": "\u0e16.\u0e1c\u0e31\u0e07\u0e40\u0e21\u0e37\u0e2d\u0e07 \u0e15.\u0e2a\u0e30\u0e40\u0e15\u0e07 \u0e2d.\u0e40\u0e21\u0e37\u0e2d\u0e07\u0e22\u0e30\u0e25\u0e32 \u0e22\u0e30\u0e25\u0e32", "lat": 6.5433, "lng": 101.2902, "subdistrict": "\u0e2a\u0e30\u0e40\u0e15\u0e07", "district": "\u0e40\u0e21\u0e37\u0e2d\u0e07\u0e22\u0e30\u0e25\u0e32", "province": "\u0e22\u0e30\u0e25\u0e32", "postcode": "95000", "renovate": false}, {"name": "\u0e1c\u0e31\u0e07\u0e40\u0e21\u0e37\u0e2d\u0e074 \u0e0b\u0e2d\u0e22\u0e1b\u0e30\u0e08\u0e39\u0e23\u0e07", "store_id": "18135", "address": "\u0e16.\u0e1c\u0e31\u0e07\u0e40\u0e21\u0e37\u0e2d\u0e07 4 \u0e15.\u0e2a\u0e30\u0e40\u0e15\u0e07 \u0e2d.\u0e40\u0e21\u0e37\u0e2d\u0e07\u0e22\u0e30\u0e25\u0e32 \u0e22\u0e30\u0e25\u0e32", "lat": 6.531765, "lng": 101.28487, "subdistrict": "\u0e2a\u0e30\u0e40\u0e15\u0e07", "district": "\u0e40\u0e21\u0e37\u0e2d\u0e07\u0e22\u0e30\u0e25\u0e32", "province": "\u0e22\u0e30\u0e25\u0e32", "postcode": "95000", "renovate": false}, {"name": "\u0e1c\u0e31\u0e07\u0e40\u0e21\u0e37\u0e2d\u0e07 5", "store_id": "04515", "address": "\u0e16.\u0e1c\u0e31\u0e07\u0e40\u0e21\u0e37\u0e2d\u0e075 \u0e15.\u0e2a\u0e30\u0e40\u0e15\u0e07 \u0e2d.\u0e40\u0e21\u0e37\u0e2d\u0e07\u0e22\u0e30\u0e25\u0e32 \u0e22\u0e30\u0e25\u0e32", "lat": 6.537897, "lng": 101.284236, "subdistrict": "\u0e2a\u0e30\u0e40\u0e15\u0e07", "district": "\u0e40\u0e21\u0e37\u0e2d\u0e07\u0e22\u0e30\u0e25\u0e32", "province": "\u0e22\u0e30\u0e25\u0e32", "postcode": "95000", "renovate": false}, {"name": "\u0e1e\u0e34\u0e1e\u0e34\u0e18\u0e20\u0e31\u0e01\u0e14\u0e35", "store_id": "03139", "address": "\u0e16.\u0e1e\u0e34\u0e1e\u0e34\u0e18\u0e20\u0e31\u0e01\u0e14\u0e35 \u0e15.\u0e2a\u0e30\u0e40\u0e15\u0e07 \u0e2d.\u0e40\u0e21\u0e37\u0e2d\u0e07\u0e22\u0e30\u0e25\u0e32 \u0e22\u0e30\u0e25\u0e32", "lat": 6.55704, "lng": 101.290686, "subdistrict": "\u0e2a\u0e30\u0e40\u0e15\u0e07", "district": "\u0e40\u0e21\u0e37\u0e2d\u0e07\u0e22\u0e30\u0e25\u0e32", "province": "\u0e22\u0e30\u0e25\u0e32", "postcode": "95000", "renovate": false}, {"name": "\u0e21\u0e25\u0e32\u0e22\u0e39\u0e1a\u0e32\u0e07\u0e01\u0e2d\u0e01", "store_id": "08253", "address": "\u0e16.\u0e2a\u0e38\u0e02\u0e22\u0e32\u0e07\u0e04\u0e4c \u0e15.\u0e2a\u0e30\u0e40\u0e15\u0e07 \u0e2d.\u0e40\u0e21\u0e37\u0e2d\u0e07\u0e22\u0e30\u0e25\u0e32 \u0e22\u0e30\u0e25\u0e32", "lat": 6.51532, "lng": 101.274929, "subdistrict": "\u0e2a\u0e30\u0e40\u0e15\u0e07", "district": "\u0e40\u0e21\u0e37\u0e2d\u0e07\u0e22\u0e30\u0e25\u0e32", "province": "\u0e22\u0e30\u0e25\u0e32", "postcode": "95000", "renovate": false}, {"name": "\u0e22\u0e30\u0e2b\u0e32", "store_id": "09678", "address": "\u0e16.\u0e2a\u0e31\u0e19\u0e15\u0e34\u0e23\u0e32\u0e29\u0e0f\u0e23\u0e4c \u0e15.\u0e22\u0e30\u0e2b\u0e32 \u0e2d.\u0e22\u0e30\u0e2b\u0e32 \u0e22\u0e30\u0e25\u0e32", "lat": 6.479923, "lng": 101.13431, "subdistrict": "\u0e22\u0e30\u0e2b\u0e32", "district": "\u0e22\u0e30\u0e2b\u0e32", "province": "\u0e22\u0e30\u0e25\u0e32", "postcode": "95120", "renovate": false}, {"name": "\u0e22\u0e30\u0e2b\u0e32 3", "store_id": "05641", "address": "\u0e0b.\u0e1e\u0e34\u0e17\u0e31\u0e01\u0e29\u0e4c\u0e18\u0e32\u0e19\u0e35 \u0e16.\u0e1e\u0e34\u0e17\u0e31\u0e01\u0e29\u0e4c\u0e18\u0e32\u0e19\u0e35 \u0e15.\u0e22\u0e30\u0e2b\u0e32 \u0e2d.\u0e22\u0e30\u0e2b\u0e32 \u0e22\u0e30\u0e25\u0e32", "lat": 6.479586, "lng": 101.1332391, "subdistrict": "\u0e22\u0e30\u0e2b\u0e32", "district": "\u0e22\u0e30\u0e2b\u0e32", "province": "\u0e22\u0e30\u0e25\u0e32", "postcode": "95120", "renovate": false}, {"name": "\u0e23\u0e31\u0e10\u0e1b\u0e34\u0e15\u0e34", "store_id": "15176", "address": "\u0e16.\u0e2a\u0e34\u0e42\u0e23\u0e23\u0e2a \u0e15.\u0e2a\u0e30\u0e40\u0e15\u0e07 \u0e2d.\u0e40\u0e21\u0e37\u0e2d\u0e07\u0e22\u0e30\u0e25\u0e32 \u0e22\u0e30\u0e25\u0e32", "lat": 6.55333405, "lng": 101.28361009, "subdistrict": "\u0e2a\u0e30\u0e40\u0e15\u0e07", "district": "\u0e40\u0e21\u0e37\u0e2d\u0e07\u0e22\u0e30\u0e25\u0e32", "province": "\u0e22\u0e30\u0e25\u0e32", "postcode": "95000", "renovate": false}, {"name": "\u0e23\u0e32\u0e21\u0e31\u0e192", "store_id": "09586", "address": "\u0e16.\u0e08\u0e23\u0e39\u0e0d\u0e27\u0e34\u0e16\u0e35 \u0e15.\u0e01\u0e32\u0e22\u0e39\u0e1a\u0e2d\u0e40\u0e01\u0e32\u0e30 \u0e2d.\u0e23\u0e32\u0e21\u0e31\u0e19 \u0e22\u0e30\u0e25\u0e32", "lat": 6.4782, "lng": 101.4252, "subdistrict": "\u0e01\u0e32\u0e22\u0e39\u0e1a\u0e2d\u0e40\u0e01\u0e32\u0e30", "district": "\u0e23\u0e32\u0e21\u0e31\u0e19", "province": "\u0e22\u0e30\u0e25\u0e32", "postcode": "95140", "renovate": false}, {"name": "\u0e23\u0e32\u0e21\u0e31\u0e19 3", "store_id": "15501", "address": "\u0e15.\u0e01\u0e32\u0e22\u0e39\u0e1a\u0e2d\u0e40\u0e01\u0e32\u0e30 \u0e2d.\u0e23\u0e32\u0e21\u0e31\u0e19 \u0e22\u0e30\u0e25\u0e32", "lat": 6.47589205, "lng": 101.43092867, "subdistrict": "\u0e01\u0e32\u0e22\u0e39\u0e1a\u0e2d\u0e40\u0e01\u0e32\u0e30", "district": "\u0e23\u0e32\u0e21\u0e31\u0e19", "province": "\u0e22\u0e30\u0e25\u0e32", "postcode": "95140", "renovate": false}, {"name": "\u0e25\u0e33\u0e43\u0e2b\u0e21\u0e48", "store_id": "06041", "address": "\u0e15.\u0e25\u0e33\u0e43\u0e2b\u0e21\u0e48 \u0e2d.\u0e40\u0e21\u0e37\u0e2d\u0e07\u0e22\u0e30\u0e25\u0e32 \u0e22\u0e30\u0e25\u0e32", "lat": 6.57907672, "lng": 101.19811171, "subdistrict": "\u0e25\u0e33\u0e43\u0e2b\u0e21\u0e48", "district": "\u0e40\u0e21\u0e37\u0e2d\u0e07\u0e22\u0e30\u0e25\u0e32", "province": "\u0e22\u0e30\u0e25\u0e32", "postcode": "95000", "renovate": false}, {"name": "\u0e27\u0e31\u0e14\u0e40\u0e2b\u0e49\u0e07\u0e40\u0e08\u0e35\u0e22", "store_id": "05317", "address": "\u0e15.\u0e2a\u0e30\u0e40\u0e15\u0e07\u0e19\u0e2d\u0e01 \u0e2d.\u0e40\u0e21\u0e37\u0e2d\u0e07\u0e22\u0e30\u0e25\u0e32 \u0e22\u0e30\u0e25\u0e32", "lat": 6.55019, "lng": 101.299303, "subdistrict": "\u0e2a\u0e30\u0e40\u0e15\u0e07\u0e19\u0e2d\u0e01", "district": "\u0e40\u0e21\u0e37\u0e2d\u0e07\u0e22\u0e30\u0e25\u0e32", "province": "\u0e22\u0e30\u0e25\u0e32", "postcode": "95000", "renovate": false}, {"name": "\u0e27\u0e34\u0e11\u0e39\u0e23\u0e2d\u0e38\u0e17\u0e34\u0e28 4", "store_id": "13820", "address": "\u0e16.\u0e27\u0e34\u0e11\u0e39\u0e23\u0e2d\u0e38\u0e17\u0e34\u0e28 4 \u0e15.\u0e2a\u0e30\u0e40\u0e15\u0e07 \u0e2d.\u0e40\u0e21\u0e37\u0e2d\u0e07\u0e22\u0e30\u0e25\u0e32 \u0e22\u0e30\u0e25\u0e32", "lat": 6.56206233, "lng": 101.29421946, "subdistrict": "\u0e2a\u0e30\u0e40\u0e15\u0e07", "district": "\u0e40\u0e21\u0e37\u0e2d\u0e07\u0e22\u0e30\u0e25\u0e32", "province": "\u0e22\u0e30\u0e25\u0e32", "postcode": "95000", "renovate": false}, {"name": "\u0e28\u0e23\u0e35\u0e1b\u0e38\u0e15\u0e23\u0e32", "store_id": "05554", "address": "\u0e16.\u0e2a\u0e34\u0e42\u0e23\u0e23\u0e2a \u0e15.\u0e2a\u0e30\u0e40\u0e15\u0e07 \u0e2d.\u0e40\u0e21\u0e37\u0e2d\u0e07\u0e22\u0e30\u0e25\u0e32 \u0e22\u0e30\u0e25\u0e32", "lat": 6.5694789, "lng": 101.2966356, "subdistrict": "\u0e2a\u0e30\u0e40\u0e15\u0e07", "district": "\u0e40\u0e21\u0e37\u0e2d\u0e07\u0e22\u0e30\u0e25\u0e32", "province": "\u0e22\u0e30\u0e25\u0e32", "postcode": "95000", "renovate": false}, {"name": "\u0e2a\u0e16\u0e32\u0e19\u0e35\u0e23\u0e16\u0e44\u0e1f", "store_id": "02482", "address": "\u0e16.\u0e23\u0e16\u0e44\u0e1f \u0e15.\u0e2a\u0e30\u0e40\u0e15\u0e07 \u0e2d.\u0e40\u0e21\u0e37\u0e2d\u0e07\u0e22\u0e30\u0e25\u0e32 \u0e22\u0e30\u0e25\u0e32", "lat": 6.561191, "lng": 101.292188, "subdistrict": "\u0e2a\u0e30\u0e40\u0e15\u0e07", "district": "\u0e40\u0e21\u0e37\u0e2d\u0e07\u0e22\u0e30\u0e25\u0e32", "province": "\u0e22\u0e30\u0e25\u0e32", "postcode": "95000", "renovate": false}, {"name": "\u0e2a\u0e34\u0e19\u0e2d\u0e38\u0e17\u0e34\u0e28", "store_id": "05518", "address": "\u0e16.\u0e40\u0e17\u0e28\u0e1a\u0e32\u0e25 1 \u0e15.\u0e2a\u0e30\u0e40\u0e15\u0e07 \u0e2d.\u0e40\u0e21\u0e37\u0e2d\u0e07\u0e22\u0e30\u0e25\u0e32 \u0e22\u0e30\u0e25\u0e32", "lat": 6.549761, "lng": 101.274147, "subdistrict": "\u0e2a\u0e30\u0e40\u0e15\u0e07", "district": "\u0e40\u0e21\u0e37\u0e2d\u0e07\u0e22\u0e30\u0e25\u0e32", "province": "\u0e22\u0e30\u0e25\u0e32", "postcode": "95000", "renovate": false}, {"name": "\u0e2a\u0e34\u0e42\u0e23\u0e23\u0e2a 1", "store_id": "09204", "address": "\u0e16.\u0e2a\u0e34\u0e42\u0e23\u0e23\u0e2a \u0e15.\u0e2a\u0e30\u0e40\u0e15\u0e07 \u0e2d.\u0e40\u0e21\u0e37\u0e2d\u0e07\u0e22\u0e30\u0e25\u0e32 \u0e22\u0e30\u0e25\u0e32", "lat": 6.56312, "lng": 101.29237, "subdistrict": "\u0e2a\u0e30\u0e40\u0e15\u0e07", "district": "\u0e40\u0e21\u0e37\u0e2d\u0e07\u0e22\u0e30\u0e25\u0e32", "province": "\u0e22\u0e30\u0e25\u0e32", "postcode": "95000", "renovate": false}, {"name": "\u0e2a\u0e34\u0e42\u0e23\u0e23\u0e2a (\u0e04\u0e39\u0e2b\u0e32\u0e21\u0e38\u0e02)", "store_id": "05102", "address": "\u0e15.\u0e2a\u0e30\u0e40\u0e15\u0e07 \u0e2d.\u0e40\u0e21\u0e37\u0e2d\u0e07\u0e22\u0e30\u0e25\u0e32 \u0e22\u0e30\u0e25\u0e32", "lat": 6.552683, "lng": 101.282272, "subdistrict": "\u0e2a\u0e30\u0e40\u0e15\u0e07", "district": "\u0e40\u0e21\u0e37\u0e2d\u0e07\u0e22\u0e30\u0e25\u0e32", "province": "\u0e22\u0e30\u0e25\u0e32", "postcode": "95000", "renovate": false}, {"name": "\u0e2a\u0e38\u0e02\u0e22\u0e32\u0e07\u0e04\u0e4c 2", "store_id": "13375", "address": "\u0e16.\u0e2a\u0e38\u0e02\u0e22\u0e32\u0e07\u0e04\u0e4c \u0e15.\u0e2a\u0e30\u0e40\u0e15\u0e07 \u0e2d.\u0e40\u0e21\u0e37\u0e2d\u0e07\u0e22\u0e30\u0e25\u0e32 \u0e22\u0e30\u0e25\u0e32", "lat": 6.53682416, "lng": 101.27945865, "subdistrict": "\u0e2a\u0e30\u0e40\u0e15\u0e07", "district": "\u0e40\u0e21\u0e37\u0e2d\u0e07\u0e22\u0e30\u0e25\u0e32", "province": "\u0e22\u0e30\u0e25\u0e32", "postcode": "95000", "renovate": false}, {"name": "\u0e2b\u0e19\u0e49\u0e32\u0e04\u0e38\u0e23\u0e38", "store_id": "02485", "address": "\u0e16.\u0e2d\u0e32\u0e04\u0e32\u0e23\u0e2a\u0e07\u0e40\u0e04\u0e23\u0e32\u0e30\u0e2b\u0e4c \u0e15.\u0e2a\u0e30\u0e40\u0e15\u0e07 \u0e2d.\u0e40\u0e21\u0e37\u0e2d\u0e07\u0e22\u0e30\u0e25\u0e32 \u0e22\u0e30\u0e25\u0e32", "lat": 6.545146, "lng": 101.288364, "subdistrict": "\u0e2a\u0e30\u0e40\u0e15\u0e07", "district": "\u0e40\u0e21\u0e37\u0e2d\u0e07\u0e22\u0e30\u0e25\u0e32", "province": "\u0e22\u0e30\u0e25\u0e32", "postcode": "95000", "renovate": false}, {"name": "\u0e2b\u0e19\u0e49\u0e32\u0e42\u0e04\u0e25\u0e35\u0e40\u0e0b\u0e35\u0e22\u0e21", "store_id": "13121", "address": "\u0e16.\u0e2a\u0e34\u0e42\u0e23\u0e23\u0e2a \u0e15.\u0e2a\u0e30\u0e40\u0e15\u0e07 \u0e2d.\u0e40\u0e21\u0e37\u0e2d\u0e07\u0e22\u0e30\u0e25\u0e32 \u0e22\u0e30\u0e25\u0e32", "lat": 6.55911462, "lng": 101.28930385, "subdistrict": "\u0e2a\u0e30\u0e40\u0e15\u0e07", "district": "\u0e40\u0e21\u0e37\u0e2d\u0e07\u0e22\u0e30\u0e25\u0e32", "province": "\u0e22\u0e30\u0e25\u0e32", "postcode": "95000", "renovate": false}, {"name": "\u0e2b\u0e19\u0e49\u0e32 \u0e23.\u0e1e. \u0e2a\u0e21\u0e40\u0e14\u0e47\u0e08\u0e1e\u0e23\u0e30\u0e22\u0e38\u0e1e\u0e23\u0e32\u0e0a\u0e22\u0e30\u0e2b\u0e32", "store_id": "05103", "address": "\u0e16.\u0e1e\u0e34\u0e1e\u0e34\u0e18\u0e18\u0e32\u0e19\u0e35 \u0e15.\u0e22\u0e30\u0e2b\u0e32 \u0e2d.\u0e22\u0e30\u0e2b\u0e32 \u0e22\u0e30\u0e25\u0e32", "lat": 6.4907, "lng": 101.1241, "subdistrict": "\u0e22\u0e30\u0e2b\u0e32", "district": "\u0e22\u0e30\u0e2b\u0e32", "province": "\u0e22\u0e30\u0e25\u0e32", "postcode": "95120", "renovate": false}, {"name": "\u0e2b\u0e19\u0e49\u0e32\u0e42\u0e23\u0e07\u0e1e\u0e22\u0e32\u0e1a\u0e32\u0e25", "store_id": "02487", "address": "\u0e16.\u0e2a\u0e34\u0e42\u0e23\u0e23\u0e2a \u0e15.\u0e2a\u0e30\u0e40\u0e15\u0e07 \u0e2d.\u0e40\u0e21\u0e37\u0e2d\u0e07\u0e22\u0e30\u0e25\u0e32 \u0e22\u0e30\u0e25\u0e32", "lat": 6.548131, "lng": 101.275796, "subdistrict": "\u0e2a\u0e30\u0e40\u0e15\u0e07", "district": "\u0e40\u0e21\u0e37\u0e2d\u0e07\u0e22\u0e30\u0e25\u0e32", "province": "\u0e22\u0e30\u0e25\u0e32", "postcode": "95000", "renovate": false}, {"name": "\u0e2b\u0e49\u0e32\u0e41\u0e22\u0e01\u0e1c\u0e31\u0e07\u0e40\u0e21\u0e37\u0e2d\u0e07 4", "store_id": "07443", "address": "\u0e16.\u0e2a\u0e38\u0e02\u0e22\u0e32\u0e07\u0e04\u0e4c  1 \u0e15.\u0e2a\u0e30\u0e40\u0e15\u0e07 \u0e2d.\u0e40\u0e21\u0e37\u0e2d\u0e07\u0e22\u0e30\u0e25\u0e32 \u0e22\u0e30\u0e25\u0e32", "lat": 6.541414, "lng": 101.288293, "subdistrict": "\u0e2a\u0e30\u0e40\u0e15\u0e07", "district": "\u0e40\u0e21\u0e37\u0e2d\u0e07\u0e22\u0e30\u0e25\u0e32", "province": "\u0e22\u0e30\u0e25\u0e32", "postcode": "95000", "renovate": false}, {"name": "\u0e2d\u0e32\u0e0a\u0e35\u0e27\u0e22\u0e30\u0e25\u0e32", "store_id": "05487", "address": "\u0e16.\u0e2a\u0e32\u0e22 15 \u0e15.\u0e2a\u0e30\u0e40\u0e15\u0e07 \u0e2d.\u0e40\u0e21\u0e37\u0e2d\u0e07\u0e22\u0e30\u0e25\u0e32 \u0e22\u0e30\u0e25\u0e32", "lat": 6.5231, "lng": 101.2659, "subdistrict": "\u0e2a\u0e30\u0e40\u0e15\u0e07", "district": "\u0e40\u0e21\u0e37\u0e2d\u0e07\u0e22\u0e30\u0e25\u0e32", "province": "\u0e22\u0e30\u0e25\u0e32", "postcode": "95000", "renovate": false}, {"name": "PTTOR\u0e40\u0e17\u0e28\u0e1a\u0e32\u0e25\u0e19\u0e04\u0e23\u0e22\u0e30\u0e25\u0e32", "store_id": "14664", "address": "\u0e16.\u0e2a\u0e38\u0e02\u0e22\u0e32\u0e07\u0e04\u0e4c \u0e15.\u0e2a\u0e30\u0e40\u0e15\u0e07 \u0e2d.\u0e40\u0e21\u0e37\u0e2d\u0e07\u0e22\u0e30\u0e25\u0e32 \u0e22\u0e30\u0e25\u0e32", "lat": 6.51921976, "lng": 101.27902737, "subdistrict": "\u0e2a\u0e30\u0e40\u0e15\u0e07", "district": "\u0e40\u0e21\u0e37\u0e2d\u0e07\u0e22\u0e30\u0e25\u0e32", "province": "\u0e22\u0e30\u0e25\u0e32", "postcode": "95000", "renovate": false}, {"name": "PTTOR \u0e21\u0e31\u0e23\u0e01\u0e31\u0e2a(\u0e22\u0e30\u0e25\u0e32)", "store_id": "16622", "address": "\u0e15.\u0e2a\u0e30\u0e40\u0e15\u0e07 \u0e2d.\u0e40\u0e21\u0e37\u0e2d\u0e07\u0e22\u0e30\u0e25\u0e32 \u0e22\u0e30\u0e25\u0e32", "lat": 6.5546455, "lng": 101.30234184, "subdistrict": "\u0e2a\u0e30\u0e40\u0e15\u0e07", "district": "\u0e40\u0e21\u0e37\u0e2d\u0e07\u0e22\u0e30\u0e25\u0e32", "province": "\u0e22\u0e30\u0e25\u0e32", "postcode": "95000", "renovate": false}, {"name": "PTTOR \u0e22\u0e30\u0e2b\u0e32", "store_id": "16771", "address": "\u0e15.\u0e22\u0e30\u0e2b\u0e32 \u0e2d.\u0e22\u0e30\u0e2b\u0e32 \u0e22\u0e30\u0e25\u0e32", "lat": 6.49409772, "lng": 101.1317585, "subdistrict": "\u0e22\u0e30\u0e2b\u0e32", "district": "\u0e22\u0e30\u0e2b\u0e32", "province": "\u0e22\u0e30\u0e25\u0e32", "postcode": "95120", "renovate": false}, {"name": "PTTOR \u0e23\u0e32\u0e21\u0e31\u0e19", "store_id": "16773", "address": "\u0e15.\u0e01\u0e32\u0e22\u0e39\u0e1a\u0e2d\u0e40\u0e01\u0e32\u0e30 \u0e2d.\u0e23\u0e32\u0e21\u0e31\u0e19 \u0e22\u0e30\u0e25\u0e32", "lat": 6.47525133, "lng": 101.43373378, "subdistrict": "\u0e01\u0e32\u0e22\u0e39\u0e1a\u0e2d\u0e40\u0e01\u0e32\u0e30", "district": "\u0e23\u0e32\u0e21\u0e31\u0e19", "province": "\u0e22\u0e30\u0e25\u0e32", "postcode": "95140", "renovate": false}, {"name": "PTTOR \u0e25\u0e33\u0e43\u0e2b\u0e21\u0e48 (\u0e22\u0e30\u0e25\u0e32)", "store_id": "15883", "address": "\u0e15.\u0e25\u0e33\u0e43\u0e2b\u0e21\u0e48 \u0e2d.\u0e40\u0e21\u0e37\u0e2d\u0e07\u0e22\u0e30\u0e25\u0e32 \u0e22\u0e30\u0e25\u0e32", "lat": 6.58268549, "lng": 101.19724363, "subdistrict": "\u0e25\u0e33\u0e43\u0e2b\u0e21\u0e48", "district": "\u0e40\u0e21\u0e37\u0e2d\u0e07\u0e22\u0e30\u0e25\u0e32", "province": "\u0e22\u0e30\u0e25\u0e32", "postcode": "95160", "renovate": false}, {"name": "PTTOR \u0e2a\u0e34\u0e42\u0e23\u0e23\u0e2a(\u0e22\u0e30\u0e25\u0e32)", "store_id": "15652", "address": "\u0e16.\u0e2a\u0e34\u0e42\u0e23\u0e23\u0e2a\u0e2a\u0e32\u0e222 \u0e15.\u0e2a\u0e30\u0e40\u0e15\u0e07 \u0e2d.\u0e40\u0e21\u0e37\u0e2d\u0e07\u0e22\u0e30\u0e25\u0e32 \u0e22\u0e30\u0e25\u0e32", "lat": 6.53520936, "lng": 101.26520276, "subdistrict": "\u0e2a\u0e30\u0e40\u0e15\u0e07", "district": "\u0e40\u0e21\u0e37\u0e2d\u0e07\u0e22\u0e30\u0e25\u0e32", "province": "\u0e22\u0e30\u0e25\u0e32", "postcode": "95000", "renovate": false}, {"name": "PTTOR \u0e2b\u0e2d\u0e19\u0e32\u0e2c\u0e34\u0e01\u0e32 (\u0e40\u0e21\u0e37\u0e2d\u0e07\u0e22\u0e30\u0e25\u0e32)", "store_id": "17563", "address": "\u0e16.\u0e1e\u0e34\u0e1e\u0e34\u0e18\u0e20\u0e31\u0e01\u0e14\u0e35 \u0e15.\u0e2a\u0e30\u0e40\u0e15\u0e07 \u0e2d.\u0e40\u0e21\u0e37\u0e2d\u0e07\u0e22\u0e30\u0e25\u0e32 \u0e22\u0e30\u0e25\u0e32", "lat": 6.54860572, "lng": 101.28441046, "subdistrict": "\u0e2a\u0e30\u0e40\u0e15\u0e07", "district": "\u0e40\u0e21\u0e37\u0e2d\u0e07\u0e22\u0e30\u0e25\u0e32", "province": "\u0e22\u0e30\u0e25\u0e32", "postcode": "95000", "renovate": false}]