[{"name": "\u0e17\u0e48\u0e32\u0e1c\u0e32", "store_id": "13075", "address": "\u0e0b.- \u0e16.- \u0e15.\u0e17\u0e48\u0e32\u0e1c\u0e32 \u0e2d.\u0e40\u0e01\u0e32\u0e30\u0e04\u0e32 \u0e25\u0e33\u0e1b\u0e32\u0e07", "lat": 18.2025282, "lng": 99.38981563, "subdistrict": "\u0e17\u0e48\u0e32\u0e1c\u0e32", "district": "\u0e40\u0e01\u0e32\u0e30\u0e04\u0e32", "province": "\u0e25\u0e33\u0e1b\u0e32\u0e07", "postcode": "52130", "renovate": false}, {"name": "\u0e1a\u0e49\u0e32\u0e19\u0e19\u0e32\u0e41\u0e01\u0e49\u0e27", "store_id": "18235", "address": "\u0e15.\u0e19\u0e32\u0e41\u0e01\u0e49\u0e27 \u0e2d.\u0e40\u0e01\u0e32\u0e30\u0e04\u0e32 \u0e25\u0e33\u0e1b\u0e32\u0e07", "lat": 18.11371411, "lng": 99.34416337, "subdistrict": "\u0e19\u0e32\u0e41\u0e01\u0e49\u0e27", "district": "\u0e40\u0e01\u0e32\u0e30\u0e04\u0e32", "province": "\u0e25\u0e33\u0e1b\u0e32\u0e07", "postcode": "52130", "renovate": false}, {"name": "\u0e1a\u0e49\u0e32\u0e19\u0e19\u0e32\u0e07\u0e41\u0e15\u0e19", "store_id": "15754", "address": "\u0e15.\u0e17\u0e48\u0e32\u0e1c\u0e32 \u0e2d.\u0e40\u0e01\u0e32\u0e30\u0e04\u0e32 \u0e25\u0e33\u0e1b\u0e32\u0e07", "lat": 18.16006426, "lng": 99.38001914, "subdistrict": "\u0e17\u0e48\u0e32\u0e1c\u0e32", "district": "\u0e40\u0e01\u0e32\u0e30\u0e04\u0e32", "province": "\u0e25\u0e33\u0e1b\u0e32\u0e07", "postcode": "52130", "renovate": false}, {"name": "\u0e1a\u0e49\u0e32\u0e19\u0e28\u0e32\u0e25\u0e32\u0e44\u0e0a\u0e22", "store_id": "14569", "address": "\u0e15.\u0e28\u0e32\u0e25\u0e32 \u0e2d.\u0e40\u0e01\u0e32\u0e30\u0e04\u0e32 \u0e25\u0e33\u0e1b\u0e32\u0e07", "lat": 18.21221134, "lng": 99.41553536, "subdistrict": "\u0e28\u0e32\u0e25\u0e32", "district": "\u0e40\u0e01\u0e32\u0e30\u0e04\u0e32", "province": "\u0e25\u0e33\u0e1b\u0e32\u0e07", "postcode": "52130", "renovate": false}, {"name": "\u0e1b\u0e15\u0e17.\u0e40\u0e01\u0e32\u0e30\u0e04\u0e32\u0e28\u0e32\u0e25\u0e32\u0e44\u0e0a\u0e22", "store_id": "11808", "address": "\u0e15.\u0e28\u0e32\u0e25\u0e32 \u0e2d.\u0e40\u0e01\u0e32\u0e30\u0e04\u0e32 \u0e25\u0e33\u0e1b\u0e32\u0e07", "lat": 18.20629329, "lng": 99.41214836, "subdistrict": "\u0e28\u0e32\u0e25\u0e32", "district": "\u0e40\u0e01\u0e32\u0e30\u0e04\u0e32", "province": "\u0e25\u0e33\u0e1b\u0e32\u0e07", "postcode": "52130", "renovate": false}, {"name": "\u0e1b\u0e15\u0e17.\u0e41\u0e22\u0e01\u0e40\u0e01\u0e32\u0e30\u0e04\u0e32", "store_id": "11419", "address": "\u0e15.\u0e28\u0e32\u0e25\u0e32 \u0e2d.\u0e40\u0e01\u0e32\u0e30\u0e04\u0e32 \u0e25\u0e33\u0e1b\u0e32\u0e07", "lat": 18.19307343, "lng": 99.40732095, "subdistrict": "\u0e28\u0e32\u0e25\u0e32", "district": "\u0e40\u0e01\u0e32\u0e30\u0e04\u0e32", "province": "\u0e25\u0e33\u0e1b\u0e32\u0e07", "postcode": "52130", "renovate": false}, {"name": "\u0e2b\u0e19\u0e49\u0e32\u0e42\u0e23\u0e07\u0e1e\u0e22\u0e32\u0e1a\u0e32\u0e25\u0e40\u0e01\u0e32\u0e30\u0e04\u0e32", "store_id": "16077", "address": "\u0e15.\u0e28\u0e32\u0e25\u0e32 \u0e2d.\u0e40\u0e01\u0e32\u0e30\u0e04\u0e32 \u0e25\u0e33\u0e1b\u0e32\u0e07", "lat": 18.20013885, "lng": 99.40583579, "subdistrict": "\u0e28\u0e32\u0e25\u0e32", "district": "\u0e40\u0e01\u0e32\u0e30\u0e04\u0e32", "province": "\u0e25\u0e33\u0e1b\u0e32\u0e07", "postcode": "52130", "renovate": false}, {"name": "\u0e2d.\u0e40\u0e01\u0e32\u0e30\u0e04\u0e32", "store_id": "05443", "address": "\u0e0b.- \u0e16.- \u0e15.\u0e28\u0e32\u0e25\u0e32 \u0e2d.\u0e40\u0e01\u0e32\u0e30\u0e04\u0e32 \u0e25\u0e33\u0e1b\u0e32\u0e07", "lat": 18.19217101, "lng": 99.39881913, "subdistrict": "\u0e28\u0e32\u0e25\u0e32", "district": "\u0e40\u0e01\u0e32\u0e30\u0e04\u0e32", "province": "\u0e25\u0e33\u0e1b\u0e32\u0e07", "postcode": "52130", "renovate": false}, {"name": "\u0e1b\u0e15\u0e17.\u0e07\u0e32\u0e27", "store_id": "11054", "address": "\u0e0b.- \u0e16.\u0e44\u0e2e\u0e40\u0e27\u0e22\u0e4c\u0e25\u0e33\u0e1b\u0e32\u0e07-\u0e07\u0e32\u0e27 \u0e15.\u0e19\u0e32\u0e41\u0e01 \u0e2d.\u0e07\u0e32\u0e27 \u0e25\u0e33\u0e1b\u0e32\u0e07", "lat": 18.78481901, "lng": 99.96734408, "subdistrict": "\u0e19\u0e32\u0e41\u0e01", "district": "\u0e07\u0e32\u0e27", "province": "\u0e25\u0e33\u0e1b\u0e32\u0e07", "postcode": "52110", "renovate": false}, {"name": "\u0e1b\u0e15\u0e17.\u0e07\u0e32\u0e27\u0e44\u0e2e\u0e40\u0e27\u0e22\u0e4c", "store_id": "13590", "address": "\u0e15.\u0e2b\u0e25\u0e27\u0e07\u0e43\u0e15\u0e49 \u0e2d.\u0e07\u0e32\u0e27 \u0e25\u0e33\u0e1b\u0e32\u0e07", "lat": 18.73897, "lng": 99.97344, "subdistrict": "\u0e2b\u0e25\u0e27\u0e07\u0e43\u0e15\u0e49", "district": "\u0e07\u0e32\u0e27", "province": "\u0e25\u0e33\u0e1b\u0e32\u0e07", "postcode": "52110", "renovate": false}, {"name": "\u0e2d\u0e33\u0e40\u0e20\u0e2d\u0e07\u0e32\u0e27", "store_id": "04911", "address": "\u0e15.\u0e2b\u0e25\u0e27\u0e07\u0e40\u0e2b\u0e19\u0e37\u0e2d \u0e2d.\u0e07\u0e32\u0e27 \u0e25\u0e33\u0e1b\u0e32\u0e07", "lat": 18.7528459, "lng": 99.97985526, "subdistrict": "\u0e2b\u0e25\u0e27\u0e07\u0e40\u0e2b\u0e19\u0e37\u0e2d", "district": "\u0e07\u0e32\u0e27", "province": "\u0e25\u0e33\u0e1b\u0e32\u0e07", "postcode": "52100", "renovate": false}, {"name": "\u0e41\u0e08\u0e49\u0e2b\u0e48\u0e21", "store_id": "07360", "address": "\u0e15.\u0e41\u0e08\u0e49\u0e2b\u0e48\u0e21 \u0e2d.\u0e41\u0e08\u0e49\u0e2b\u0e48\u0e21 \u0e25\u0e33\u0e1b\u0e32\u0e07", "lat": 18.70343174, "lng": 99.56596004, "subdistrict": "\u0e41\u0e08\u0e49\u0e2b\u0e48\u0e21", "district": "\u0e41\u0e08\u0e49\u0e2b\u0e48\u0e21", "province": "\u0e25\u0e33\u0e1b\u0e32\u0e07", "postcode": "52120", "renovate": false}, {"name": "\u0e15\u0e25\u0e32\u0e14\u0e1a\u0e49\u0e32\u0e19\u0e2a\u0e32", "store_id": "16567", "address": "\u0e0b.- \u0e16.- \u0e15.\u0e1a\u0e49\u0e32\u0e19\u0e2a\u0e32 \u0e2d.\u0e41\u0e08\u0e49\u0e2b\u0e48\u0e21 \u0e25\u0e33\u0e1b\u0e32\u0e07", "lat": 18.63768188, "lng": 99.54058634, "subdistrict": "\u0e1a\u0e49\u0e32\u0e19\u0e2a\u0e32", "district": "\u0e41\u0e08\u0e49\u0e2b\u0e48\u0e21", "province": "\u0e25\u0e33\u0e1b\u0e32\u0e07", "postcode": "52120", "renovate": false}, {"name": "\u0e1b\u0e23\u0e30\u0e15\u0e39\u0e21\u0e49\u0e32", "store_id": "08069", "address": "\u0e16.\u0e25\u0e33\u0e1b\u0e32\u0e07\u0e41\u0e08\u0e49\u0e2b\u0e48\u0e21 \u0e15.\u0e40\u0e27\u0e35\u0e22\u0e07\u0e40\u0e2b\u0e19\u0e37\u0e2d \u0e2d.\u0e40\u0e21\u0e37\u0e2d\u0e07\u0e25\u0e33\u0e1b\u0e32\u0e07 \u0e25\u0e33\u0e1b\u0e32\u0e07", "lat": 18.30812323, "lng": 99.51277709, "subdistrict": "\u0e40\u0e27\u0e35\u0e22\u0e07\u0e40\u0e2b\u0e19\u0e37\u0e2d", "district": "\u0e40\u0e21\u0e37\u0e2d\u0e07\u0e25\u0e33\u0e1b\u0e32\u0e07", "province": "\u0e25\u0e33\u0e1b\u0e32\u0e07", "postcode": "52100", "renovate": false}, {"name": "\u0e15\u0e25\u0e32\u0e14\u0e08\u0e33\u0e40\u0e23\u0e34\u0e0d\u0e22\u0e19\u0e15\u0e4c", "store_id": "09928", "address": "\u0e0b.- \u0e16.\u0e08\u0e33\u0e40\u0e23\u0e34\u0e0d\u0e22\u0e19\u0e15\u0e4c \u0e15.\u0e25\u0e49\u0e2d\u0e21\u0e41\u0e23\u0e14 \u0e2d.\u0e40\u0e16\u0e34\u0e19 \u0e25\u0e33\u0e1b\u0e32\u0e07", "lat": 17.607016, "lng": 99.211196, "subdistrict": "\u0e25\u0e49\u0e2d\u0e21\u0e41\u0e23\u0e14", "district": "\u0e40\u0e16\u0e34\u0e19", "province": "\u0e25\u0e33\u0e1b\u0e32\u0e07", "postcode": "52160", "renovate": false}, {"name": "\u0e1b\u0e15\u0e17.\u0e40\u0e16\u0e34\u0e19(1)", "store_id": "07865", "address": "\u0e15.\u0e25\u0e49\u0e2d\u0e21\u0e41\u0e23\u0e14 \u0e2d.\u0e40\u0e16\u0e34\u0e19 \u0e25\u0e33\u0e1b\u0e32\u0e07", "lat": 17.61989181, "lng": 99.23426614, "subdistrict": "\u0e25\u0e49\u0e2d\u0e21\u0e41\u0e23\u0e14", "district": "\u0e40\u0e16\u0e34\u0e19", "province": "\u0e25\u0e33\u0e1b\u0e32\u0e07", "postcode": "52160", "renovate": false}, {"name": "\u0e1b\u0e15\u0e17.\u0e40\u0e16\u0e34\u0e19 2", "store_id": "03646", "address": "\u0e15.\u0e25\u0e49\u0e2d\u0e21\u0e41\u0e23\u0e14 \u0e2d.\u0e40\u0e16\u0e34\u0e19 \u0e25\u0e33\u0e1b\u0e32\u0e07", "lat": 17.61824773, "lng": 99.23385238, "subdistrict": "\u0e25\u0e49\u0e2d\u0e21\u0e41\u0e23\u0e14", "district": "\u0e40\u0e16\u0e34\u0e19", "province": "\u0e25\u0e33\u0e1b\u0e32\u0e07", "postcode": "52160", "renovate": false}, {"name": "\u0e2a\u0e32\u0e21\u0e41\u0e22\u0e01\u0e14\u0e2d\u0e19\u0e44\u0e0a\u0e22", "store_id": "08216", "address": "\u0e16.\u0e1e\u0e2b\u0e25\u0e42\u0e22\u0e18\u0e34\u0e19 \u0e15.\u0e25\u0e49\u0e2d\u0e21\u0e41\u0e23\u0e14 \u0e2d.\u0e40\u0e16\u0e34\u0e19 \u0e25\u0e33\u0e1b\u0e32\u0e07", "lat": 17.64011634, "lng": 99.23591755, "subdistrict": "\u0e25\u0e49\u0e2d\u0e21\u0e41\u0e23\u0e14", "district": "\u0e40\u0e16\u0e34\u0e19", "province": "\u0e25\u0e33\u0e1b\u0e32\u0e07", "postcode": "52160", "renovate": false}, {"name": "\u0e41\u0e08\u0e49\u0e0b\u0e49\u0e2d\u0e19", "store_id": "17080", "address": "\u0e15.\u0e41\u0e08\u0e49\u0e0b\u0e49\u0e2d\u0e19 \u0e2d.\u0e40\u0e21\u0e37\u0e2d\u0e07\u0e1b\u0e32\u0e19 \u0e25\u0e33\u0e1b\u0e32\u0e07", "lat": 18.82094727, "lng": 99.50753953, "subdistrict": "\u0e41\u0e08\u0e49\u0e0b\u0e49\u0e2d\u0e19", "district": "\u0e40\u0e21\u0e37\u0e2d\u0e07\u0e1b\u0e32\u0e19", "province": "\u0e25\u0e33\u0e1b\u0e32\u0e07", "postcode": "52240", "renovate": false}, {"name": "\u0e1b\u0e15\u0e17.\u0e25\u0e33\u0e1b\u0e32\u0e07-\u0e40\u0e21\u0e37\u0e2d\u0e07\u0e1b\u0e32\u0e19", "store_id": "12071", "address": "\u0e15.\u0e1a\u0e48\u0e2d\u0e41\u0e2e\u0e49\u0e27 \u0e2d.\u0e40\u0e21\u0e37\u0e2d\u0e07\u0e25\u0e33\u0e1b\u0e32\u0e07 \u0e25\u0e33\u0e1b\u0e32\u0e07", "lat": 18.31195702, "lng": 99.46398205, "subdistrict": "\u0e1a\u0e48\u0e2d\u0e41\u0e2e\u0e49\u0e27", "district": "\u0e40\u0e21\u0e37\u0e2d\u0e07\u0e25\u0e33\u0e1b\u0e32\u0e07", "province": "\u0e25\u0e33\u0e1b\u0e32\u0e07", "postcode": "52100", "renovate": false}, {"name": "\u0e2d.\u0e40\u0e21\u0e37\u0e2d\u0e07\u0e1b\u0e32\u0e19", "store_id": "05209", "address": "\u0e15.\u0e40\u0e21\u0e37\u0e2d\u0e07\u0e1b\u0e32\u0e19 \u0e2d.\u0e40\u0e21\u0e37\u0e2d\u0e07\u0e1b\u0e32\u0e19 \u0e25\u0e33\u0e1b\u0e32\u0e07", "lat": 18.766141, "lng": 99.520736, "subdistrict": "\u0e40\u0e21\u0e37\u0e2d\u0e07\u0e1b\u0e32\u0e19", "district": "\u0e40\u0e21\u0e37\u0e2d\u0e07\u0e1b\u0e32\u0e19", "province": "\u0e25\u0e33\u0e1b\u0e32\u0e07", "postcode": "52240", "renovate": false}, {"name": "\u0e0a\u0e38\u0e21\u0e0a\u0e19\u0e19\u0e32\u0e01\u0e48\u0e27\u0e21", "store_id": "16066", "address": "\u0e0b.- \u0e16.- \u0e15.\u0e0a\u0e21\u0e1e\u0e39 \u0e2d.\u0e40\u0e21\u0e37\u0e2d\u0e07\u0e25\u0e33\u0e1b\u0e32\u0e07 \u0e25\u0e33\u0e1b\u0e32\u0e07", "lat": 18.27092762, "lng": 99.468545, "subdistrict": "\u0e0a\u0e21\u0e1e\u0e39", "district": "\u0e40\u0e21\u0e37\u0e2d\u0e07\u0e25\u0e33\u0e1b\u0e32\u0e07", "province": "\u0e25\u0e33\u0e1b\u0e32\u0e07", "postcode": "52100", "renovate": false}, {"name": "\u0e15\u0e25\u0e32\u0e14\u0e01\u0e32\u0e14\u0e40\u0e21\u0e06", "store_id": "06982", "address": "\u0e16.\u0e25\u0e33\u0e1b\u0e32\u0e07-\u0e41\u0e21\u0e48\u0e17\u0e30 \u0e15.\u0e0a\u0e21\u0e1e\u0e39 \u0e2d.\u0e40\u0e21\u0e37\u0e2d\u0e07\u0e25\u0e33\u0e1b\u0e32\u0e07 \u0e25\u0e33\u0e1b\u0e32\u0e07", "lat": 18.24994147, "lng": 99.490625, "subdistrict": "\u0e0a\u0e21\u0e1e\u0e39", "district": "\u0e40\u0e21\u0e37\u0e2d\u0e07\u0e25\u0e33\u0e1b\u0e32\u0e07", "province": "\u0e25\u0e33\u0e1b\u0e32\u0e07", "postcode": "52000", "renovate": false}, {"name": "\u0e1a\u0e49\u0e32\u0e19\u0e1f\u0e48\u0e2d\u0e19", "store_id": "08795", "address": "\u0e15.\u0e0a\u0e21\u0e1e\u0e39 \u0e2d.\u0e40\u0e21\u0e37\u0e2d\u0e07\u0e25\u0e33\u0e1b\u0e32\u0e07 \u0e25\u0e33\u0e1b\u0e32\u0e07", "lat": 18.24120185, "lng": 99.4365901, "subdistrict": "\u0e0a\u0e21\u0e1e\u0e39", "district": "\u0e40\u0e21\u0e37\u0e2d\u0e07\u0e25\u0e33\u0e1b\u0e32\u0e07", "province": "\u0e25\u0e33\u0e1b\u0e32\u0e07", "postcode": "52000", "renovate": false}, {"name": "\u0e1a\u0e32\u0e22\u0e1e\u0e32\u0e2a\u0e25\u0e33\u0e1b\u0e32\u0e07-\u0e41\u0e1e\u0e23\u0e48", "store_id": "17725", "address": "\u0e0b.- \u0e16.- \u0e15.\u0e0a\u0e21\u0e1e\u0e39 \u0e2d.\u0e40\u0e21\u0e37\u0e2d\u0e07\u0e25\u0e33\u0e1b\u0e32\u0e07 \u0e25\u0e33\u0e1b\u0e32\u0e07", "lat": 18.25834526, "lng": 99.47780605, "subdistrict": "\u0e0a\u0e21\u0e1e\u0e39", "district": "\u0e40\u0e21\u0e37\u0e2d\u0e07\u0e25\u0e33\u0e1b\u0e32\u0e07", "province": "\u0e25\u0e33\u0e1b\u0e32\u0e07", "postcode": "52100", "renovate": false}, {"name": "\u0e1b\u0e15\u0e17.\u0e28\u0e23\u0e35\u0e2b\u0e21\u0e27\u0e14\u0e40\u0e01\u0e25\u0e49\u0e32", "store_id": "02029", "address": "\u0e16.\u0e44\u0e2e\u0e40\u0e27\u0e22\u0e4c-\u0e25\u0e33\u0e1b\u0e32\u0e07-\u0e07\u0e32\u0e27 \u0e15.\u0e0a\u0e21\u0e1e\u0e39 \u0e2d.\u0e40\u0e21\u0e37\u0e2d\u0e07\u0e25\u0e33\u0e1b\u0e32\u0e07 \u0e25\u0e33\u0e1b\u0e32\u0e07", "lat": 18.262258, "lng": 99.466453, "subdistrict": "\u0e0a\u0e21\u0e1e\u0e39", "district": "\u0e40\u0e21\u0e37\u0e2d\u0e07\u0e25\u0e33\u0e1b\u0e32\u0e07", "province": "\u0e25\u0e33\u0e1b\u0e32\u0e07", "postcode": "52100", "renovate": false}, {"name": "\u0e21\u0e2b\u0e32\u0e27\u0e34\u0e17\u0e22\u0e32\u0e25\u0e31\u0e22\u0e23\u0e32\u0e0a\u0e20\u0e31\u0e0f\u0e25\u0e33\u0e1b\u0e32\u0e07", "store_id": "14443", "address": "\u0e15.\u0e0a\u0e21\u0e1e\u0e39 \u0e2d.\u0e40\u0e21\u0e37\u0e2d\u0e07\u0e25\u0e33\u0e1b\u0e32\u0e07 \u0e25\u0e33\u0e1b\u0e32\u0e07", "lat": 18.23674844, "lng": 99.48913909, "subdistrict": "\u0e0a\u0e21\u0e1e\u0e39", "district": "\u0e40\u0e21\u0e37\u0e2d\u0e07\u0e25\u0e33\u0e1b\u0e32\u0e07", "province": "\u0e25\u0e33\u0e1b\u0e32\u0e07", "postcode": "52100", "renovate": false}, {"name": "\u0e41\u0e22\u0e01\u0e19\u0e32\u0e01\u0e48\u0e27\u0e21", "store_id": "17990", "address": "\u0e15.\u0e0a\u0e21\u0e1e\u0e39 \u0e2d.\u0e40\u0e21\u0e37\u0e2d\u0e07\u0e25\u0e33\u0e1b\u0e32\u0e07 \u0e25\u0e33\u0e1b\u0e32\u0e07", "lat": 18.26447126, "lng": 99.46381614, "subdistrict": "\u0e0a\u0e21\u0e1e\u0e39", "district": "\u0e40\u0e21\u0e37\u0e2d\u0e07\u0e25\u0e33\u0e1b\u0e32\u0e07", "province": "\u0e25\u0e33\u0e1b\u0e32\u0e07", "postcode": "52100", "renovate": false}, {"name": "\u0e23\u0e32\u0e0a\u0e20\u0e31\u0e0e\u0e25\u0e33\u0e1b\u0e32\u0e07", "store_id": "02827", "address": "\u0e16.\u0e25\u0e33\u0e1b\u0e32\u0e07-\u0e41\u0e21\u0e48\u0e17\u0e30 \u0e15.\u0e0a\u0e21\u0e1e\u0e39 \u0e2d.\u0e40\u0e21\u0e37\u0e2d\u0e07\u0e25\u0e33\u0e1b\u0e32\u0e07 \u0e25\u0e33\u0e1b\u0e32\u0e07", "lat": 18.23693926, "lng": 99.49079682, "subdistrict": "\u0e0a\u0e21\u0e1e\u0e39", "district": "\u0e40\u0e21\u0e37\u0e2d\u0e07\u0e25\u0e33\u0e1b\u0e32\u0e07", "province": "\u0e25\u0e33\u0e1b\u0e32\u0e07", "postcode": "52000", "renovate": false}, {"name": "\u0e17\u0e48\u0e32\u0e40\u0e14\u0e37\u0e48\u0e2d", "store_id": "10924", "address": "\u0e15.\u0e15\u0e49\u0e19\u0e18\u0e07\u0e0a\u0e31\u0e22 \u0e2d.\u0e40\u0e21\u0e37\u0e2d\u0e07\u0e25\u0e33\u0e1b\u0e32\u0e07 \u0e25\u0e33\u0e1b\u0e32\u0e07", "lat": 18.3433256, "lng": 99.53572042, "subdistrict": "\u0e15\u0e49\u0e19\u0e18\u0e07\u0e0a\u0e31\u0e22", "district": "\u0e40\u0e21\u0e37\u0e2d\u0e07\u0e25\u0e33\u0e1b\u0e32\u0e07", "province": "\u0e25\u0e33\u0e1b\u0e32\u0e07", "postcode": "52000", "renovate": false}, {"name": "PTTOR \u0e1a\u0e49\u0e32\u0e19\u0e17\u0e48\u0e32\u0e42\u0e17\u0e01 (\u0e25\u0e33\u0e1b\u0e32\u0e07)", "store_id": "14467", "address": "\u0e16.\u0e25\u0e33\u0e1b\u0e32\u0e07-\u0e41\u0e08\u0e49 \u0e15.\u0e17\u0e38\u0e48\u0e07\u0e1d\u0e32\u0e22 \u0e2d.\u0e40\u0e21\u0e37\u0e2d\u0e07\u0e25\u0e33\u0e1b\u0e32\u0e07 \u0e25\u0e33\u0e1b\u0e32\u0e07", "lat": 18.35693889, "lng": 99.54452008, "subdistrict": "\u0e17\u0e38\u0e48\u0e07\u0e1d\u0e32\u0e22", "district": "\u0e40\u0e21\u0e37\u0e2d\u0e07\u0e25\u0e33\u0e1b\u0e32\u0e07", "province": "\u0e25\u0e33\u0e1b\u0e32\u0e07", "postcode": "52000", "renovate": false}, {"name": "\u0e0a\u0e38\u0e21\u0e0a\u0e19\u0e17\u0e31\u0e1a\u0e2b\u0e21\u0e32\u0e01", "store_id": "14994", "address": "\u0e0b.- \u0e16.- \u0e15.\u0e1a\u0e48\u0e2d\u0e41\u0e2e\u0e49\u0e27 \u0e2d.\u0e40\u0e21\u0e37\u0e2d\u0e07\u0e25\u0e33\u0e1b\u0e32\u0e07 \u0e25\u0e33\u0e1b\u0e32\u0e07", "lat": 18.2878184, "lng": 99.46155248, "subdistrict": "\u0e1a\u0e48\u0e2d\u0e41\u0e2e\u0e49\u0e27", "district": "\u0e40\u0e21\u0e37\u0e2d\u0e07\u0e25\u0e33\u0e1b\u0e32\u0e07", "province": "\u0e25\u0e33\u0e1b\u0e32\u0e07", "postcode": "52100", "renovate": false}, {"name": "\u0e1b\u0e15\u0e17.\u0e14\u0e07\u0e2a\u0e31\u0e19\u0e40\u0e07\u0e34\u0e19 2", "store_id": "11856", "address": "\u0e15.\u0e1a\u0e48\u0e2d\u0e41\u0e2e\u0e49\u0e27 \u0e2d.\u0e40\u0e21\u0e37\u0e2d\u0e07\u0e25\u0e33\u0e1b\u0e32\u0e07 \u0e25\u0e33\u0e1b\u0e32\u0e07", "lat": 18.30313867, "lng": 99.4806493, "subdistrict": "\u0e1a\u0e48\u0e2d\u0e41\u0e2e\u0e49\u0e27", "district": "\u0e40\u0e21\u0e37\u0e2d\u0e07\u0e25\u0e33\u0e1b\u0e32\u0e07", "province": "\u0e25\u0e33\u0e1b\u0e32\u0e07", "postcode": "52100", "renovate": false}, {"name": "\u0e2b\u0e19\u0e2d\u0e07\u0e01\u0e23\u0e30\u0e17\u0e34\u0e07", "store_id": "01101", "address": "\u0e15.\u0e1a\u0e48\u0e2d\u0e41\u0e2e\u0e49\u0e27 \u0e2d.\u0e40\u0e21\u0e37\u0e2d\u0e07\u0e25\u0e33\u0e1b\u0e32\u0e07 \u0e25\u0e33\u0e1b\u0e32\u0e07", "lat": 18.30859789, "lng": 99.46688553, "subdistrict": "\u0e1a\u0e48\u0e2d\u0e41\u0e2e\u0e49\u0e27", "district": "\u0e40\u0e21\u0e37\u0e2d\u0e07\u0e25\u0e33\u0e1b\u0e32\u0e07", "province": "\u0e25\u0e33\u0e1b\u0e32\u0e07", "postcode": "52100", "renovate": false}, {"name": "\u0e2b\u0e19\u0e2d\u0e07\u0e01\u0e23\u0e30\u0e17\u0e34\u0e07 2", "store_id": "06558", "address": "\u0e15.\u0e1a\u0e48\u0e2d\u0e41\u0e2e\u0e49\u0e27 \u0e2d.\u0e40\u0e21\u0e37\u0e2d\u0e07\u0e25\u0e33\u0e1b\u0e32\u0e07 \u0e25\u0e33\u0e1b\u0e32\u0e07", "lat": 18.30873932, "lng": 99.46731226, "subdistrict": "\u0e1a\u0e48\u0e2d\u0e41\u0e2e\u0e49\u0e27", "district": "\u0e40\u0e21\u0e37\u0e2d\u0e07\u0e25\u0e33\u0e1b\u0e32\u0e07", "province": "\u0e25\u0e33\u0e1b\u0e32\u0e07", "postcode": "52000", "renovate": false}, {"name": "\u0e17\u0e38\u0e48\u0e07\u0e1a\u0e48\u0e2d\u0e41\u0e1b\u0e49\u0e19", "store_id": "13647", "address": "\u0e15.\u0e1b\u0e07\u0e41\u0e2a\u0e19\u0e17\u0e2d\u0e07 \u0e2d.\u0e40\u0e21\u0e37\u0e2d\u0e07\u0e25\u0e33\u0e1b\u0e32\u0e07 \u0e25\u0e33\u0e1b\u0e32\u0e07", "lat": 18.29611509, "lng": 99.41534883, "subdistrict": "\u0e1b\u0e07\u0e41\u0e2a\u0e19\u0e17\u0e2d\u0e07", "district": "\u0e40\u0e21\u0e37\u0e2d\u0e07\u0e25\u0e33\u0e1b\u0e32\u0e07", "province": "\u0e25\u0e33\u0e1b\u0e32\u0e07", "postcode": "52100", "renovate": false}, {"name": "\u0e1b\u0e07\u0e41\u0e2a\u0e19\u0e17\u0e2d\u0e07", "store_id": "17726", "address": "\u0e15.\u0e1b\u0e07\u0e41\u0e2a\u0e19\u0e17\u0e2d\u0e07 \u0e2d.\u0e40\u0e21\u0e37\u0e2d\u0e07\u0e25\u0e33\u0e1b\u0e32\u0e07 \u0e25\u0e33\u0e1b\u0e32\u0e07", "lat": 18.2740144, "lng": 99.458241, "subdistrict": "\u0e1b\u0e07\u0e41\u0e2a\u0e19\u0e17\u0e2d\u0e07", "district": "\u0e40\u0e21\u0e37\u0e2d\u0e07\u0e25\u0e33\u0e1b\u0e32\u0e07", "province": "\u0e25\u0e33\u0e1b\u0e32\u0e07", "postcode": "52100", "renovate": false}, {"name": "\u0e1b\u0e15\u0e17.\u0e01\u0e2d\u0e01\u0e0a\u0e38\u0e21", "store_id": "10833", "address": "\u0e16.\u0e25\u0e33\u0e1b\u0e32\u0e07-\u0e41\u0e21\u0e48\u0e17\u0e30 \u0e15.\u0e1e\u0e23\u0e30\u0e1a\u0e32\u0e17 \u0e2d.\u0e40\u0e21\u0e37\u0e2d\u0e07\u0e25\u0e33\u0e1b\u0e32\u0e07 \u0e25\u0e33\u0e1b\u0e32\u0e07", "lat": 18.26895857, "lng": 99.49720926, "subdistrict": "\u0e1e\u0e23\u0e30\u0e1a\u0e32\u0e17", "district": "\u0e40\u0e21\u0e37\u0e2d\u0e07\u0e25\u0e33\u0e1b\u0e32\u0e07", "province": "\u0e25\u0e33\u0e1b\u0e32\u0e07", "postcode": "52000", "renovate": false}, {"name": "\u0e1b\u0e15\u0e17.\u0e41\u0e22\u0e01\u0e14\u0e2d\u0e22\u0e1e\u0e23\u0e30\u0e1a\u0e32\u0e17", "store_id": "11420", "address": "\u0e15.\u0e1e\u0e23\u0e30\u0e1a\u0e32\u0e17 \u0e2d.\u0e40\u0e21\u0e37\u0e2d\u0e07\u0e25\u0e33\u0e1b\u0e32\u0e07 \u0e25\u0e33\u0e1b\u0e32\u0e07", "lat": 18.25728267, "lng": 99.54304553, "subdistrict": "\u0e1e\u0e23\u0e30\u0e1a\u0e32\u0e17", "district": "\u0e40\u0e21\u0e37\u0e2d\u0e07\u0e25\u0e33\u0e1b\u0e32\u0e07", "province": "\u0e25\u0e33\u0e1b\u0e32\u0e07", "postcode": "52000", "renovate": false}, {"name": "\u0e1b\u0e15\u0e17.\u0e41\u0e22\u0e01\u0e1b\u0e48\u0e32\u0e02\u0e32\u0e21", "store_id": "06464", "address": "\u0e16.\u0e44\u0e2e\u0e40\u0e27\u0e22\u0e4c-\u0e25\u0e33\u0e1b\u0e32\u0e07-\u0e07\u0e32\u0e27 \u0e15.\u0e1e\u0e23\u0e30\u0e1a\u0e32\u0e17 \u0e2d.\u0e40\u0e21\u0e37\u0e2d\u0e07\u0e25\u0e33\u0e1b\u0e32\u0e07 \u0e25\u0e33\u0e1b\u0e32\u0e07", "lat": 18.2825158, "lng": 99.51051302, "subdistrict": "\u0e1e\u0e23\u0e30\u0e1a\u0e32\u0e17", "district": "\u0e40\u0e21\u0e37\u0e2d\u0e07\u0e25\u0e33\u0e1b\u0e32\u0e07", "province": "\u0e25\u0e33\u0e1b\u0e32\u0e07", "postcode": "52000", "renovate": false}, {"name": "\u0e41\u0e22\u0e01\u0e1b\u0e48\u0e32\u0e02\u0e32\u0e21", "store_id": "15103", "address": "\u0e0b.- \u0e16.\u0e25\u0e33\u0e1b\u0e32\u0e07-\u0e41\u0e21\u0e48\u0e40\u0e21\u0e32\u0e30 \u0e15.\u0e1e\u0e23\u0e30\u0e1a\u0e32\u0e17 \u0e2d.\u0e40\u0e21\u0e37\u0e2d\u0e07\u0e25\u0e33\u0e1b\u0e32\u0e07 \u0e25\u0e33\u0e1b\u0e32\u0e07", "lat": 18.28511029, "lng": 99.51480392, "subdistrict": "\u0e1e\u0e23\u0e30\u0e1a\u0e32\u0e17", "district": "\u0e40\u0e21\u0e37\u0e2d\u0e07\u0e25\u0e33\u0e1b\u0e32\u0e07", "province": "\u0e25\u0e33\u0e1b\u0e32\u0e07", "postcode": "52000", "renovate": false}, {"name": "\u0e41\u0e22\u0e01\u0e28\u0e23\u0e35\u0e0a\u0e38\u0e21", "store_id": "09527", "address": "\u0e16.\u0e25\u0e33\u0e1b\u0e32\u0e07 - \u0e41\u0e21\u0e48\u0e17\u0e30 \u0e15.\u0e1e\u0e23\u0e30\u0e1a\u0e32\u0e17 \u0e2d.\u0e40\u0e21\u0e37\u0e2d\u0e07\u0e25\u0e33\u0e1b\u0e32\u0e07 \u0e25\u0e33\u0e1b\u0e32\u0e07", "lat": 18.28055651, "lng": 99.49965445, "subdistrict": "\u0e1e\u0e23\u0e30\u0e1a\u0e32\u0e17", "district": "\u0e40\u0e21\u0e37\u0e2d\u0e07\u0e25\u0e33\u0e1b\u0e32\u0e07", "province": "\u0e25\u0e33\u0e1b\u0e32\u0e07", "postcode": "52000", "renovate": false}, {"name": "\u0e2a\u0e19\u0e32\u0e21\u0e1a\u0e34\u0e19\u0e25\u0e33\u0e1b\u0e32\u0e07", "store_id": "03274", "address": "\u0e16.\u0e1e\u0e23\u0e30\u0e1a\u0e32\u0e17 \u0e15.\u0e1e\u0e23\u0e30\u0e1a\u0e32\u0e17 \u0e2d.\u0e40\u0e21\u0e37\u0e2d\u0e07\u0e25\u0e33\u0e1b\u0e32\u0e07 \u0e25\u0e33\u0e1b\u0e32\u0e07", "lat": 18.280626, "lng": 99.508046, "subdistrict": "\u0e1e\u0e23\u0e30\u0e1a\u0e32\u0e17", "district": "\u0e40\u0e21\u0e37\u0e2d\u0e07\u0e25\u0e33\u0e1b\u0e32\u0e07", "province": "\u0e25\u0e33\u0e1b\u0e32\u0e07", "postcode": "52000", "renovate": false}, {"name": "\u0e15\u0e25\u0e32\u0e14\u0e15\u0e49\u0e19\u0e22\u0e32\u0e07", "store_id": "05930", "address": "\u0e0b.- \u0e16.- \u0e15.\u0e1e\u0e34\u0e0a\u0e31\u0e22 \u0e2d.\u0e40\u0e21\u0e37\u0e2d\u0e07\u0e25\u0e33\u0e1b\u0e32\u0e07 \u0e25\u0e33\u0e1b\u0e32\u0e07", "lat": 18.355561, "lng": 99.563622, "subdistrict": "\u0e1e\u0e34\u0e0a\u0e31\u0e22", "district": "\u0e40\u0e21\u0e37\u0e2d\u0e07\u0e25\u0e33\u0e1b\u0e32\u0e07", "province": "\u0e25\u0e33\u0e1b\u0e32\u0e07", "postcode": "52000", "renovate": false}, {"name": "\u0e1a\u0e49\u0e32\u0e19\u0e2a\u0e31\u0e19\u0e15\u0e34\u0e2a\u0e38\u0e02(\u0e25\u0e33\u0e1b\u0e32\u0e07)", "store_id": "15566", "address": "\u0e0b.- \u0e16.- \u0e15.\u0e1e\u0e34\u0e0a\u0e31\u0e22 \u0e2d.\u0e40\u0e21\u0e37\u0e2d\u0e07\u0e25\u0e33\u0e1b\u0e32\u0e07 \u0e25\u0e33\u0e1b\u0e32\u0e07", "lat": 18.31564507, "lng": 99.5286321, "subdistrict": "\u0e1e\u0e34\u0e0a\u0e31\u0e22", "district": "\u0e40\u0e21\u0e37\u0e2d\u0e07\u0e25\u0e33\u0e1b\u0e32\u0e07", "province": "\u0e25\u0e33\u0e1b\u0e32\u0e07", "postcode": "52000", "renovate": false}, {"name": "\u0e1b\u0e15\u0e17.\u0e1e\u0e34\u0e0a\u0e31\u0e22", "store_id": "04695", "address": "\u0e16.\u0e44\u0e2e\u0e40\u0e27\u0e22\u0e4c\u0e25\u0e33\u0e1b\u0e32\u0e07-\u0e07\u0e32\u0e27 \u0e15.\u0e1e\u0e34\u0e0a\u0e31\u0e22 \u0e2d.\u0e40\u0e21\u0e37\u0e2d\u0e07\u0e25\u0e33\u0e1b\u0e32\u0e07 \u0e25\u0e33\u0e1b\u0e32\u0e07", "lat": 18.36284406, "lng": 99.57715786, "subdistrict": "\u0e1e\u0e34\u0e0a\u0e31\u0e22", "district": "\u0e40\u0e21\u0e37\u0e2d\u0e07\u0e25\u0e33\u0e1b\u0e32\u0e07", "province": "\u0e25\u0e33\u0e1b\u0e32\u0e07", "postcode": "52000", "renovate": false}, {"name": "\u0e2b\u0e19\u0e49\u0e32\u0e23\u0e32\u0e0a\u0e21\u0e07\u0e04\u0e25", "store_id": "04423", "address": "\u0e16.\u0e44\u0e2e\u0e40\u0e27\u0e22\u0e4c\u0e25\u0e33\u0e1b\u0e32\u0e07-\u0e07\u0e32\u0e27 \u0e15.\u0e1e\u0e34\u0e0a\u0e31\u0e22 \u0e2d.\u0e40\u0e21\u0e37\u0e2d\u0e07\u0e25\u0e33\u0e1b\u0e32\u0e07 \u0e25\u0e33\u0e1b\u0e32\u0e07", "lat": 18.37326354, "lng": 99.59323957, "subdistrict": "\u0e1e\u0e34\u0e0a\u0e31\u0e22", "district": "\u0e40\u0e21\u0e37\u0e2d\u0e07\u0e25\u0e33\u0e1b\u0e32\u0e07", "province": "\u0e25\u0e33\u0e1b\u0e32\u0e07", "postcode": "52000", "renovate": false}, {"name": "PTTOR \u0e04\u0e48\u0e32\u0e22\u0e2a\u0e38\u0e23\u0e28\u0e31\u0e01\u0e14\u0e34\u0e4c", "store_id": "05163", "address": "\u0e15.\u0e1e\u0e34\u0e0a\u0e31\u0e22 \u0e2d.\u0e40\u0e21\u0e37\u0e2d\u0e07\u0e25\u0e33\u0e1b\u0e32\u0e07 \u0e25\u0e33\u0e1b\u0e32\u0e07", "lat": 18.3030301, "lng": 99.52425474, "subdistrict": "\u0e1e\u0e34\u0e0a\u0e31\u0e22", "district": "\u0e40\u0e21\u0e37\u0e2d\u0e07\u0e25\u0e33\u0e1b\u0e32\u0e07", "province": "\u0e25\u0e33\u0e1b\u0e32\u0e07", "postcode": "52000", "renovate": false}, {"name": "\u0e06\u0e49\u0e2d\u0e07\u0e04\u0e33", "store_id": "18408", "address": "\u0e15.\u0e40\u0e27\u0e35\u0e22\u0e07\u0e40\u0e2b\u0e19\u0e37\u0e2d \u0e2d.\u0e40\u0e21\u0e37\u0e2d\u0e07\u0e25\u0e33\u0e1b\u0e32\u0e07 \u0e25\u0e33\u0e1b\u0e32\u0e07", "lat": 18.30102609, "lng": 99.50586504, "subdistrict": "\u0e40\u0e27\u0e35\u0e22\u0e07\u0e40\u0e2b\u0e19\u0e37\u0e2d", "district": "\u0e40\u0e21\u0e37\u0e2d\u0e07\u0e25\u0e33\u0e1b\u0e32\u0e07", "province": "\u0e25\u0e33\u0e1b\u0e32\u0e07", "postcode": "52000", "renovate": false}, {"name": "\u0e0a\u0e38\u0e21\u0e0a\u0e19\u0e1e\u0e23\u0e30\u0e40\u0e08\u0e49\u0e32\u0e17\u0e31\u0e19\u0e43\u0e08", "store_id": "15948", "address": "\u0e0b.- \u0e16.\u0e1e\u0e23\u0e30\u0e08\u0e49\u0e32\u0e17\u0e31\u0e19\u0e43\u0e08 \u0e15.\u0e40\u0e27\u0e35\u0e22\u0e07\u0e40\u0e2b\u0e19\u0e37\u0e2d \u0e2d.\u0e40\u0e21\u0e37\u0e2d\u0e07\u0e25\u0e33\u0e1b\u0e32\u0e07 \u0e25\u0e33\u0e1b\u0e32\u0e07", "lat": 18.299324, "lng": 99.49815385, "subdistrict": "\u0e40\u0e27\u0e35\u0e22\u0e07\u0e40\u0e2b\u0e19\u0e37\u0e2d", "district": "\u0e40\u0e21\u0e37\u0e2d\u0e07\u0e25\u0e33\u0e1b\u0e32\u0e07", "province": "\u0e25\u0e33\u0e1b\u0e32\u0e07", "postcode": "52000", "renovate": false}, {"name": "\u0e23\u0e31\u0e29\u0e0e\u0e32", "store_id": "00783", "address": "\u0e16.\u0e23\u0e31\u0e29\u0e0e\u0e32 \u0e15.\u0e40\u0e27\u0e35\u0e22\u0e07\u0e40\u0e2b\u0e19\u0e37\u0e2d \u0e2d.\u0e40\u0e21\u0e37\u0e2d\u0e07\u0e25\u0e33\u0e1b\u0e32\u0e07 \u0e25\u0e33\u0e1b\u0e32\u0e07", "lat": 18.29528, "lng": 99.49979, "subdistrict": "\u0e40\u0e27\u0e35\u0e22\u0e07\u0e40\u0e2b\u0e19\u0e37\u0e2d", "district": "\u0e40\u0e21\u0e37\u0e2d\u0e07\u0e25\u0e33\u0e1b\u0e32\u0e07", "province": "\u0e25\u0e33\u0e1b\u0e32\u0e07", "postcode": "52100", "renovate": false}, {"name": "\u0e09\u0e31\u0e15\u0e23\u0e44\u0e0a\u0e22", "store_id": "01938", "address": "\u0e16.\u0e09\u0e31\u0e15\u0e23\u0e44\u0e0a\u0e22 \u0e15.\u0e2a\u0e1a\u0e15\u0e38\u0e4b\u0e22 \u0e2d.\u0e40\u0e21\u0e37\u0e2d\u0e07\u0e25\u0e33\u0e1b\u0e32\u0e07 \u0e25\u0e33\u0e1b\u0e32\u0e07", "lat": 18.28113373, "lng": 99.48080048, "subdistrict": "\u0e2a\u0e1a\u0e15\u0e38\u0e4b\u0e22", "district": "\u0e40\u0e21\u0e37\u0e2d\u0e07\u0e25\u0e33\u0e1b\u0e32\u0e07", "province": "\u0e25\u0e33\u0e1b\u0e32\u0e07", "postcode": "52000", "renovate": false}, {"name": "\u0e15\u0e25\u0e32\u0e14\u0e2d\u0e31\u0e28\u0e27\u0e34\u0e19", "store_id": "00773", "address": "\u0e16.\u0e17\u0e48\u0e32\u0e04\u0e23\u0e32\u0e27\u0e19\u0e49\u0e2d\u0e22 \u0e15.\u0e2a\u0e1a\u0e15\u0e38\u0e4b\u0e22 \u0e2d.\u0e40\u0e21\u0e37\u0e2d\u0e07\u0e25\u0e33\u0e1b\u0e32\u0e07 \u0e25\u0e33\u0e1b\u0e32\u0e07", "lat": 18.289113, "lng": 99.487151, "subdistrict": "\u0e2a\u0e1a\u0e15\u0e38\u0e4b\u0e22", "district": "\u0e40\u0e21\u0e37\u0e2d\u0e07\u0e25\u0e33\u0e1b\u0e32\u0e07", "province": "\u0e25\u0e33\u0e1b\u0e32\u0e07", "postcode": "52000", "renovate": false}, {"name": "\u0e16\u0e19\u0e19\u0e2a\u0e38\u0e40\u0e23\u0e19\u0e17\u0e23\u0e4c", "store_id": "14308", "address": "\u0e16.\u0e2a\u0e38\u0e40\u0e23\u0e19\u0e17\u0e23\u0e4c \u0e15.\u0e2a\u0e1a\u0e15\u0e38\u0e4b\u0e22 \u0e2d.\u0e40\u0e21\u0e37\u0e2d\u0e07\u0e25\u0e33\u0e1b\u0e32\u0e07 \u0e25\u0e33\u0e1b\u0e32\u0e07", "lat": 18.2876779, "lng": 99.47868031, "subdistrict": "\u0e2a\u0e1a\u0e15\u0e38\u0e4b\u0e22", "district": "\u0e40\u0e21\u0e37\u0e2d\u0e07\u0e25\u0e33\u0e1b\u0e32\u0e07", "province": "\u0e25\u0e33\u0e1b\u0e32\u0e07", "postcode": "52000", "renovate": false}, {"name": "\u0e1a\u0e02\u0e2a.\u0e25\u0e33\u0e1b\u0e32\u0e07", "store_id": "05526", "address": "\u0e16.\u0e08\u0e31\u0e19\u0e17\u0e23\u0e4c\u0e2a\u0e38\u0e23\u0e34\u0e19\u0e17\u0e23\u0e4c \u0e15.\u0e2a\u0e1a\u0e15\u0e38\u0e4b\u0e22 \u0e2d.\u0e40\u0e21\u0e37\u0e2d\u0e07\u0e25\u0e33\u0e1b\u0e32\u0e07 \u0e25\u0e33\u0e1b\u0e32\u0e07", "lat": 18.27773607, "lng": 99.48350245, "subdistrict": "\u0e2a\u0e1a\u0e15\u0e38\u0e4b\u0e22", "district": "\u0e40\u0e21\u0e37\u0e2d\u0e07\u0e25\u0e33\u0e1b\u0e32\u0e07", "province": "\u0e25\u0e33\u0e1b\u0e32\u0e07", "postcode": "52100", "renovate": false}, {"name": "\u0e1b\u0e15\u0e17.\u0e02\u0e19\u0e2a\u0e48\u0e07\u0e25\u0e33\u0e1b\u0e32\u0e07", "store_id": "02417", "address": "\u0e16.\u0e08\u0e31\u0e19\u0e17\u0e23\u0e4c\u0e2a\u0e38\u0e23\u0e34\u0e19\u0e17\u0e23\u0e4c \u0e15.\u0e2a\u0e1a\u0e15\u0e38\u0e4b\u0e22 \u0e2d.\u0e40\u0e21\u0e37\u0e2d\u0e07\u0e25\u0e33\u0e1b\u0e32\u0e07 \u0e25\u0e33\u0e1b\u0e32\u0e07", "lat": 18.27730835, "lng": 99.48374818, "subdistrict": "\u0e2a\u0e1a\u0e15\u0e38\u0e4b\u0e22", "district": "\u0e40\u0e21\u0e37\u0e2d\u0e07\u0e25\u0e33\u0e1b\u0e32\u0e07", "province": "\u0e25\u0e33\u0e1b\u0e32\u0e07", "postcode": "52000", "renovate": false}, {"name": "\u0e2a\u0e1a\u0e15\u0e38\u0e4b\u0e22", "store_id": "00778", "address": "\u0e16.\u0e2a\u0e38\u0e40\u0e23\u0e19\u0e17\u0e23\u0e4c \u0e15.\u0e2a\u0e1a\u0e15\u0e38\u0e4b\u0e22 \u0e2d.\u0e40\u0e21\u0e37\u0e2d\u0e07\u0e25\u0e33\u0e1b\u0e32\u0e07 \u0e25\u0e33\u0e1b\u0e32\u0e07", "lat": 18.281482, "lng": 99.473837, "subdistrict": "\u0e2a\u0e1a\u0e15\u0e38\u0e4b\u0e22", "district": "\u0e40\u0e21\u0e37\u0e2d\u0e07\u0e25\u0e33\u0e1b\u0e32\u0e07", "province": "\u0e25\u0e33\u0e1b\u0e32\u0e07", "postcode": "52100", "renovate": false}, {"name": "\u0e2a\u0e27\u0e19\u0e40\u0e02\u0e25\u0e32\u0e07\u0e04\u0e4c", "store_id": "05635", "address": "\u0e16.\u0e27\u0e31\u0e07\u0e02\u0e27\u0e32 \u0e15.\u0e2a\u0e1a\u0e15\u0e38\u0e4b\u0e22 \u0e2d.\u0e40\u0e21\u0e37\u0e2d\u0e07\u0e25\u0e33\u0e1b\u0e32\u0e07 \u0e25\u0e33\u0e1b\u0e32\u0e07", "lat": 18.292515, "lng": 99.487562, "subdistrict": "\u0e2a\u0e1a\u0e15\u0e38\u0e4b\u0e22", "district": "\u0e40\u0e21\u0e37\u0e2d\u0e07\u0e25\u0e33\u0e1b\u0e32\u0e07", "province": "\u0e25\u0e33\u0e1b\u0e32\u0e07", "postcode": "52100", "renovate": false}, {"name": "\u0e40\u0e17\u0e28\u0e1a\u0e32\u0e25 4 (\u0e25\u0e33\u0e1b\u0e32\u0e07)", "store_id": "16484", "address": "\u0e16.\u0e23\u0e2d\u0e1a\u0e40\u0e27\u0e35\u0e22\u0e07 \u0e15.\u0e2a\u0e27\u0e19\u0e14\u0e2d\u0e01 \u0e2d.\u0e40\u0e21\u0e37\u0e2d\u0e07\u0e25\u0e33\u0e1b\u0e32\u0e07 \u0e25\u0e33\u0e1b\u0e32\u0e07", "lat": 18.28828022, "lng": 99.49238131, "subdistrict": "\u0e2a\u0e27\u0e19\u0e14\u0e2d\u0e01", "district": "\u0e40\u0e21\u0e37\u0e2d\u0e07\u0e25\u0e33\u0e1b\u0e32\u0e07", "province": "\u0e25\u0e33\u0e1b\u0e32\u0e07", "postcode": "52100", "renovate": false}, {"name": "\u0e1b\u0e15\u0e17.\u0e41\u0e22\u0e01\u0e40\u0e27\u0e35\u0e22\u0e07\u0e17\u0e2d\u0e07", "store_id": "10644", "address": "\u0e16.\u0e1e\u0e2b\u0e25\u0e42\u0e22\u0e18\u0e34\u0e19 \u0e15.\u0e2a\u0e27\u0e19\u0e14\u0e2d\u0e01 \u0e2d.\u0e40\u0e21\u0e37\u0e2d\u0e07\u0e25\u0e33\u0e1b\u0e32\u0e07 \u0e25\u0e33\u0e1b\u0e32\u0e07", "lat": 18.28282632, "lng": 99.48955508, "subdistrict": "\u0e2a\u0e27\u0e19\u0e14\u0e2d\u0e01", "district": "\u0e40\u0e21\u0e37\u0e2d\u0e07\u0e25\u0e33\u0e1b\u0e32\u0e07", "province": "\u0e25\u0e33\u0e1b\u0e32\u0e07", "postcode": "52100", "renovate": false}, {"name": "\u0e2b\u0e19\u0e49\u0e32\u0e23\u0e1e.\u0e40\u0e02\u0e25\u0e32\u0e07\u0e04\u0e4c\u0e19\u0e04\u0e23-\u0e23\u0e32\u0e21", "store_id": "16464", "address": "\u0e16.\u0e1e\u0e2b\u0e25\u0e42\u0e22\u0e18\u0e34\u0e19 \u0e15.\u0e2a\u0e27\u0e19\u0e14\u0e2d\u0e01 \u0e2d.\u0e40\u0e21\u0e37\u0e2d\u0e07\u0e25\u0e33\u0e1b\u0e32\u0e07 \u0e25\u0e33\u0e1b\u0e32\u0e07", "lat": 18.2811108, "lng": 99.48573038, "subdistrict": "\u0e2a\u0e27\u0e19\u0e14\u0e2d\u0e01", "district": "\u0e40\u0e21\u0e37\u0e2d\u0e07\u0e25\u0e33\u0e1b\u0e32\u0e07", "province": "\u0e25\u0e33\u0e1b\u0e32\u0e07", "postcode": "52100", "renovate": false}, {"name": "\u0e14\u0e27\u0e07\u0e01\u0e21\u0e25\u0e25\u0e33\u0e1b\u0e32\u0e07", "store_id": "16161", "address": "\u0e16.\u0e2a\u0e19\u0e32\u0e21\u0e1a\u0e34\u0e19 \u0e15.\u0e2b\u0e31\u0e27\u0e40\u0e27\u0e35\u0e22\u0e07 \u0e2d.\u0e40\u0e21\u0e37\u0e2d\u0e07\u0e25\u0e33\u0e1b\u0e32\u0e07 \u0e25\u0e33\u0e1b\u0e32\u0e07", "lat": 18.28519906, "lng": 99.50454387, "subdistrict": "\u0e2b\u0e31\u0e27\u0e40\u0e27\u0e35\u0e22\u0e07", "district": "\u0e40\u0e21\u0e37\u0e2d\u0e07\u0e25\u0e33\u0e1b\u0e32\u0e07", "province": "\u0e25\u0e33\u0e1b\u0e32\u0e07", "postcode": "52000", "renovate": false}, {"name": "\u0e1a\u0e38\u0e0d\u0e27\u0e32\u0e17\u0e22\u0e4c\u0e27\u0e34\u0e17\u0e22\u0e32\u0e25\u0e31\u0e22", "store_id": "01059", "address": "\u0e16.\u0e1e\u0e2b\u0e25\u0e42\u0e22\u0e18\u0e34\u0e19 \u0e15.\u0e2b\u0e31\u0e27\u0e40\u0e27\u0e35\u0e22\u0e07 \u0e2d.\u0e40\u0e21\u0e37\u0e2d\u0e07\u0e25\u0e33\u0e1b\u0e32\u0e07 \u0e25\u0e33\u0e1b\u0e32\u0e07", "lat": 18.28721877, "lng": 99.50149647, "subdistrict": "\u0e2b\u0e31\u0e27\u0e40\u0e27\u0e35\u0e22\u0e07", "district": "\u0e40\u0e21\u0e37\u0e2d\u0e07\u0e25\u0e33\u0e1b\u0e32\u0e07", "province": "\u0e25\u0e33\u0e1b\u0e32\u0e07", "postcode": "52000", "renovate": false}, {"name": "\u0e23\u0e35\u0e40\u0e08\u0e19\u0e17\u0e4c (\u0e25\u0e33\u0e1b\u0e32\u0e07)", "store_id": "02866", "address": "\u0e16.\u0e1e\u0e2b\u0e25\u0e42\u0e22\u0e18\u0e34\u0e19 \u0e15.\u0e2b\u0e31\u0e27\u0e40\u0e27\u0e35\u0e22\u0e07 \u0e2d.\u0e40\u0e21\u0e37\u0e2d\u0e07\u0e25\u0e33\u0e1b\u0e32\u0e07 \u0e25\u0e33\u0e1b\u0e32\u0e07", "lat": 18.291271, "lng": 99.511984, "subdistrict": "\u0e2b\u0e31\u0e27\u0e40\u0e27\u0e35\u0e22\u0e07", "district": "\u0e40\u0e21\u0e37\u0e2d\u0e07\u0e25\u0e33\u0e1b\u0e32\u0e07", "province": "\u0e25\u0e33\u0e1b\u0e32\u0e07", "postcode": "52000", "renovate": false}, {"name": "\u0e42\u0e23\u0e07\u0e1e\u0e22\u0e32\u0e1a\u0e32\u0e25\u0e25\u0e33\u0e1b\u0e32\u0e07", "store_id": "15749", "address": "\u0e16.\u0e1e\u0e2b\u0e25\u0e42\u0e22\u0e18\u0e34\u0e19 \u0e15.\u0e2b\u0e31\u0e27\u0e40\u0e27\u0e35\u0e22\u0e07 \u0e2d.\u0e40\u0e21\u0e37\u0e2d\u0e07\u0e25\u0e33\u0e1b\u0e32\u0e07 \u0e25\u0e33\u0e1b\u0e32\u0e07", "lat": 18.28697509, "lng": 99.50645916, "subdistrict": "\u0e2b\u0e31\u0e27\u0e40\u0e27\u0e35\u0e22\u0e07", "district": "\u0e40\u0e21\u0e37\u0e2d\u0e07\u0e25\u0e33\u0e1b\u0e32\u0e07", "province": "\u0e25\u0e33\u0e1b\u0e32\u0e07", "postcode": "52000", "renovate": false}, {"name": "\u0e2b\u0e19\u0e49\u0e32\u0e42\u0e23\u0e07\u0e1e\u0e22\u0e32\u0e1a\u0e32\u0e25\u0e25\u0e33\u0e1b\u0e32\u0e07", "store_id": "04137", "address": "\u0e16.\u0e1b\u0e48\u0e32\u0e02\u0e32\u0e21 \u0e15.\u0e2b\u0e31\u0e27\u0e40\u0e27\u0e35\u0e22\u0e07 \u0e2d.\u0e40\u0e21\u0e37\u0e2d\u0e07\u0e25\u0e33\u0e1b\u0e32\u0e07 \u0e25\u0e33\u0e1b\u0e32\u0e07", "lat": 18.28588508, "lng": 99.5055633, "subdistrict": "\u0e2b\u0e31\u0e27\u0e40\u0e27\u0e35\u0e22\u0e07", "district": "\u0e40\u0e21\u0e37\u0e2d\u0e07\u0e25\u0e33\u0e1b\u0e32\u0e07", "province": "\u0e25\u0e33\u0e1b\u0e32\u0e07", "postcode": "52100", "renovate": false}, {"name": "\u0e2d\u0e2d\u0e21\u0e2a\u0e34\u0e19", "store_id": "01776", "address": "\u0e16.\u0e1a\u0e38\u0e0d\u0e27\u0e32\u0e17\u0e22\u0e4c(9 \u0e21\u0e34\u0e16\u0e38\u0e19\u0e32) \u0e15.\u0e2b\u0e31\u0e27\u0e40\u0e27\u0e35\u0e22\u0e07 \u0e2d.\u0e40\u0e21\u0e37\u0e2d\u0e07\u0e25\u0e33\u0e1b\u0e32\u0e07 \u0e25\u0e33\u0e1b\u0e32\u0e07", "lat": 18.28923432, "lng": 99.50081541, "subdistrict": "\u0e2b\u0e31\u0e27\u0e40\u0e27\u0e35\u0e22\u0e07", "district": "\u0e40\u0e21\u0e37\u0e2d\u0e07\u0e25\u0e33\u0e1b\u0e32\u0e07", "province": "\u0e25\u0e33\u0e1b\u0e32\u0e07", "postcode": "52000", "renovate": false}, {"name": "\u0e41\u0e21\u0e48\u0e17\u0e30", "store_id": "09528", "address": "\u0e15.\u0e19\u0e32\u0e04\u0e23\u0e31\u0e27 \u0e2d.\u0e41\u0e21\u0e48\u0e17\u0e30 \u0e25\u0e33\u0e1b\u0e32\u0e07", "lat": 18.13329066, "lng": 99.51287261, "subdistrict": "\u0e19\u0e32\u0e04\u0e23\u0e31\u0e27", "district": "\u0e41\u0e21\u0e48\u0e17\u0e30", "province": "\u0e25\u0e33\u0e1b\u0e32\u0e07", "postcode": "52150", "renovate": false}, {"name": "\u0e19\u0e49\u0e33\u0e42\u0e08\u0e49", "store_id": "17152", "address": "\u0e15.\u0e19\u0e49\u0e33\u0e42\u0e08\u0e49 \u0e2d.\u0e41\u0e21\u0e48\u0e17\u0e30 \u0e25\u0e33\u0e1b\u0e32\u0e07", "lat": 18.14316009, "lng": 99.43524412, "subdistrict": "\u0e19\u0e49\u0e33\u0e42\u0e08\u0e49", "district": "\u0e41\u0e21\u0e48\u0e17\u0e30", "province": "\u0e25\u0e33\u0e1b\u0e32\u0e07", "postcode": "52150", "renovate": false}, {"name": "\u0e1a\u0e49\u0e32\u0e19\u0e41\u0e21\u0e48\u0e1b\u0e38\u0e07", "store_id": "16779", "address": "\u0e0b.- \u0e16.- \u0e15.\u0e19\u0e49\u0e33\u0e42\u0e08\u0e49 \u0e2d.\u0e41\u0e21\u0e48\u0e17\u0e30 \u0e25\u0e33\u0e1b\u0e32\u0e07", "lat": 18.17581295, "lng": 99.47289697, "subdistrict": "\u0e19\u0e49\u0e33\u0e42\u0e08\u0e49", "district": "\u0e41\u0e21\u0e48\u0e17\u0e30", "province": "\u0e25\u0e33\u0e1b\u0e32\u0e07", "postcode": "52150", "renovate": false}, {"name": "\u0e27\u0e31\u0e07\u0e40\u0e07\u0e34\u0e19", "store_id": "15128", "address": "\u0e15.\u0e27\u0e31\u0e07\u0e40\u0e07\u0e34\u0e19 \u0e2d.\u0e41\u0e21\u0e48\u0e17\u0e30 \u0e25\u0e33\u0e1b\u0e32\u0e07", "lat": 18.12616538, "lng": 99.62471343, "subdistrict": "\u0e27\u0e31\u0e07\u0e40\u0e07\u0e34\u0e19", "district": "\u0e41\u0e21\u0e48\u0e17\u0e30", "province": "\u0e25\u0e33\u0e1b\u0e32\u0e07", "postcode": "52150", "renovate": false}, {"name": "\u0e2d\u0e33\u0e40\u0e20\u0e2d\u0e41\u0e21\u0e48\u0e1e\u0e23\u0e34\u0e01", "store_id": "13251", "address": "\u0e15.\u0e41\u0e21\u0e48\u0e1e\u0e23\u0e34\u0e01 \u0e2d.\u0e41\u0e21\u0e48\u0e1e\u0e23\u0e34\u0e01 \u0e25\u0e33\u0e1b\u0e32\u0e07", "lat": 17.44732984, "lng": 99.12086583, "subdistrict": "\u0e41\u0e21\u0e48\u0e1e\u0e23\u0e34\u0e01", "district": "\u0e41\u0e21\u0e48\u0e1e\u0e23\u0e34\u0e01", "province": "\u0e25\u0e33\u0e1b\u0e32\u0e07", "postcode": "52180", "renovate": false}, {"name": "\u0e1a\u0e49\u0e32\u0e19\u0e43\u0e2b\u0e21\u0e48\u0e21\u0e07\u0e04\u0e25(\u0e41\u0e21\u0e48\u0e40\u0e21\u0e32\u0e30)", "store_id": "15102", "address": "\u0e15.\u0e41\u0e21\u0e48\u0e40\u0e21\u0e32\u0e30 \u0e2d.\u0e41\u0e21\u0e48\u0e40\u0e21\u0e32\u0e30 \u0e25\u0e33\u0e1b\u0e32\u0e07", "lat": 18.26645454, "lng": 99.65669292, "subdistrict": "\u0e41\u0e21\u0e48\u0e40\u0e21\u0e32\u0e30", "district": "\u0e41\u0e21\u0e48\u0e40\u0e21\u0e32\u0e30", "province": "\u0e25\u0e33\u0e1b\u0e32\u0e07", "postcode": "52220", "renovate": false}, {"name": "\u0e41\u0e21\u0e48\u0e40\u0e21\u0e32\u0e30", "store_id": "05794", "address": "\u0e15.\u0e41\u0e21\u0e48\u0e40\u0e21\u0e32\u0e30 \u0e2d.\u0e41\u0e21\u0e48\u0e40\u0e21\u0e32\u0e30 \u0e25\u0e33\u0e1b\u0e32\u0e07", "lat": 18.27567875, "lng": 99.65667914, "subdistrict": "\u0e41\u0e21\u0e48\u0e40\u0e21\u0e32\u0e30", "district": "\u0e41\u0e21\u0e48\u0e40\u0e21\u0e32\u0e30", "province": "\u0e25\u0e33\u0e1b\u0e32\u0e07", "postcode": "52220", "renovate": false}, {"name": "PTTOR \u0e41\u0e21\u0e48\u0e40\u0e21\u0e32\u0e30", "store_id": "05656", "address": "\u0e15.\u0e41\u0e21\u0e48\u0e40\u0e21\u0e32\u0e30 \u0e2d.\u0e41\u0e21\u0e48\u0e40\u0e21\u0e32\u0e30 \u0e25\u0e33\u0e1b\u0e32\u0e07", "lat": 18.27210244, "lng": 99.6472573, "subdistrict": "\u0e41\u0e21\u0e48\u0e40\u0e21\u0e32\u0e30", "district": "\u0e41\u0e21\u0e48\u0e40\u0e21\u0e32\u0e30", "province": "\u0e25\u0e33\u0e1b\u0e32\u0e07", "postcode": "52220", "renovate": false}, {"name": "\u0e15\u0e25\u0e32\u0e14\u0e27\u0e31\u0e07\u0e40\u0e2b\u0e19\u0e37\u0e2d", "store_id": "14715", "address": "\u0e0b.- \u0e16.- \u0e15.\u0e27\u0e31\u0e07\u0e40\u0e2b\u0e19\u0e37\u0e2d \u0e2d.\u0e27\u0e31\u0e07\u0e40\u0e2b\u0e19\u0e37\u0e2d \u0e25\u0e33\u0e1b\u0e32\u0e07", "lat": 19.14521079, "lng": 99.61715159, "subdistrict": "\u0e27\u0e31\u0e07\u0e40\u0e2b\u0e19\u0e37\u0e2d", "district": "\u0e27\u0e31\u0e07\u0e40\u0e2b\u0e19\u0e37\u0e2d", "province": "\u0e25\u0e33\u0e1b\u0e32\u0e07", "postcode": "52140", "renovate": false}, {"name": "\u0e1b\u0e15\u0e17.\u0e27\u0e31\u0e07\u0e40\u0e2b\u0e19\u0e37\u0e2d", "store_id": "03853", "address": "\u0e15.\u0e27\u0e31\u0e07\u0e40\u0e2b\u0e19\u0e37\u0e2d \u0e2d.\u0e27\u0e31\u0e07\u0e40\u0e2b\u0e19\u0e37\u0e2d \u0e25\u0e33\u0e1b\u0e32\u0e07", "lat": 19.14566434, "lng": 99.6174976, "subdistrict": "\u0e27\u0e31\u0e07\u0e40\u0e2b\u0e19\u0e37\u0e2d", "district": "\u0e27\u0e31\u0e07\u0e40\u0e2b\u0e19\u0e37\u0e2d", "province": "\u0e25\u0e33\u0e1b\u0e32\u0e07", "postcode": "52140", "renovate": false}, {"name": "PTTOR \u0e2a\u0e1a\u0e1b\u0e23\u0e32\u0e1a", "store_id": "15681", "address": "\u0e15.\u0e41\u0e21\u0e48\u0e01\u0e31\u0e27\u0e30 \u0e2d.\u0e2a\u0e1a\u0e1b\u0e23\u0e32\u0e1a \u0e25\u0e33\u0e1b\u0e32\u0e07", "lat": 17.9220475, "lng": 99.34584072, "subdistrict": "\u0e41\u0e21\u0e48\u0e01\u0e31\u0e27\u0e30", "district": "\u0e2a\u0e1a\u0e1b\u0e23\u0e32\u0e1a", "province": "\u0e25\u0e33\u0e1b\u0e32\u0e07", "postcode": "52170", "renovate": false}, {"name": "\u0e2a\u0e1a\u0e1b\u0e23\u0e32\u0e1a", "store_id": "09715", "address": "\u0e15.\u0e2a\u0e1a\u0e1b\u0e23\u0e32\u0e1a \u0e2d.\u0e2a\u0e1a\u0e1b\u0e23\u0e32\u0e1a \u0e25\u0e33\u0e1b\u0e32\u0e07", "lat": 17.88333775, "lng": 99.33794508, "subdistrict": "\u0e2a\u0e1a\u0e1b\u0e23\u0e32\u0e1a", "district": "\u0e2a\u0e1a\u0e1b\u0e23\u0e32\u0e1a", "province": "\u0e25\u0e33\u0e1b\u0e32\u0e07", "postcode": "52170", "renovate": false}, {"name": "\u0e2a\u0e1a\u0e1b\u0e23\u0e32\u0e1a2", "store_id": "10923", "address": "\u0e15.\u0e2a\u0e1a\u0e1b\u0e23\u0e32\u0e1a \u0e2d.\u0e2a\u0e1a\u0e1b\u0e23\u0e32\u0e1a \u0e25\u0e33\u0e1b\u0e32\u0e07", "lat": 17.8816948, "lng": 99.33834202, "subdistrict": "\u0e2a\u0e1a\u0e1b\u0e23\u0e32\u0e1a", "district": "\u0e2a\u0e1a\u0e1b\u0e23\u0e32\u0e1a", "province": "\u0e25\u0e33\u0e1b\u0e32\u0e07", "postcode": "52170", "renovate": false}, {"name": "\u0e2a\u0e1a\u0e1b\u0e23\u0e32\u0e1a\u0e44\u0e2e\u0e40\u0e27\u0e22\u0e4c", "store_id": "17787", "address": "\u0e15.\u0e2a\u0e1a\u0e1b\u0e23\u0e32\u0e1a \u0e2d.\u0e2a\u0e1a\u0e1b\u0e23\u0e32\u0e1a \u0e25\u0e33\u0e1b\u0e32\u0e07", "lat": 17.88268214, "lng": 99.33777467, "subdistrict": "\u0e2a\u0e1a\u0e1b\u0e23\u0e32\u0e1a", "district": "\u0e2a\u0e1a\u0e1b\u0e23\u0e32\u0e1a", "province": "\u0e25\u0e33\u0e1b\u0e32\u0e07", "postcode": "52170", "renovate": false}, {"name": "\u0e1b\u0e15\u0e17.\u0e40\u0e2a\u0e23\u0e34\u0e21\u0e07\u0e32\u0e21 (\u0e25\u0e33\u0e1b\u0e32\u0e07)", "store_id": "10442", "address": "\u0e15.\u0e17\u0e38\u0e48\u0e07\u0e07\u0e32\u0e21 \u0e2d.\u0e40\u0e2a\u0e23\u0e34\u0e21\u0e07\u0e32\u0e21 \u0e25\u0e33\u0e1b\u0e32\u0e07", "lat": 18.07158816, "lng": 99.25681644, "subdistrict": "\u0e17\u0e38\u0e48\u0e07\u0e07\u0e32\u0e21", "district": "\u0e40\u0e2a\u0e23\u0e34\u0e21\u0e07\u0e32\u0e21", "province": "\u0e25\u0e33\u0e1b\u0e32\u0e07", "postcode": "52221", "renovate": false}, {"name": "\u0e40\u0e2a\u0e23\u0e34\u0e21\u0e07\u0e32\u0e21", "store_id": "08490", "address": "\u0e15.\u0e17\u0e38\u0e48\u0e07\u0e07\u0e32\u0e21 \u0e2d.\u0e40\u0e2a\u0e23\u0e34\u0e21\u0e07\u0e32\u0e21 \u0e25\u0e33\u0e1b\u0e32\u0e07", "lat": 18.0648431, "lng": 99.2478627, "subdistrict": "\u0e17\u0e38\u0e48\u0e07\u0e07\u0e32\u0e21", "district": "\u0e40\u0e2a\u0e23\u0e34\u0e21\u0e07\u0e32\u0e21", "province": "\u0e25\u0e33\u0e1b\u0e32\u0e07", "postcode": "52210", "renovate": false}, {"name": "\u0e1a\u0e49\u0e32\u0e19\u0e08\u0e33", "store_id": "17204", "address": "\u0e15.\u0e1b\u0e07\u0e22\u0e32\u0e07\u0e04\u0e01 \u0e2d.\u0e2b\u0e49\u0e32\u0e07\u0e09\u0e31\u0e15\u0e23 \u0e25\u0e33\u0e1b\u0e32\u0e07", "lat": 18.26708732, "lng": 99.38892228, "subdistrict": "\u0e1b\u0e07\u0e22\u0e32\u0e07\u0e04\u0e01", "district": "\u0e2b\u0e49\u0e32\u0e07\u0e09\u0e31\u0e15\u0e23", "province": "\u0e25\u0e33\u0e1b\u0e32\u0e07", "postcode": "52190", "renovate": false}, {"name": "\u0e1b\u0e07\u0e22\u0e32\u0e07\u0e04\u0e01", "store_id": "10194", "address": "\u0e15.\u0e1b\u0e07\u0e22\u0e32\u0e07\u0e04\u0e01 \u0e2d.\u0e2b\u0e49\u0e32\u0e07\u0e09\u0e31\u0e15\u0e23 \u0e25\u0e33\u0e1b\u0e32\u0e07", "lat": 18.27993925, "lng": 99.38301065, "subdistrict": "\u0e1b\u0e07\u0e22\u0e32\u0e07\u0e04\u0e01", "district": "\u0e2b\u0e49\u0e32\u0e07\u0e09\u0e31\u0e15\u0e23", "province": "\u0e25\u0e33\u0e1b\u0e32\u0e07", "postcode": "52190", "renovate": false}, {"name": "Booth \u0e21.\u0e18\u0e23\u0e23\u0e21\u0e28\u0e32\u0e2a\u0e15\u0e23\u0e4c\u0e28\u0e39\u0e19\u0e22\u0e4c\u0e25\u0e33\u0e1b\u0e32\u0e07", "store_id": "06491", "address": "\u0e15.\u0e1b\u0e07\u0e22\u0e32\u0e07\u0e04\u0e01 \u0e2d.\u0e2b\u0e49\u0e32\u0e07\u0e09\u0e31\u0e15\u0e23 \u0e25\u0e33\u0e1b\u0e32\u0e07", "lat": 18.31834094, "lng": 99.39837704, "subdistrict": "\u0e1b\u0e07\u0e22\u0e32\u0e07\u0e04\u0e01", "district": "\u0e2b\u0e49\u0e32\u0e07\u0e09\u0e31\u0e15\u0e23", "province": "\u0e25\u0e33\u0e1b\u0e32\u0e07", "postcode": "52190", "renovate": false}, {"name": "\u0e15\u0e33\u0e1a\u0e25\u0e41\u0e21\u0e48\u0e2a\u0e31\u0e19", "store_id": "18324", "address": "\u0e15.\u0e41\u0e21\u0e48\u0e2a\u0e31\u0e19 \u0e2d.\u0e2b\u0e49\u0e32\u0e07\u0e09\u0e31\u0e15\u0e23 \u0e25\u0e33\u0e1b\u0e32\u0e07", "lat": 18.26742972, "lng": 99.26669534, "subdistrict": "\u0e41\u0e21\u0e48\u0e2a\u0e31\u0e19", "district": "\u0e2b\u0e49\u0e32\u0e07\u0e09\u0e31\u0e15\u0e23", "province": "\u0e25\u0e33\u0e1b\u0e32\u0e07", "postcode": "52190", "renovate": false}, {"name": "\u0e40\u0e27\u0e35\u0e22\u0e07\u0e15\u0e32\u0e25", "store_id": "14287", "address": "\u0e15.\u0e40\u0e27\u0e35\u0e22\u0e07\u0e15\u0e32\u0e25 \u0e2d.\u0e2b\u0e49\u0e32\u0e07\u0e09\u0e31\u0e15\u0e23 \u0e25\u0e33\u0e1b\u0e32\u0e07", "lat": 18.3204778, "lng": 99.3242703, "subdistrict": "\u0e40\u0e27\u0e35\u0e22\u0e07\u0e15\u0e32\u0e25", "district": "\u0e2b\u0e49\u0e32\u0e07\u0e09\u0e31\u0e15\u0e23", "province": "\u0e25\u0e33\u0e1b\u0e32\u0e07", "postcode": "52190", "renovate": false}, {"name": "\u0e0a\u0e38\u0e21\u0e0a\u0e19\u0e1b\u0e31\u0e19\u0e07\u0e49\u0e32\u0e27", "store_id": "16408", "address": "\u0e0b.- \u0e16.- \u0e15.\u0e2b\u0e49\u0e32\u0e07\u0e09\u0e31\u0e15\u0e23 \u0e2d.\u0e2b\u0e49\u0e32\u0e07\u0e09\u0e31\u0e15\u0e23 \u0e25\u0e33\u0e1b\u0e32\u0e07", "lat": 18.31718339, "lng": 99.36191327, "subdistrict": "\u0e2b\u0e49\u0e32\u0e07\u0e09\u0e31\u0e15\u0e23", "district": "\u0e2b\u0e49\u0e32\u0e07\u0e09\u0e31\u0e15\u0e23", "province": "\u0e25\u0e33\u0e1b\u0e32\u0e07", "postcode": "52190", "renovate": false}, {"name": "\u0e2b\u0e49\u0e32\u0e07\u0e09\u0e31\u0e15\u0e23", "store_id": "07752", "address": "\u0e16.\u0e25\u0e33\u0e1b\u0e32\u0e07-\u0e2b\u0e49\u0e32\u0e07\u0e09\u0e31\u0e15\u0e23 \u0e15.\u0e2b\u0e49\u0e32\u0e07\u0e09\u0e31\u0e15\u0e23 \u0e2d.\u0e2b\u0e49\u0e32\u0e07\u0e09\u0e31\u0e15\u0e23 \u0e25\u0e33\u0e1b\u0e32\u0e07", "lat": 18.3272505, "lng": 99.34890236, "subdistrict": "\u0e2b\u0e49\u0e32\u0e07\u0e09\u0e31\u0e15\u0e23", "district": "\u0e2b\u0e49\u0e32\u0e07\u0e09\u0e31\u0e15\u0e23", "province": "\u0e25\u0e33\u0e1b\u0e32\u0e07", "postcode": "52100", "renovate": false}, {"name": "PTTOR \u0e2b\u0e49\u0e32\u0e07\u0e09\u0e31\u0e15\u0e23", "store_id": "08584", "address": "\u0e0b.- \u0e16.- \u0e15.\u0e2b\u0e49\u0e32\u0e07\u0e09\u0e31\u0e15\u0e23 \u0e2d.\u0e2b\u0e49\u0e32\u0e07\u0e09\u0e31\u0e15\u0e23 \u0e25\u0e33\u0e1b\u0e32\u0e07", "lat": 18.31864241, "lng": 99.35348577, "subdistrict": "\u0e2b\u0e49\u0e32\u0e07\u0e09\u0e31\u0e15\u0e23", "district": "\u0e2b\u0e49\u0e32\u0e07\u0e09\u0e31\u0e15\u0e23", "province": "\u0e25\u0e33\u0e1b\u0e32\u0e07", "postcode": "52190", "renovate": false}]