[{"name": "\u0e2d\u0e33\u0e40\u0e20\u0e2d\u0e17\u0e38\u0e48\u0e07\u0e2b\u0e31\u0e27\u0e0a\u0e49\u0e32\u0e07", "store_id": "17335", "address": "\u0e15.\u0e17\u0e38\u0e48\u0e07\u0e2b\u0e31\u0e27\u0e0a\u0e49\u0e32\u0e07 \u0e2d.\u0e17\u0e38\u0e48\u0e07\u0e2b\u0e31\u0e27\u0e0a\u0e49\u0e32\u0e07 \u0e25\u0e33\u0e1e\u0e39\u0e19", "lat": 17.997181, "lng": 99.03166, "subdistrict": "\u0e17\u0e38\u0e48\u0e07\u0e2b\u0e31\u0e27\u0e0a\u0e49\u0e32\u0e07", "district": "\u0e17\u0e38\u0e48\u0e07\u0e2b\u0e31\u0e27\u0e0a\u0e49\u0e32\u0e07", "province": "\u0e25\u0e33\u0e1e\u0e39\u0e19", "postcode": "51160", "renovate": false}, {"name": "\u0e1a\u0e49\u0e32\u0e19\u0e18\u0e34", "store_id": "07487", "address": "\u0e15.\u0e1a\u0e49\u0e32\u0e19\u0e18\u0e34 \u0e2d.\u0e1a\u0e49\u0e32\u0e19\u0e18\u0e34 \u0e25\u0e33\u0e1e\u0e39\u0e19", "lat": 18.65105, "lng": 99.125522, "subdistrict": "\u0e1a\u0e49\u0e32\u0e19\u0e18\u0e34", "district": "\u0e1a\u0e49\u0e32\u0e19\u0e18\u0e34", "province": "\u0e25\u0e33\u0e1e\u0e39\u0e19", "postcode": "51180", "renovate": false}, {"name": "\u0e1a\u0e49\u0e32\u0e19\u0e18\u0e34 2", "store_id": "15593", "address": "\u0e15.\u0e1a\u0e49\u0e32\u0e19\u0e18\u0e34 \u0e2d.\u0e1a\u0e49\u0e32\u0e19\u0e18\u0e34 \u0e25\u0e33\u0e1e\u0e39\u0e19", "lat": 18.650241, "lng": 99.123907, "subdistrict": "\u0e1a\u0e49\u0e32\u0e19\u0e18\u0e34", "district": "\u0e1a\u0e49\u0e32\u0e19\u0e18\u0e34", "province": "\u0e25\u0e33\u0e1e\u0e39\u0e19", "postcode": "51180", "renovate": false}, {"name": "\u0e1a\u0e49\u0e32\u0e19\u0e2a\u0e31\u0e19\u0e15\u0e31\u0e1a\u0e40\u0e15\u0e48\u0e32 (\u0e2d.\u0e1a\u0e49\u0e32\u0e19\u0e42\u0e2e\u0e48\u0e07)", "store_id": "09638", "address": "\u0e15.\u0e1a\u0e49\u0e32\u0e19\u0e42\u0e2e\u0e48\u0e07 \u0e2d.\u0e1a\u0e49\u0e32\u0e19\u0e42\u0e2e\u0e48\u0e07 \u0e25\u0e33\u0e1e\u0e39\u0e19", "lat": 18.33708, "lng": 98.81695, "subdistrict": "\u0e1a\u0e49\u0e32\u0e19\u0e42\u0e2e\u0e48\u0e07", "district": "\u0e1a\u0e49\u0e32\u0e19\u0e42\u0e2e\u0e48\u0e07", "province": "\u0e25\u0e33\u0e1e\u0e39\u0e19", "postcode": "51130", "renovate": false}, {"name": "\u0e1a\u0e49\u0e32\u0e19\u0e2b\u0e25\u0e48\u0e32\u0e22\u0e41\u0e01\u0e49\u0e27 (\u0e2d.\u0e1a\u0e49\u0e32\u0e19\u0e42\u0e2e\u0e48\u0e07)", "store_id": "13953", "address": "\u0e15.\u0e28\u0e23\u0e35\u0e40\u0e15\u0e35\u0e49\u0e22 \u0e2d.\u0e1a\u0e49\u0e32\u0e19\u0e42\u0e2e\u0e48\u0e07 \u0e25\u0e33\u0e1e\u0e39\u0e19", "lat": 18.36933, "lng": 98.76878, "subdistrict": "\u0e28\u0e23\u0e35\u0e40\u0e15\u0e35\u0e49\u0e22", "district": "\u0e1a\u0e49\u0e32\u0e19\u0e42\u0e2e\u0e48\u0e07", "province": "\u0e25\u0e33\u0e1e\u0e39\u0e19", "postcode": "51130", "renovate": false}, {"name": "\u0e1a\u0e49\u0e32\u0e19\u0e42\u0e2e\u0e48\u0e07", "store_id": "03349", "address": "\u0e15.\u0e1a\u0e49\u0e32\u0e19\u0e42\u0e2e\u0e48\u0e07 \u0e2d.\u0e1a\u0e49\u0e32\u0e19\u0e42\u0e2e\u0e48\u0e07 \u0e25\u0e33\u0e1e\u0e39\u0e19", "lat": 18.297246, "lng": 98.816005, "subdistrict": "\u0e1a\u0e49\u0e32\u0e19\u0e42\u0e2e\u0e48\u0e07", "district": "\u0e1a\u0e49\u0e32\u0e19\u0e42\u0e2e\u0e48\u0e07", "province": "\u0e25\u0e33\u0e1e\u0e39\u0e19", "postcode": "51130", "renovate": false}, {"name": "\u0e1a\u0e49\u0e32\u0e19\u0e42\u0e2e\u0e48\u0e07 2", "store_id": "13475", "address": "\u0e15.\u0e1a\u0e49\u0e32\u0e19\u0e42\u0e2e\u0e48\u0e07 \u0e2d.\u0e1a\u0e49\u0e32\u0e19\u0e42\u0e2e\u0e48\u0e07 \u0e25\u0e33\u0e1e\u0e39\u0e19", "lat": 18.29777, "lng": 98.81535, "subdistrict": "\u0e1a\u0e49\u0e32\u0e19\u0e42\u0e2e\u0e48\u0e07", "district": "\u0e1a\u0e49\u0e32\u0e19\u0e42\u0e2e\u0e48\u0e07", "province": "\u0e25\u0e33\u0e1e\u0e39\u0e19", "postcode": "51130", "renovate": false}, {"name": "\u0e19\u0e04\u0e23\u0e40\u0e08\u0e14\u0e35\u0e22\u0e4c (\u0e2d.\u0e1b\u0e48\u0e32\u0e0b\u0e32\u0e07)", "store_id": "09675", "address": "\u0e15.\u0e19\u0e04\u0e23\u0e40\u0e08\u0e14\u0e35\u0e22\u0e4c \u0e2d.\u0e1b\u0e48\u0e32\u0e0b\u0e32\u0e07 \u0e25\u0e33\u0e1e\u0e39\u0e19", "lat": 18.446438, "lng": 98.885627, "subdistrict": "\u0e19\u0e04\u0e23\u0e40\u0e08\u0e14\u0e35\u0e22\u0e4c", "district": "\u0e1b\u0e48\u0e32\u0e0b\u0e32\u0e07", "province": "\u0e25\u0e33\u0e1e\u0e39\u0e19", "postcode": "51120", "renovate": false}, {"name": "\u0e1a\u0e49\u0e32\u0e19\u0e1b\u0e48\u0e32\u0e23\u0e01\u0e1f\u0e49\u0e32 (\u0e2d.\u0e1b\u0e48\u0e32\u0e0b\u0e32\u0e07)", "store_id": "13286", "address": "\u0e15.\u0e19\u0e49\u0e33\u0e14\u0e34\u0e1a \u0e2d.\u0e1b\u0e48\u0e32\u0e0b\u0e32\u0e07 \u0e25\u0e33\u0e1e\u0e39\u0e19", "lat": 18.4351721, "lng": 98.7962146, "subdistrict": "\u0e19\u0e49\u0e33\u0e14\u0e34\u0e1a", "district": "\u0e1b\u0e48\u0e32\u0e0b\u0e32\u0e07", "province": "\u0e25\u0e33\u0e1e\u0e39\u0e19", "postcode": "51120", "renovate": false}, {"name": "\u0e1a\u0e49\u0e32\u0e19\u0e2a\u0e1a\u0e17\u0e32 (\u0e2d.\u0e1b\u0e48\u0e32\u0e0b\u0e32\u0e07)", "store_id": "15092", "address": "\u0e15.\u0e1b\u0e32\u0e01\u0e1a\u0e48\u0e2d\u0e07 \u0e2d.\u0e1b\u0e48\u0e32\u0e0b\u0e32\u0e07 \u0e25\u0e33\u0e1e\u0e39\u0e19", "lat": 18.53581097, "lng": 98.9397297, "subdistrict": "\u0e1b\u0e32\u0e01\u0e1a\u0e48\u0e2d\u0e07", "district": "\u0e1b\u0e48\u0e32\u0e0b\u0e32\u0e07", "province": "\u0e25\u0e33\u0e1e\u0e39\u0e19", "postcode": "51120", "renovate": false}, {"name": "\u0e1a\u0e49\u0e32\u0e19\u0e41\u0e0b\u0e21", "store_id": "07430", "address": "\u0e15.\u0e21\u0e48\u0e27\u0e07\u0e19\u0e49\u0e2d\u0e22 \u0e2d.\u0e1b\u0e48\u0e32\u0e0b\u0e32\u0e07 \u0e25\u0e33\u0e1e\u0e39\u0e19", "lat": 18.476529, "lng": 98.9330354, "subdistrict": "\u0e21\u0e48\u0e27\u0e07\u0e19\u0e49\u0e2d\u0e22", "district": "\u0e1b\u0e48\u0e32\u0e0b\u0e32\u0e07", "province": "\u0e25\u0e33\u0e1e\u0e39\u0e19", "postcode": "51120", "renovate": false}, {"name": "\u0e1a\u0e49\u0e32\u0e19\u0e1b\u0e48\u0e32\u0e0b\u0e32\u0e07\u0e07\u0e32\u0e21(\u0e08.\u0e25\u0e33\u0e1e\u0e39\u0e19)", "store_id": "17438", "address": "\u0e15.\u0e1b\u0e48\u0e32\u0e0b\u0e32\u0e07 \u0e2d.\u0e1b\u0e48\u0e32\u0e0b\u0e32\u0e07 \u0e25\u0e33\u0e1e\u0e39\u0e19", "lat": 18.522679, "lng": 98.939952, "subdistrict": "\u0e1b\u0e48\u0e32\u0e0b\u0e32\u0e07", "district": "\u0e1b\u0e48\u0e32\u0e0b\u0e32\u0e07", "province": "\u0e25\u0e33\u0e1e\u0e39\u0e19", "postcode": "51120", "renovate": false}, {"name": "\u0e1a\u0e49\u0e32\u0e19\u0e2b\u0e25\u0e38\u0e01 (\u0e08.\u0e25\u0e33\u0e1e\u0e39\u0e19)", "store_id": "13677", "address": "\u0e16.\u0e40\u0e25\u0e35\u0e48\u0e22\u0e07\u0e40\u0e21\u0e37\u0e2d\u0e07 - \u0e1b\u0e48\u0e32\u0e0b\u0e32\u0e07 \u0e15.\u0e1b\u0e48\u0e32\u0e2a\u0e31\u0e01 \u0e2d.\u0e40\u0e21\u0e37\u0e2d\u0e07\u0e25\u0e33\u0e1e\u0e39\u0e19 \u0e25\u0e33\u0e1e\u0e39\u0e19", "lat": 18.5530664, "lng": 99.0388922, "subdistrict": "\u0e1b\u0e48\u0e32\u0e2a\u0e31\u0e01", "district": "\u0e40\u0e21\u0e37\u0e2d\u0e07\u0e25\u0e33\u0e1e\u0e39\u0e19", "province": "\u0e25\u0e33\u0e1e\u0e39\u0e19", "postcode": "51000", "renovate": false}, {"name": "\u0e1b\u0e15\u0e17.\u0e1a\u0e49\u0e32\u0e19\u0e21\u0e30\u0e01\u0e2d\u0e01(\u0e1b\u0e48\u0e32\u0e0b\u0e32\u0e07)", "store_id": "13264", "address": "\u0e15.\u0e21\u0e30\u0e01\u0e2d\u0e01 \u0e2d.\u0e1b\u0e48\u0e32\u0e0b\u0e32\u0e07 \u0e25\u0e33\u0e1e\u0e39\u0e19", "lat": 18.470501, "lng": 98.926492, "subdistrict": "\u0e21\u0e30\u0e01\u0e2d\u0e01", "district": "\u0e1b\u0e48\u0e32\u0e0b\u0e32\u0e07", "province": "\u0e25\u0e33\u0e1e\u0e39\u0e19", "postcode": "51120", "renovate": false}, {"name": "\u0e1b\u0e48\u0e32\u0e0b\u0e32\u0e07 1", "store_id": "09319", "address": "\u0e15.\u0e1b\u0e48\u0e32\u0e0b\u0e32\u0e07 \u0e2d.\u0e1b\u0e48\u0e32\u0e0b\u0e32\u0e07 \u0e25\u0e33\u0e1e\u0e39\u0e19", "lat": 18.52139, "lng": 98.94037, "subdistrict": "\u0e1b\u0e48\u0e32\u0e0b\u0e32\u0e07", "district": "\u0e1b\u0e48\u0e32\u0e0b\u0e32\u0e07", "province": "\u0e25\u0e33\u0e1e\u0e39\u0e19", "postcode": "51120", "renovate": false}, {"name": "\u0e41\u0e22\u0e01\u0e2a\u0e30\u0e1b\u0e38\u0e4b\u0e07 (\u0e08.\u0e25\u0e33\u0e1e\u0e39\u0e19)", "store_id": "11378", "address": "\u0e15.\u0e21\u0e48\u0e27\u0e07\u0e19\u0e49\u0e2d\u0e22 \u0e2d.\u0e1b\u0e48\u0e32\u0e0b\u0e32\u0e07 \u0e25\u0e33\u0e1e\u0e39\u0e19", "lat": 18.48688, "lng": 98.93399, "subdistrict": "\u0e21\u0e48\u0e27\u0e07\u0e19\u0e49\u0e2d\u0e22", "district": "\u0e1b\u0e48\u0e32\u0e0b\u0e32\u0e07", "province": "\u0e25\u0e33\u0e1e\u0e39\u0e19", "postcode": "51120", "renovate": false}, {"name": "\u0e2b\u0e19\u0e49\u0e32\u0e42\u0e23\u0e07\u0e40\u0e23\u0e35\u0e22\u0e19\u0e2a\u0e48\u0e27\u0e19\u0e1a\u0e38\u0e0d (\u0e08.\u0e25\u0e33\u0e1e\u0e39\u0e19)", "store_id": "08599", "address": "\u0e16.\u0e25\u0e33\u0e1e\u0e39\u0e19-\u0e1b\u0e48\u0e32\u0e0b\u0e32\u0e07 \u0e15.\u0e43\u0e19\u0e40\u0e21\u0e37\u0e2d\u0e07 \u0e2d.\u0e40\u0e21\u0e37\u0e2d\u0e07\u0e25\u0e33\u0e1e\u0e39\u0e19 \u0e25\u0e33\u0e1e\u0e39\u0e19", "lat": 18.572569, "lng": 99.000761, "subdistrict": "\u0e43\u0e19\u0e40\u0e21\u0e37\u0e2d\u0e07", "district": "\u0e40\u0e21\u0e37\u0e2d\u0e07\u0e25\u0e33\u0e1e\u0e39\u0e19", "province": "\u0e25\u0e33\u0e1e\u0e39\u0e19", "postcode": "51000", "renovate": false}, {"name": "PTTOR \u0e1a\u0e49\u0e32\u0e19\u0e1b\u0e48\u0e32\u0e0b\u0e32\u0e07", "store_id": "14834", "address": "\u0e0b.- \u0e16.- \u0e15.\u0e1b\u0e48\u0e32\u0e0b\u0e32\u0e07 \u0e2d.\u0e1b\u0e48\u0e32\u0e0b\u0e32\u0e07 \u0e25\u0e33\u0e1e\u0e39\u0e19", "lat": 18.49268321, "lng": 98.94089007, "subdistrict": "\u0e1b\u0e48\u0e32\u0e0b\u0e32\u0e07", "district": "\u0e1b\u0e48\u0e32\u0e0b\u0e32\u0e07", "province": "\u0e25\u0e33\u0e1e\u0e39\u0e19", "postcode": "51120", "renovate": false}, {"name": "\u0e16\u0e19\u0e19\u0e08\u0e32\u0e21\u0e40\u0e17\u0e27\u0e35 (\u0e08.\u0e25\u0e33\u0e1e\u0e39\u0e19)", "store_id": "14570", "address": "\u0e0b.- \u0e16.- \u0e15.\u0e15\u0e49\u0e19\u0e18\u0e07 \u0e2d.\u0e40\u0e21\u0e37\u0e2d\u0e07\u0e25\u0e33\u0e1e\u0e39\u0e19 \u0e25\u0e33\u0e1e\u0e39\u0e19", "lat": 18.58433, "lng": 98.99207, "subdistrict": "\u0e15\u0e49\u0e19\u0e18\u0e07", "district": "\u0e40\u0e21\u0e37\u0e2d\u0e07\u0e25\u0e33\u0e1e\u0e39\u0e19", "province": "\u0e25\u0e33\u0e1e\u0e39\u0e19", "postcode": "51000", "renovate": false}, {"name": "\u0e1a\u0e49\u0e32\u0e19\u0e2a\u0e31\u0e19\u0e15\u0e49\u0e19\u0e18\u0e07 (\u0e08.\u0e25\u0e33\u0e1e\u0e39\u0e19)", "store_id": "06236", "address": "\u0e15.\u0e15\u0e49\u0e19\u0e18\u0e07 \u0e2d.\u0e40\u0e21\u0e37\u0e2d\u0e07\u0e25\u0e33\u0e1e\u0e39\u0e19 \u0e25\u0e33\u0e1e\u0e39\u0e19", "lat": 18.56116, "lng": 98.989292, "subdistrict": "\u0e15\u0e49\u0e19\u0e18\u0e07", "district": "\u0e40\u0e21\u0e37\u0e2d\u0e07\u0e25\u0e33\u0e1e\u0e39\u0e19", "province": "\u0e25\u0e33\u0e1e\u0e39\u0e19", "postcode": "51000", "renovate": false}, {"name": "\u0e1b\u0e15\u0e17.\u0e2a\u0e31\u0e19\u0e15\u0e49\u0e19\u0e18\u0e07(\u0e25\u0e33\u0e1e\u0e39\u0e19)", "store_id": "13315", "address": "\u0e15.\u0e15\u0e49\u0e19\u0e18\u0e07 \u0e2d.\u0e40\u0e21\u0e37\u0e2d\u0e07\u0e25\u0e33\u0e1e\u0e39\u0e19 \u0e25\u0e33\u0e1e\u0e39\u0e19", "lat": 18.55514762, "lng": 98.98010195, "subdistrict": "\u0e15\u0e49\u0e19\u0e18\u0e07", "district": "\u0e40\u0e21\u0e37\u0e2d\u0e07\u0e25\u0e33\u0e1e\u0e39\u0e19", "province": "\u0e25\u0e33\u0e1e\u0e39\u0e19", "postcode": "51000", "renovate": false}, {"name": "\u0e23\u0e1e.\u0e25\u0e33\u0e1e\u0e39\u0e19", "store_id": "02682", "address": "\u0e15.\u0e15\u0e49\u0e19\u0e18\u0e07 \u0e2d.\u0e40\u0e21\u0e37\u0e2d\u0e07\u0e25\u0e33\u0e1e\u0e39\u0e19 \u0e25\u0e33\u0e1e\u0e39\u0e19", "lat": 18.58258, "lng": 98.99435, "subdistrict": "\u0e15\u0e49\u0e19\u0e18\u0e07", "district": "\u0e40\u0e21\u0e37\u0e2d\u0e07\u0e25\u0e33\u0e1e\u0e39\u0e19", "province": "\u0e25\u0e33\u0e1e\u0e39\u0e19", "postcode": "51000", "renovate": false}, {"name": "\u0e02\u0e49\u0e32\u0e07\u0e27\u0e31\u0e14\u0e1e\u0e23\u0e30\u0e18\u0e32\u0e15\u0e38\u0e2b\u0e23\u0e34\u0e20\u0e38\u0e0d\u0e0a\u0e31\u0e22", "store_id": "11542", "address": "\u0e16.\u0e44\u0e0a\u0e22\u0e21\u0e07\u0e04\u0e25 \u0e15.\u0e43\u0e19\u0e40\u0e21\u0e37\u0e2d\u0e07 \u0e2d.\u0e40\u0e21\u0e37\u0e2d\u0e07\u0e25\u0e33\u0e1e\u0e39\u0e19 \u0e25\u0e33\u0e1e\u0e39\u0e19", "lat": 18.57649, "lng": 99.00915, "subdistrict": "\u0e43\u0e19\u0e40\u0e21\u0e37\u0e2d\u0e07", "district": "\u0e40\u0e21\u0e37\u0e2d\u0e07\u0e25\u0e33\u0e1e\u0e39\u0e19", "province": "\u0e25\u0e33\u0e1e\u0e39\u0e19", "postcode": "51000", "renovate": false}, {"name": "\u0e0a\u0e38\u0e21\u0e0a\u0e19\u0e1b\u0e23\u0e30\u0e15\u0e39\u0e25\u0e35\u0e49(\u0e08.\u0e25\u0e33\u0e1e\u0e39\u0e19)", "store_id": "15281", "address": "\u0e16.\u0e2a\u0e19\u0e32\u0e21\u0e01\u0e35\u0e2c\u0e32 \u0e15.\u0e43\u0e19\u0e40\u0e21\u0e37\u0e2d\u0e07 \u0e2d.\u0e40\u0e21\u0e37\u0e2d\u0e07\u0e25\u0e33\u0e1e\u0e39\u0e19 \u0e25\u0e33\u0e1e\u0e39\u0e19", "lat": 18.56890818, "lng": 99.00442578, "subdistrict": "\u0e43\u0e19\u0e40\u0e21\u0e37\u0e2d\u0e07", "district": "\u0e40\u0e21\u0e37\u0e2d\u0e07\u0e25\u0e33\u0e1e\u0e39\u0e19", "province": "\u0e25\u0e33\u0e1e\u0e39\u0e19", "postcode": "51000", "renovate": false}, {"name": "\u0e21\u0e2b\u0e32\u0e27\u0e31\u0e19 (\u0e25\u0e33\u0e1e\u0e39\u0e19 )", "store_id": "06476", "address": "\u0e16.\u0e08\u0e32\u0e21\u0e40\u0e17\u0e27\u0e35 \u0e15.\u0e43\u0e19\u0e40\u0e21\u0e37\u0e2d\u0e07 \u0e2d.\u0e40\u0e21\u0e37\u0e2d\u0e07\u0e25\u0e33\u0e1e\u0e39\u0e19 \u0e25\u0e33\u0e1e\u0e39\u0e19", "lat": 18.57853, "lng": 99.00309, "subdistrict": "\u0e43\u0e19\u0e40\u0e21\u0e37\u0e2d\u0e07", "district": "\u0e40\u0e21\u0e37\u0e2d\u0e07\u0e25\u0e33\u0e1e\u0e39\u0e19", "province": "\u0e25\u0e33\u0e1e\u0e39\u0e19", "postcode": "51000", "renovate": false}, {"name": "\u0e01\u0e32\u0e14\u0e08\u0e32\u0e27\u0e40\u0e2b\u0e19\u0e37\u0e2d", "store_id": "06279", "address": "\u0e15.\u0e1a\u0e49\u0e32\u0e19\u0e01\u0e25\u0e32\u0e07 \u0e2d.\u0e40\u0e21\u0e37\u0e2d\u0e07\u0e25\u0e33\u0e1e\u0e39\u0e19 \u0e25\u0e33\u0e1e\u0e39\u0e19", "lat": 18.57642, "lng": 99.04381, "subdistrict": "\u0e1a\u0e49\u0e32\u0e19\u0e01\u0e25\u0e32\u0e07", "district": "\u0e40\u0e21\u0e37\u0e2d\u0e07\u0e25\u0e33\u0e1e\u0e39\u0e19", "province": "\u0e25\u0e33\u0e1e\u0e39\u0e19", "postcode": "51000", "renovate": false}, {"name": "\u0e01\u0e32\u0e14\u0e2d\u0e34\u0e19\u0e17\u0e23 2", "store_id": "04301", "address": "\u0e15.\u0e1a\u0e49\u0e32\u0e19\u0e01\u0e25\u0e32\u0e07 \u0e2d.\u0e40\u0e21\u0e37\u0e2d\u0e07\u0e25\u0e33\u0e1e\u0e39\u0e19 \u0e25\u0e33\u0e1e\u0e39\u0e19", "lat": 18.58539, "lng": 99.05435, "subdistrict": "\u0e1a\u0e49\u0e32\u0e19\u0e01\u0e25\u0e32\u0e07", "district": "\u0e40\u0e21\u0e37\u0e2d\u0e07\u0e25\u0e33\u0e1e\u0e39\u0e19", "province": "\u0e25\u0e33\u0e1e\u0e39\u0e19", "postcode": "51000", "renovate": false}, {"name": "\u0e01\u0e32\u0e28\u0e2d\u0e34\u0e19\u0e17\u0e23", "store_id": "02789", "address": "\u0e16.\u0e1a\u0e49\u0e32\u0e19\u0e1e\u0e0d\u0e32\u0e1c\u0e32\u0e1a-\u0e1a\u0e49\u0e32\u0e19\u0e41\u0e08\u0e48\u0e21 \u0e15.\u0e1a\u0e49\u0e32\u0e19\u0e01\u0e25\u0e32\u0e07 \u0e2d.\u0e40\u0e21\u0e37\u0e2d\u0e07\u0e25\u0e33\u0e1e\u0e39\u0e19 \u0e25\u0e33\u0e1e\u0e39\u0e19", "lat": 18.58011, "lng": 99.07135, "subdistrict": "\u0e1a\u0e49\u0e32\u0e19\u0e01\u0e25\u0e32\u0e07", "district": "\u0e40\u0e21\u0e37\u0e2d\u0e07\u0e25\u0e33\u0e1e\u0e39\u0e19", "province": "\u0e25\u0e33\u0e1e\u0e39\u0e19", "postcode": "51000", "renovate": false}, {"name": "\u0e15\u0e25\u0e32\u0e14\u0e2a\u0e34\u0e07\u0e2b\u0e4c\u0e40\u0e04\u0e34\u0e48\u0e07 (\u0e08.\u0e25\u0e33\u0e1e\u0e39\u0e19)", "store_id": "14254", "address": "\u0e15.\u0e1a\u0e49\u0e32\u0e19\u0e01\u0e25\u0e32\u0e07 \u0e2d.\u0e40\u0e21\u0e37\u0e2d\u0e07\u0e25\u0e33\u0e1e\u0e39\u0e19 \u0e25\u0e33\u0e1e\u0e39\u0e19", "lat": 18.57845375, "lng": 99.04762038, "subdistrict": "\u0e1a\u0e49\u0e32\u0e19\u0e01\u0e25\u0e32\u0e07", "district": "\u0e40\u0e21\u0e37\u0e2d\u0e07\u0e25\u0e33\u0e1e\u0e39\u0e19", "province": "\u0e25\u0e33\u0e1e\u0e39\u0e19", "postcode": "51000", "renovate": false}, {"name": "\u0e19\u0e34\u0e04\u0e21\u0e2f 4 (\u0e08.\u0e25\u0e33\u0e1e\u0e39\u0e19)", "store_id": "10509", "address": "\u0e15.\u0e1a\u0e49\u0e32\u0e19\u0e01\u0e25\u0e32\u0e07 \u0e2d.\u0e40\u0e21\u0e37\u0e2d\u0e07\u0e25\u0e33\u0e1e\u0e39\u0e19 \u0e25\u0e33\u0e1e\u0e39\u0e19", "lat": 18.58725, "lng": 99.04903, "subdistrict": "\u0e1a\u0e49\u0e32\u0e19\u0e01\u0e25\u0e32\u0e07", "district": "\u0e40\u0e21\u0e37\u0e2d\u0e07\u0e25\u0e33\u0e1e\u0e39\u0e19", "province": "\u0e25\u0e33\u0e1e\u0e39\u0e19", "postcode": "51000", "renovate": false}, {"name": "\u0e19\u0e34\u0e04\u0e21\u0e2d\u0e38\u0e15\u0e2a\u0e32\u0e2b\u0e01\u0e23\u0e23\u0e21 3", "store_id": "05975", "address": "\u0e15.\u0e1a\u0e49\u0e32\u0e19\u0e01\u0e25\u0e32\u0e07 \u0e2d.\u0e40\u0e21\u0e37\u0e2d\u0e07\u0e25\u0e33\u0e1e\u0e39\u0e19 \u0e25\u0e33\u0e1e\u0e39\u0e19", "lat": 18.583474, "lng": 99.049062, "subdistrict": "\u0e1a\u0e49\u0e32\u0e19\u0e01\u0e25\u0e32\u0e07", "district": "\u0e40\u0e21\u0e37\u0e2d\u0e07\u0e25\u0e33\u0e1e\u0e39\u0e19", "province": "\u0e25\u0e33\u0e1e\u0e39\u0e19", "postcode": "51000", "renovate": false}, {"name": "\u0e1a\u0e49\u0e32\u0e19\u0e23\u0e48\u0e2d\u0e07\u0e2a\u0e49\u0e32\u0e27 (\u0e08.\u0e25\u0e33\u0e1e\u0e39\u0e19)", "store_id": "17145", "address": "\u0e15.\u0e1a\u0e49\u0e32\u0e19\u0e01\u0e25\u0e32\u0e07 \u0e2d.\u0e40\u0e21\u0e37\u0e2d\u0e07\u0e25\u0e33\u0e1e\u0e39\u0e19 \u0e25\u0e33\u0e1e\u0e39\u0e19", "lat": 18.566524, "lng": 99.064041, "subdistrict": "\u0e1a\u0e49\u0e32\u0e19\u0e01\u0e25\u0e32\u0e07", "district": "\u0e40\u0e21\u0e37\u0e2d\u0e07\u0e25\u0e33\u0e1e\u0e39\u0e19", "province": "\u0e25\u0e33\u0e1e\u0e39\u0e19", "postcode": "51000", "renovate": false}, {"name": "\u0e1a\u0e49\u0e32\u0e19\u0e2b\u0e19\u0e2d\u0e07\u0e40\u0e1b\u0e47\u0e14 (\u0e19\u0e34\u0e04\u0e21\u0e2f \u0e25\u0e33\u0e1e\u0e39\u0e19)", "store_id": "08466", "address": "\u0e15.\u0e1a\u0e49\u0e32\u0e19\u0e01\u0e25\u0e32\u0e07 \u0e2d.\u0e40\u0e21\u0e37\u0e2d\u0e07\u0e25\u0e33\u0e1e\u0e39\u0e19 \u0e25\u0e33\u0e1e\u0e39\u0e19", "lat": 18.59316, "lng": 99.03546, "subdistrict": "\u0e1a\u0e49\u0e32\u0e19\u0e01\u0e25\u0e32\u0e07", "district": "\u0e40\u0e21\u0e37\u0e2d\u0e07\u0e25\u0e33\u0e1e\u0e39\u0e19", "province": "\u0e25\u0e33\u0e1e\u0e39\u0e19", "postcode": "51000", "renovate": false}, {"name": "\u0e1b\u0e15\u0e17.\u0e25\u0e33\u0e1e\u0e39\u0e19(Compact)", "store_id": "11936", "address": "\u0e15.\u0e1a\u0e49\u0e32\u0e19\u0e01\u0e25\u0e32\u0e07 \u0e2d.\u0e40\u0e21\u0e37\u0e2d\u0e07\u0e25\u0e33\u0e1e\u0e39\u0e19 \u0e25\u0e33\u0e1e\u0e39\u0e19", "lat": 18.58340567, "lng": 99.05642964, "subdistrict": "\u0e1a\u0e49\u0e32\u0e19\u0e01\u0e25\u0e32\u0e07", "district": "\u0e40\u0e21\u0e37\u0e2d\u0e07\u0e25\u0e33\u0e1e\u0e39\u0e19", "province": "\u0e25\u0e33\u0e1e\u0e39\u0e19", "postcode": "51000", "renovate": false}, {"name": "\u0e2b\u0e19\u0e49\u0e32\u0e42\u0e23\u0e07\u0e1e\u0e22\u0e32\u0e1a\u0e32\u0e25\u0e2b\u0e23\u0e34\u0e20\u0e38\u0e0d\u0e0a\u0e31\u0e22 (\u0e08.\u0e25\u0e33\u0e1e\u0e39\u0e19)", "store_id": "16579", "address": "\u0e15.\u0e1a\u0e49\u0e32\u0e19\u0e01\u0e25\u0e32\u0e07 \u0e2d.\u0e40\u0e21\u0e37\u0e2d\u0e07\u0e25\u0e33\u0e1e\u0e39\u0e19 \u0e25\u0e33\u0e1e\u0e39\u0e19", "lat": 18.58740097, "lng": 99.04760678, "subdistrict": "\u0e1a\u0e49\u0e32\u0e19\u0e01\u0e25\u0e32\u0e07", "district": "\u0e40\u0e21\u0e37\u0e2d\u0e07\u0e25\u0e33\u0e1e\u0e39\u0e19", "province": "\u0e25\u0e33\u0e1e\u0e39\u0e19", "postcode": "51000", "renovate": false}, {"name": "PTTOR \u0e44\u0e2e\u0e40\u0e27\u0e22\u0e4c\u0e25\u0e33\u0e1e\u0e39\u0e19", "store_id": "05113", "address": "\u0e15.\u0e1a\u0e49\u0e32\u0e19\u0e01\u0e25\u0e32\u0e07 \u0e2d.\u0e40\u0e21\u0e37\u0e2d\u0e07\u0e25\u0e33\u0e1e\u0e39\u0e19 \u0e25\u0e33\u0e1e\u0e39\u0e19", "lat": 18.570757, "lng": 99.044802, "subdistrict": "\u0e1a\u0e49\u0e32\u0e19\u0e01\u0e25\u0e32\u0e07", "district": "\u0e40\u0e21\u0e37\u0e2d\u0e07\u0e25\u0e33\u0e1e\u0e39\u0e19", "province": "\u0e25\u0e33\u0e1e\u0e39\u0e19", "postcode": "51000", "renovate": false}, {"name": "\u0e1a\u0e49\u0e32\u0e19\u0e41\u0e1b\u0e49\u0e19 (\u0e08.\u0e25\u0e33\u0e1e\u0e39\u0e19)", "store_id": "10187", "address": "\u0e15.\u0e1a\u0e49\u0e32\u0e19\u0e41\u0e1b\u0e49\u0e19 \u0e2d.\u0e40\u0e21\u0e37\u0e2d\u0e07\u0e25\u0e33\u0e1e\u0e39\u0e19 \u0e25\u0e33\u0e1e\u0e39\u0e19", "lat": 18.51822, "lng": 98.96515, "subdistrict": "\u0e1a\u0e49\u0e32\u0e19\u0e41\u0e1b\u0e49\u0e19", "district": "\u0e40\u0e21\u0e37\u0e2d\u0e07\u0e25\u0e33\u0e1e\u0e39\u0e19", "province": "\u0e25\u0e33\u0e1e\u0e39\u0e19", "postcode": "51000", "renovate": false}, {"name": "\u0e1a\u0e49\u0e32\u0e19\u0e1b\u0e23\u0e30\u0e15\u0e39\u0e1b\u0e48\u0e32(\u0e08.\u0e25\u0e33\u0e1e\u0e39\u0e19)", "store_id": "16686", "address": "\u0e15.\u0e1b\u0e23\u0e30\u0e15\u0e39\u0e1b\u0e48\u0e32 \u0e2d.\u0e40\u0e21\u0e37\u0e2d\u0e07\u0e25\u0e33\u0e1e\u0e39\u0e19 \u0e25\u0e33\u0e1e\u0e39\u0e19", "lat": 18.62434383, "lng": 99.0029402, "subdistrict": "\u0e1b\u0e23\u0e30\u0e15\u0e39\u0e1b\u0e48\u0e32", "district": "\u0e40\u0e21\u0e37\u0e2d\u0e07\u0e25\u0e33\u0e1e\u0e39\u0e19", "province": "\u0e25\u0e33\u0e1e\u0e39\u0e19", "postcode": "51000", "renovate": false}, {"name": "\u0e14\u0e2d\u0e22\u0e15\u0e34 (\u0e08.\u0e25\u0e33\u0e1e\u0e39\u0e19)", "store_id": "09547", "address": "\u0e15.\u0e1b\u0e48\u0e32\u0e2a\u0e31\u0e01 \u0e2d.\u0e40\u0e21\u0e37\u0e2d\u0e07\u0e25\u0e33\u0e1e\u0e39\u0e19 \u0e25\u0e33\u0e1e\u0e39\u0e19", "lat": 18.55193, "lng": 99.04952, "subdistrict": "\u0e1b\u0e48\u0e32\u0e2a\u0e31\u0e01", "district": "\u0e40\u0e21\u0e37\u0e2d\u0e07\u0e25\u0e33\u0e1e\u0e39\u0e19", "province": "\u0e25\u0e33\u0e1e\u0e39\u0e19", "postcode": "51000", "renovate": false}, {"name": "\u0e15\u0e25\u0e32\u0e14\u0e08\u0e15\u0e38\u0e08\u0e31\u0e01\u0e23 ( \u0e25\u0e33\u0e1e\u0e39\u0e19 )", "store_id": "04542", "address": "\u0e15.\u0e1b\u0e48\u0e32\u0e2a\u0e31\u0e01 \u0e2d.\u0e40\u0e21\u0e37\u0e2d\u0e07\u0e25\u0e33\u0e1e\u0e39\u0e19 \u0e25\u0e33\u0e1e\u0e39\u0e19", "lat": 18.5593648, "lng": 99.0359424, "subdistrict": "\u0e1b\u0e48\u0e32\u0e2a\u0e31\u0e01", "district": "\u0e40\u0e21\u0e37\u0e2d\u0e07\u0e25\u0e33\u0e1e\u0e39\u0e19", "province": "\u0e25\u0e33\u0e1e\u0e39\u0e19", "postcode": "51000", "renovate": false}, {"name": "\u0e19\u0e49\u0e33\u0e1a\u0e48\u0e2d\u0e40\u0e2b\u0e25\u0e37\u0e2d\u0e07 1", "store_id": "09255", "address": "\u0e15.\u0e1b\u0e48\u0e32\u0e2a\u0e31\u0e01 \u0e2d.\u0e40\u0e21\u0e37\u0e2d\u0e07\u0e25\u0e33\u0e1e\u0e39\u0e19 \u0e25\u0e33\u0e1e\u0e39\u0e19", "lat": 18.539212, "lng": 99.027124, "subdistrict": "\u0e1b\u0e48\u0e32\u0e2a\u0e31\u0e01", "district": "\u0e40\u0e21\u0e37\u0e2d\u0e07\u0e25\u0e33\u0e1e\u0e39\u0e19", "province": "\u0e25\u0e33\u0e1e\u0e39\u0e19", "postcode": "51000", "renovate": false}, {"name": "\u0e1a\u0e49\u0e32\u0e19\u0e2b\u0e49\u0e27\u0e22\u0e21\u0e49\u0e32\u0e42\u0e01\u0e49\u0e07 (\u0e08.\u0e25\u0e33\u0e1e\u0e39\u0e19)", "store_id": "15454", "address": "\u0e15.\u0e1b\u0e48\u0e32\u0e2a\u0e31\u0e01 \u0e2d.\u0e40\u0e21\u0e37\u0e2d\u0e07\u0e25\u0e33\u0e1e\u0e39\u0e19 \u0e25\u0e33\u0e1e\u0e39\u0e19", "lat": 18.51123688, "lng": 99.00475978, "subdistrict": "\u0e1b\u0e48\u0e32\u0e2a\u0e31\u0e01", "district": "\u0e40\u0e21\u0e37\u0e2d\u0e07\u0e25\u0e33\u0e1e\u0e39\u0e19", "province": "\u0e25\u0e33\u0e1e\u0e39\u0e19", "postcode": "51000", "renovate": false}, {"name": "\u0e1a\u0e49\u0e32\u0e19\u0e43\u0e2b\u0e21\u0e48\u0e08\u0e15\u0e38\u0e08\u0e31\u0e01\u0e23(\u0e08.\u0e25\u0e33\u0e1e\u0e39\u0e19)", "store_id": "15592", "address": "\u0e15.\u0e1b\u0e48\u0e32\u0e2a\u0e31\u0e01 \u0e2d.\u0e40\u0e21\u0e37\u0e2d\u0e07\u0e25\u0e33\u0e1e\u0e39\u0e19 \u0e25\u0e33\u0e1e\u0e39\u0e19", "lat": 18.556863, "lng": 99.035764, "subdistrict": "\u0e1b\u0e48\u0e32\u0e2a\u0e31\u0e01", "district": "\u0e40\u0e21\u0e37\u0e2d\u0e07\u0e25\u0e33\u0e1e\u0e39\u0e19", "province": "\u0e25\u0e33\u0e1e\u0e39\u0e19", "postcode": "51000", "renovate": false}, {"name": "\u0e19\u0e34\u0e04\u0e21\u0e2f 5 (\u0e01\u0e32\u0e14\u0e2a\u0e31\u0e19\u0e1b\u0e39\u0e40\u0e25\u0e22 \u0e08.\u0e25\u0e33\u0e1e\u0e39\u0e19)", "store_id": "10690", "address": "\u0e15.\u0e21\u0e30\u0e40\u0e02\u0e37\u0e2d\u0e41\u0e08\u0e49 \u0e2d.\u0e40\u0e21\u0e37\u0e2d\u0e07\u0e25\u0e33\u0e1e\u0e39\u0e19 \u0e25\u0e33\u0e1e\u0e39\u0e19", "lat": 18.6002049, "lng": 99.0510439, "subdistrict": "\u0e21\u0e30\u0e40\u0e02\u0e37\u0e2d\u0e41\u0e08\u0e49", "district": "\u0e40\u0e21\u0e37\u0e2d\u0e07\u0e25\u0e33\u0e1e\u0e39\u0e19", "province": "\u0e25\u0e33\u0e1e\u0e39\u0e19", "postcode": "58000", "renovate": false}, {"name": "\u0e1a\u0e49\u0e32\u0e19\u0e1b\u0e48\u0e32\u0e40\u0e1b\u0e49\u0e32 (\u0e08.\u0e25\u0e33\u0e1e\u0e39\u0e19)", "store_id": "10460", "address": "\u0e15.\u0e21\u0e30\u0e40\u0e02\u0e37\u0e2d\u0e41\u0e08\u0e49 \u0e2d.\u0e40\u0e21\u0e37\u0e2d\u0e07\u0e25\u0e33\u0e1e\u0e39\u0e19 \u0e25\u0e33\u0e1e\u0e39\u0e19", "lat": 18.59387, "lng": 99.08209, "subdistrict": "\u0e21\u0e30\u0e40\u0e02\u0e37\u0e2d\u0e41\u0e08\u0e49", "district": "\u0e40\u0e21\u0e37\u0e2d\u0e07\u0e25\u0e33\u0e1e\u0e39\u0e19", "province": "\u0e25\u0e33\u0e1e\u0e39\u0e19", "postcode": "51000", "renovate": false}, {"name": "\u0e1a\u0e49\u0e32\u0e19\u0e2a\u0e31\u0e19\u0e23\u0e34\u0e21\u0e1b\u0e34\u0e07(\u0e08.\u0e25\u0e33\u0e1e\u0e39\u0e19)", "store_id": "15745", "address": "\u0e15.\u0e23\u0e34\u0e21\u0e1b\u0e34\u0e07 \u0e2d.\u0e40\u0e21\u0e37\u0e2d\u0e07\u0e25\u0e33\u0e1e\u0e39\u0e19 \u0e25\u0e33\u0e1e\u0e39\u0e19", "lat": 18.59518973, "lng": 98.97276459, "subdistrict": "\u0e23\u0e34\u0e21\u0e1b\u0e34\u0e07", "district": "\u0e40\u0e21\u0e37\u0e2d\u0e07\u0e25\u0e33\u0e1e\u0e39\u0e19", "province": "\u0e25\u0e33\u0e1e\u0e39\u0e19", "postcode": "51000", "renovate": false}, {"name": "\u0e1b\u0e15\u0e17.\u0e16\u0e19\u0e19\u0e08\u0e32\u0e21\u0e40\u0e17\u0e27\u0e35(\u0e25\u0e33\u0e1e\u0e39\u0e19)", "store_id": "13811", "address": "\u0e15.\u0e23\u0e34\u0e21\u0e1b\u0e34\u0e07 \u0e2d.\u0e40\u0e21\u0e37\u0e2d\u0e07\u0e25\u0e33\u0e1e\u0e39\u0e19 \u0e25\u0e33\u0e1e\u0e39\u0e19", "lat": 18.58857093, "lng": 98.98501596, "subdistrict": "\u0e23\u0e34\u0e21\u0e1b\u0e34\u0e07", "district": "\u0e40\u0e21\u0e37\u0e2d\u0e07\u0e25\u0e33\u0e1e\u0e39\u0e19", "province": "\u0e25\u0e33\u0e1e\u0e39\u0e19", "postcode": "51000", "renovate": false}, {"name": "\u0e1a\u0e49\u0e32\u0e19\u0e41\u0e21\u0e48\u0e2a\u0e32\u0e23\u0e1b\u0e48\u0e32\u0e41\u0e14\u0e14 (\u0e08.\u0e25\u0e33\u0e1e\u0e39\u0e19)", "store_id": "10691", "address": "\u0e15.\u0e40\u0e27\u0e35\u0e22\u0e07\u0e22\u0e2d\u0e07 \u0e2d.\u0e40\u0e21\u0e37\u0e2d\u0e07\u0e25\u0e33\u0e1e\u0e39\u0e19 \u0e25\u0e33\u0e1e\u0e39\u0e19", "lat": 18.562, "lng": 99.03421, "subdistrict": "\u0e40\u0e27\u0e35\u0e22\u0e07\u0e22\u0e2d\u0e07", "district": "\u0e40\u0e21\u0e37\u0e2d\u0e07\u0e25\u0e33\u0e1e\u0e39\u0e19", "province": "\u0e25\u0e33\u0e1e\u0e39\u0e19", "postcode": "58000", "renovate": false}, {"name": "PTTOR \u0e25\u0e33\u0e1e\u0e39\u0e19-\u0e14\u0e2d\u0e22\u0e15\u0e34", "store_id": "17020", "address": "\u0e15.\u0e40\u0e27\u0e35\u0e22\u0e07\u0e22\u0e2d\u0e07 \u0e2d.\u0e40\u0e21\u0e37\u0e2d\u0e07\u0e25\u0e33\u0e1e\u0e39\u0e19 \u0e25\u0e33\u0e1e\u0e39\u0e19", "lat": 18.562556, "lng": 99.033525, "subdistrict": "\u0e40\u0e27\u0e35\u0e22\u0e07\u0e22\u0e2d\u0e07", "district": "\u0e40\u0e21\u0e37\u0e2d\u0e07\u0e25\u0e33\u0e1e\u0e39\u0e19", "province": "\u0e25\u0e33\u0e1e\u0e39\u0e19", "postcode": "51000", "renovate": false}, {"name": "\u0e1a\u0e49\u0e32\u0e19\u0e21\u0e49\u0e32\u0e43\u0e15\u0e49(\u0e08.\u0e25\u0e33\u0e1e\u0e39\u0e19)", "store_id": "15352", "address": "\u0e15.\u0e28\u0e23\u0e35\u0e1a\u0e31\u0e27\u0e1a\u0e32\u0e19 \u0e2d.\u0e40\u0e21\u0e37\u0e2d\u0e07\u0e25\u0e33\u0e1e\u0e39\u0e19 \u0e25\u0e33\u0e1e\u0e39\u0e19", "lat": 18.5433, "lng": 99.0637, "subdistrict": "\u0e28\u0e23\u0e35\u0e1a\u0e31\u0e27\u0e1a\u0e32\u0e19", "district": "\u0e40\u0e21\u0e37\u0e2d\u0e07\u0e25\u0e33\u0e1e\u0e39\u0e19", "province": "\u0e25\u0e33\u0e1e\u0e39\u0e19", "postcode": "51000", "renovate": false}, {"name": "\u0e1b\u0e15\u0e17.\u0e2b\u0e19\u0e2d\u0e07\u0e2b\u0e19\u0e32\u0e21", "store_id": "08958", "address": "\u0e15.\u0e2b\u0e19\u0e2d\u0e07\u0e2b\u0e19\u0e32\u0e21 \u0e2d.\u0e40\u0e21\u0e37\u0e2d\u0e07\u0e25\u0e33\u0e1e\u0e39\u0e19 \u0e25\u0e33\u0e1e\u0e39\u0e19", "lat": 18.498927, "lng": 98.99507, "subdistrict": "\u0e2b\u0e19\u0e2d\u0e07\u0e2b\u0e19\u0e32\u0e21", "district": "\u0e40\u0e21\u0e37\u0e2d\u0e07\u0e25\u0e33\u0e1e\u0e39\u0e19", "province": "\u0e25\u0e33\u0e1e\u0e39\u0e19", "postcode": "51000", "renovate": false}, {"name": "\u0e1a\u0e49\u0e32\u0e19\u0e40\u0e2b\u0e21\u0e37\u0e2d\u0e07\u0e07\u0e48\u0e32", "store_id": "05282", "address": "\u0e15.\u0e40\u0e2b\u0e21\u0e37\u0e2d\u0e07\u0e07\u0e48\u0e32 \u0e2d.\u0e40\u0e21\u0e37\u0e2d\u0e07\u0e25\u0e33\u0e1e\u0e39\u0e19 \u0e25\u0e33\u0e1e\u0e39\u0e19", "lat": 18.6082263, "lng": 99.0247053, "subdistrict": "\u0e40\u0e2b\u0e21\u0e37\u0e2d\u0e07\u0e07\u0e48\u0e32", "district": "\u0e40\u0e21\u0e37\u0e2d\u0e07\u0e25\u0e33\u0e1e\u0e39\u0e19", "province": "\u0e25\u0e33\u0e1e\u0e39\u0e19", "postcode": "50000", "renovate": false}, {"name": "\u0e28\u0e23\u0e35\u0e1a\u0e38\u0e0d\u0e22\u0e37\u0e19", "store_id": "03379", "address": "\u0e15.\u0e40\u0e2b\u0e21\u0e37\u0e2d\u0e07\u0e07\u0e48\u0e32 \u0e2d.\u0e40\u0e21\u0e37\u0e2d\u0e07\u0e25\u0e33\u0e1e\u0e39\u0e19 \u0e25\u0e33\u0e1e\u0e39\u0e19", "lat": 18.5994, "lng": 99.02686, "subdistrict": "\u0e40\u0e2b\u0e21\u0e37\u0e2d\u0e07\u0e07\u0e48\u0e32", "district": "\u0e40\u0e21\u0e37\u0e2d\u0e07\u0e25\u0e33\u0e1e\u0e39\u0e19", "province": "\u0e25\u0e33\u0e1e\u0e39\u0e19", "postcode": "51000", "renovate": false}, {"name": "\u0e2b\u0e19\u0e49\u0e32\u0e42\u0e23\u0e07\u0e1e\u0e22\u0e32\u0e1a\u0e32\u0e25\u0e25\u0e33\u0e1e\u0e39\u0e19", "store_id": "08082", "address": "\u0e15.\u0e40\u0e2b\u0e21\u0e37\u0e2d\u0e07\u0e07\u0e48\u0e32 \u0e2d.\u0e40\u0e21\u0e37\u0e2d\u0e07\u0e25\u0e33\u0e1e\u0e39\u0e19 \u0e25\u0e33\u0e1e\u0e39\u0e19", "lat": 18.582874, "lng": 98.995233, "subdistrict": "\u0e40\u0e2b\u0e21\u0e37\u0e2d\u0e07\u0e07\u0e48\u0e32", "district": "\u0e40\u0e21\u0e37\u0e2d\u0e07\u0e25\u0e33\u0e1e\u0e39\u0e19", "province": "\u0e25\u0e33\u0e1e\u0e39\u0e19", "postcode": "51000", "renovate": false}, {"name": "\u0e15\u0e25\u0e32\u0e14\u0e01\u0e25\u0e32\u0e07(\u0e1b\u0e48\u0e32\u0e40\u0e2b\u0e47\u0e27-\u0e25\u0e33\u0e1e\u0e39\u0e19)", "store_id": "04927", "address": "\u0e16.\u0e40\u0e0a\u0e35\u0e22\u0e07\u0e43\u0e2b\u0e21\u0e48-\u0e25\u0e33\u0e1e\u0e39\u0e19 \u0e15.\u0e2d\u0e38\u0e42\u0e21\u0e07\u0e04\u0e4c \u0e2d.\u0e40\u0e21\u0e37\u0e2d\u0e07\u0e25\u0e33\u0e1e\u0e39\u0e19 \u0e25\u0e33\u0e1e\u0e39\u0e19", "lat": 18.6498749, "lng": 99.0415931, "subdistrict": "\u0e2d\u0e38\u0e42\u0e21\u0e07\u0e04\u0e4c", "district": "\u0e40\u0e21\u0e37\u0e2d\u0e07\u0e25\u0e33\u0e1e\u0e39\u0e19", "province": "\u0e25\u0e33\u0e1e\u0e39\u0e19", "postcode": "51000", "renovate": false}, {"name": "\u0e1a\u0e49\u0e32\u0e19\u0e40\u0e0a\u0e15\u0e38\u0e27\u0e31\u0e19(\u0e08.\u0e25\u0e33\u0e1e\u0e39\u0e19)", "store_id": "13505", "address": "\u0e15.\u0e2d\u0e38\u0e42\u0e21\u0e07\u0e04\u0e4c \u0e2d.\u0e40\u0e21\u0e37\u0e2d\u0e07\u0e25\u0e33\u0e1e\u0e39\u0e19 \u0e25\u0e33\u0e1e\u0e39\u0e19", "lat": 18.643557, "lng": 99.044165, "subdistrict": "\u0e2d\u0e38\u0e42\u0e21\u0e07\u0e04\u0e4c", "district": "\u0e40\u0e21\u0e37\u0e2d\u0e07\u0e25\u0e33\u0e1e\u0e39\u0e19", "province": "\u0e25\u0e33\u0e1e\u0e39\u0e19", "postcode": "51000", "renovate": false}, {"name": "\u0e2d\u0e33\u0e40\u0e20\u0e2d\u0e41\u0e21\u0e48\u0e17\u0e32", "store_id": "08899", "address": "\u0e15.\u0e17\u0e32\u0e01\u0e32\u0e28 \u0e2d.\u0e41\u0e21\u0e48\u0e17\u0e32 \u0e25\u0e33\u0e1e\u0e39\u0e19", "lat": 18.42487, "lng": 98.99093, "subdistrict": "\u0e17\u0e32\u0e01\u0e32\u0e28", "district": "\u0e41\u0e21\u0e48\u0e17\u0e32", "province": "\u0e25\u0e33\u0e1e\u0e39\u0e19", "postcode": "51140", "renovate": false}, {"name": "\u0e15\u0e25\u0e32\u0e14\u0e17\u0e32\u0e23\u0e38\u0e48\u0e07\u0e40\u0e23\u0e37\u0e2d\u0e07(\u0e08.\u0e25\u0e33\u0e1e\u0e39\u0e19)", "store_id": "15061", "address": "\u0e15.\u0e17\u0e32\u0e2a\u0e1a\u0e40\u0e2a\u0e49\u0e32 \u0e2d.\u0e41\u0e21\u0e48\u0e17\u0e32 \u0e25\u0e33\u0e1e\u0e39\u0e19", "lat": 18.452866, "lng": 99.117068, "subdistrict": "\u0e17\u0e32\u0e2a\u0e1a\u0e40\u0e2a\u0e49\u0e32", "district": "\u0e41\u0e21\u0e48\u0e17\u0e32", "province": "\u0e25\u0e33\u0e1e\u0e39\u0e19", "postcode": "51140", "renovate": false}, {"name": "\u0e1a\u0e49\u0e32\u0e19\u0e41\u0e21\u0e48\u0e15\u0e37\u0e19 (\u0e2d.\u0e25\u0e35\u0e49)", "store_id": "09771", "address": "\u0e15.\u0e41\u0e21\u0e48\u0e15\u0e37\u0e19 \u0e2d.\u0e25\u0e35\u0e49 \u0e25\u0e33\u0e1e\u0e39\u0e19", "lat": 18.0035058, "lng": 98.877222, "subdistrict": "\u0e41\u0e21\u0e48\u0e15\u0e37\u0e19", "district": "\u0e25\u0e35\u0e49", "province": "\u0e25\u0e33\u0e1e\u0e39\u0e19", "postcode": "51110", "renovate": false}, {"name": "\u0e1b\u0e15\u0e17.\u0e25\u0e35\u0e49-\u0e25\u0e33\u0e1e\u0e39\u0e19", "store_id": "13749", "address": "\u0e15.\u0e25\u0e35\u0e49 \u0e2d.\u0e25\u0e35\u0e49 \u0e25\u0e33\u0e1e\u0e39\u0e19", "lat": 17.811589, "lng": 98.93983, "subdistrict": "\u0e25\u0e35\u0e49", "district": "\u0e25\u0e35\u0e49", "province": "\u0e25\u0e33\u0e1e\u0e39\u0e19", "postcode": "51110", "renovate": false}, {"name": "\u0e25\u0e35\u0e49", "store_id": "06433", "address": "\u0e15.\u0e25\u0e35\u0e49 \u0e2d.\u0e25\u0e35\u0e49 \u0e25\u0e33\u0e1e\u0e39\u0e19", "lat": 17.803237, "lng": 98.948292, "subdistrict": "\u0e25\u0e35\u0e49", "district": "\u0e25\u0e35\u0e49", "province": "\u0e25\u0e33\u0e1e\u0e39\u0e19", "postcode": "51110", "renovate": false}, {"name": "\u0e25\u0e35\u0e49 2", "store_id": "09161", "address": "\u0e15.\u0e25\u0e35\u0e49 \u0e2d.\u0e25\u0e35\u0e49 \u0e25\u0e33\u0e1e\u0e39\u0e19", "lat": 17.80549, "lng": 98.94667, "subdistrict": "\u0e25\u0e35\u0e49", "district": "\u0e25\u0e35\u0e49", "province": "\u0e25\u0e33\u0e1e\u0e39\u0e19", "postcode": "51100", "renovate": false}, {"name": "\u0e2d\u0e33\u0e40\u0e20\u0e2d\u0e40\u0e27\u0e35\u0e22\u0e07\u0e2b\u0e19\u0e2d\u0e07\u0e25\u0e48\u0e2d\u0e07", "store_id": "08084", "address": "\u0e15.\u0e27\u0e31\u0e07\u0e1c\u0e32\u0e07 \u0e2d.\u0e01\u0e34\u0e48\u0e07\u0e2d\u0e33\u0e40\u0e20\u0e2d\u0e40\u0e27\u0e35\u0e22\u0e07\u0e2b\u0e19\u0e2d\u0e07\u0e25\u0e48\u0e2d\u0e07 \u0e25\u0e33\u0e1e\u0e39\u0e19", "lat": 18.4178262, "lng": 98.7489004, "subdistrict": "\u0e27\u0e31\u0e07\u0e1c\u0e32\u0e07", "district": "\u0e01\u0e34\u0e48\u0e07\u0e2d\u0e33\u0e40\u0e20\u0e2d\u0e40\u0e27\u0e35\u0e22\u0e07\u0e2b\u0e19\u0e2d\u0e07\u0e25\u0e48\u0e2d\u0e07", "province": "\u0e25\u0e33\u0e1e\u0e39\u0e19", "postcode": "51120", "renovate": false}, {"name": "\u0e1a\u0e49\u0e32\u0e19\u0e2b\u0e19\u0e2d\u0e07\u0e25\u0e48\u0e2d\u0e07 (\u0e08.\u0e25\u0e33\u0e1e\u0e39\u0e19)", "store_id": "15453", "address": "\u0e15.\u0e2b\u0e19\u0e2d\u0e07\u0e25\u0e48\u0e2d\u0e07 \u0e2d.\u0e01\u0e34\u0e48\u0e07\u0e2d\u0e33\u0e40\u0e20\u0e2d\u0e40\u0e27\u0e35\u0e22\u0e07\u0e2b\u0e19\u0e2d\u0e07\u0e25\u0e48\u0e2d\u0e07 \u0e25\u0e33\u0e1e\u0e39\u0e19", "lat": 18.40640229, "lng": 98.74183645, "subdistrict": "\u0e2b\u0e19\u0e2d\u0e07\u0e25\u0e48\u0e2d\u0e07", "district": "\u0e01\u0e34\u0e48\u0e07\u0e2d\u0e33\u0e40\u0e20\u0e2d\u0e40\u0e27\u0e35\u0e22\u0e07\u0e2b\u0e19\u0e2d\u0e07\u0e25\u0e48\u0e2d\u0e07", "province": "\u0e25\u0e33\u0e1e\u0e39\u0e19", "postcode": "51120", "renovate": false}]