[{"name": "\u0e04\u0e27\u0e19\u0e01\u0e32\u0e2b\u0e25\u0e07", "store_id": "09391", "address": "\u0e15.\u0e04\u0e27\u0e19\u0e01\u0e32\u0e2b\u0e25\u0e07 \u0e2d.\u0e04\u0e27\u0e19\u0e01\u0e32\u0e2b\u0e25\u0e07 \u0e2a\u0e15\u0e39\u0e25", "lat": 6.86107745, "lng": 100.01668183, "subdistrict": "\u0e04\u0e27\u0e19\u0e01\u0e32\u0e2b\u0e25\u0e07", "district": "\u0e04\u0e27\u0e19\u0e01\u0e32\u0e2b\u0e25\u0e07", "province": "\u0e2a\u0e15\u0e39\u0e25", "postcode": "91130", "renovate": false}, {"name": "\u0e1b\u0e15\u0e17.\u0e04\u0e27\u0e19\u0e01\u0e32\u0e2b\u0e25\u0e07 (Compact)", "store_id": "11678", "address": "\u0e15.\u0e04\u0e27\u0e19\u0e01\u0e32\u0e2b\u0e25\u0e07 \u0e2d.\u0e04\u0e27\u0e19\u0e01\u0e32\u0e2b\u0e25\u0e07 \u0e2a\u0e15\u0e39\u0e25", "lat": 6.8621638, "lng": 100.00615684, "subdistrict": "\u0e04\u0e27\u0e19\u0e01\u0e32\u0e2b\u0e25\u0e07", "district": "\u0e04\u0e27\u0e19\u0e01\u0e32\u0e2b\u0e25\u0e07", "province": "\u0e2a\u0e15\u0e39\u0e25", "postcode": "91130", "renovate": false}, {"name": "\u0e1b\u0e15\u0e17.\u0e17\u0e38\u0e48\u0e07\u0e19\u0e38\u0e49\u0e22", "store_id": "04966", "address": "\u0e15.\u0e17\u0e38\u0e48\u0e07\u0e19\u0e38\u0e49\u0e22 \u0e2d.\u0e04\u0e27\u0e19\u0e01\u0e32\u0e2b\u0e25\u0e07 \u0e2a\u0e15\u0e39\u0e25", "lat": 6.833884, "lng": 100.099367, "subdistrict": "\u0e17\u0e38\u0e48\u0e07\u0e19\u0e38\u0e49\u0e22", "district": "\u0e04\u0e27\u0e19\u0e01\u0e32\u0e2b\u0e25\u0e07", "province": "\u0e2a\u0e15\u0e39\u0e25", "postcode": "91130", "renovate": false}, {"name": "PTTOR \u0e16\u0e19\u0e19\u0e22\u0e19\u0e15\u0e23\u0e01\u0e32\u0e23\u0e01\u0e33\u0e18\u0e23 (\u0e17\u0e38\u0e48\u0e07\u0e19\u0e38\u0e49\u0e22)", "store_id": "14283", "address": "\u0e15.\u0e17\u0e38\u0e48\u0e07\u0e19\u0e38\u0e49\u0e22 \u0e2d.\u0e04\u0e27\u0e19\u0e01\u0e32\u0e2b\u0e25\u0e07 \u0e2a\u0e15\u0e39\u0e25", "lat": 6.84726747, "lng": 100.10649268, "subdistrict": "\u0e17\u0e38\u0e48\u0e07\u0e19\u0e38\u0e49\u0e22", "district": "\u0e04\u0e27\u0e19\u0e01\u0e32\u0e2b\u0e25\u0e07", "province": "\u0e2a\u0e15\u0e39\u0e25", "postcode": "91130", "renovate": false}, {"name": "\u0e04\u0e27\u0e19\u0e42\u0e14\u0e19", "store_id": "05648", "address": "\u0e16.\u0e1e\u0e31\u0e12\u0e19\u0e32\u0e27\u0e34\u0e16\u0e35 \u0e15.\u0e04\u0e27\u0e19\u0e42\u0e14\u0e19 \u0e2d.\u0e04\u0e27\u0e19\u0e42\u0e14\u0e19 \u0e2a\u0e15\u0e39\u0e25", "lat": 6.78834414, "lng": 100.08014029, "subdistrict": "\u0e04\u0e27\u0e19\u0e42\u0e14\u0e19", "district": "\u0e04\u0e27\u0e19\u0e42\u0e14\u0e19", "province": "\u0e2a\u0e15\u0e39\u0e25", "postcode": "91160", "renovate": false}, {"name": "\u0e15\u0e33\u0e1a\u0e25\u0e04\u0e27\u0e19\u0e2a\u0e15\u0e2d", "store_id": "16741", "address": "\u0e15.\u0e04\u0e27\u0e19\u0e2a\u0e15\u0e2d \u0e2d.\u0e04\u0e27\u0e19\u0e42\u0e14\u0e19 \u0e2a\u0e15\u0e39\u0e25", "lat": 6.7758936, "lng": 100.09478853, "subdistrict": "\u0e04\u0e27\u0e19\u0e2a\u0e15\u0e2d", "district": "\u0e04\u0e27\u0e19\u0e42\u0e14\u0e19", "province": "\u0e2a\u0e15\u0e39\u0e25", "postcode": "91160", "renovate": false}, {"name": "\u0e15\u0e33\u0e1a\u0e25\u0e41\u0e1b-\u0e23\u0e30", "store_id": "16770", "address": "\u0e15.\u0e41\u0e1b-\u0e23\u0e30 \u0e2d.\u0e17\u0e48\u0e32\u0e41\u0e1e \u0e2a\u0e15\u0e39\u0e25", "lat": 6.8385358, "lng": 99.92407143, "subdistrict": "\u0e41\u0e1b-\u0e23\u0e30", "district": "\u0e17\u0e48\u0e32\u0e41\u0e1e", "province": "\u0e2a\u0e15\u0e39\u0e25", "postcode": "91150", "renovate": false}, {"name": "\u0e17\u0e48\u0e32\u0e41\u0e1e (\u0e2a\u0e15\u0e39\u0e25)", "store_id": "08861", "address": "\u0e15.\u0e17\u0e48\u0e32\u0e41\u0e1e \u0e2d.\u0e17\u0e48\u0e32\u0e41\u0e1e \u0e2a\u0e15\u0e39\u0e25", "lat": 6.792152, "lng": 99.962679, "subdistrict": "\u0e17\u0e48\u0e32\u0e41\u0e1e", "district": "\u0e17\u0e48\u0e32\u0e41\u0e1e", "province": "\u0e2a\u0e15\u0e39\u0e25", "postcode": "91150", "renovate": false}, {"name": "\u0e16\u0e19\u0e19\u0e25\u0e30\u0e07\u0e39-\u0e17\u0e38\u0e48\u0e07\u0e2b\u0e27\u0e49\u0e32", "store_id": "11468", "address": "\u0e15.\u0e01\u0e33\u0e41\u0e1e\u0e07 \u0e2d.\u0e25\u0e30\u0e07\u0e39 \u0e2a\u0e15\u0e39\u0e25", "lat": 6.89486058, "lng": 99.78903535, "subdistrict": "\u0e01\u0e33\u0e41\u0e1e\u0e07", "district": "\u0e25\u0e30\u0e07\u0e39", "province": "\u0e2a\u0e15\u0e39\u0e25", "postcode": "91110", "renovate": false}, {"name": "\u0e17\u0e38\u0e48\u0e07\u0e2b\u0e27\u0e49\u0e32", "store_id": "08559", "address": "\u0e15.\u0e17\u0e38\u0e48\u0e07\u0e2b\u0e27\u0e49\u0e32 \u0e2d.\u0e17\u0e38\u0e48\u0e07\u0e2b\u0e27\u0e49\u0e32 \u0e2a\u0e15\u0e39\u0e25", "lat": 7.10437541, "lng": 99.75483795, "subdistrict": "\u0e17\u0e38\u0e48\u0e07\u0e2b\u0e27\u0e49\u0e32", "district": "\u0e17\u0e38\u0e48\u0e07\u0e2b\u0e27\u0e49\u0e32", "province": "\u0e2a\u0e15\u0e39\u0e25", "postcode": "91120", "renovate": false}, {"name": "\u0e21\u0e30\u0e19\u0e31\u0e07", "store_id": "10009", "address": "\u0e15.\u0e1b\u0e32\u0e25\u0e4c\u0e21\u0e1e\u0e31\u0e12\u0e19\u0e32 \u0e2d.\u0e01\u0e34\u0e48\u0e07\u0e2d\u0e33\u0e40\u0e20\u0e2d\u0e21\u0e30\u0e19\u0e31\u0e07 \u0e2a\u0e15\u0e39\u0e25", "lat": 6.99894572, "lng": 99.91209056, "subdistrict": "\u0e1b\u0e32\u0e25\u0e4c\u0e21\u0e1e\u0e31\u0e12\u0e19\u0e32", "district": "\u0e01\u0e34\u0e48\u0e07\u0e2d\u0e33\u0e40\u0e20\u0e2d\u0e21\u0e30\u0e19\u0e31\u0e07", "province": "\u0e2a\u0e15\u0e39\u0e25", "postcode": "91130", "renovate": false}, {"name": "\u0e40\u0e01\u0e32\u0e30\u0e2b\u0e25\u0e35\u0e40\u0e1b\u0e4a\u0e30", "store_id": "05149", "address": "\u0e15.\u0e40\u0e01\u0e32\u0e30\u0e2a\u0e32\u0e2b\u0e23\u0e48\u0e32\u0e22 \u0e2d.\u0e40\u0e21\u0e37\u0e2d\u0e07\u0e2a\u0e15\u0e39\u0e25 \u0e2a\u0e15\u0e39\u0e25", "lat": 6.487502, "lng": 99.306122, "subdistrict": "\u0e40\u0e01\u0e32\u0e30\u0e2a\u0e32\u0e2b\u0e23\u0e48\u0e32\u0e22", "district": "\u0e40\u0e21\u0e37\u0e2d\u0e07\u0e2a\u0e15\u0e39\u0e25", "province": "\u0e2a\u0e15\u0e39\u0e25", "postcode": "91000", "renovate": false}, {"name": "\u0e2b\u0e25\u0e35\u0e40\u0e1b\u0e4a\u0e30 Walking Street", "store_id": "11578", "address": "\u0e15.\u0e40\u0e01\u0e32\u0e30\u0e2a\u0e32\u0e2b\u0e23\u0e48\u0e32\u0e22 \u0e2d.\u0e40\u0e21\u0e37\u0e2d\u0e07\u0e2a\u0e15\u0e39\u0e25 \u0e2a\u0e15\u0e39\u0e25", "lat": 6.48855772, "lng": 99.30813677, "subdistrict": "\u0e40\u0e01\u0e32\u0e30\u0e2a\u0e32\u0e2b\u0e23\u0e48\u0e32\u0e22", "district": "\u0e40\u0e21\u0e37\u0e2d\u0e07\u0e2a\u0e15\u0e39\u0e25", "province": "\u0e2a\u0e15\u0e39\u0e25", "postcode": "91000", "renovate": false}, {"name": "\u0e04\u0e25\u0e2d\u0e07\u0e02\u0e38\u0e14", "store_id": "08631", "address": "\u0e15.\u0e04\u0e25\u0e2d\u0e07\u0e02\u0e38\u0e14 \u0e2d.\u0e40\u0e21\u0e37\u0e2d\u0e07\u0e2a\u0e15\u0e39\u0e25 \u0e2a\u0e15\u0e39\u0e25", "lat": 6.64013107, "lng": 100.07244207, "subdistrict": "\u0e04\u0e25\u0e2d\u0e07\u0e02\u0e38\u0e14", "district": "\u0e40\u0e21\u0e37\u0e2d\u0e07\u0e2a\u0e15\u0e39\u0e25", "province": "\u0e2a\u0e15\u0e39\u0e25", "postcode": "91000", "renovate": false}, {"name": "\u0e1a\u0e49\u0e32\u0e19\u0e17\u0e48\u0e32\u0e08\u0e35\u0e19 (\u0e2a\u0e15\u0e39\u0e25)", "store_id": "11072", "address": "\u0e0b.- \u0e16.\u0e22\u0e19\u0e15\u0e23\u0e01\u0e32\u0e23\u0e01\u0e33\u0e18\u0e23 \u0e15.\u0e04\u0e25\u0e2d\u0e07\u0e02\u0e38\u0e14 \u0e2d.\u0e40\u0e21\u0e37\u0e2d\u0e07\u0e2a\u0e15\u0e39\u0e25 \u0e2a\u0e15\u0e39\u0e25", "lat": 6.66527826, "lng": 100.07513618, "subdistrict": "\u0e04\u0e25\u0e2d\u0e07\u0e02\u0e38\u0e14", "district": "\u0e40\u0e21\u0e37\u0e2d\u0e07\u0e2a\u0e15\u0e39\u0e25", "province": "\u0e2a\u0e15\u0e39\u0e25", "postcode": "91000", "renovate": false}, {"name": "\u0e15\u0e33\u0e1a\u0e25\u0e04\u0e27\u0e19\u0e42\u0e1e\u0e18\u0e34\u0e4c (\u0e2a\u0e15\u0e39\u0e25)", "store_id": "18252", "address": "\u0e15.\u0e04\u0e27\u0e19\u0e42\u0e1e\u0e18\u0e34\u0e4c \u0e2d.\u0e40\u0e21\u0e37\u0e2d\u0e07\u0e2a\u0e15\u0e39\u0e25 \u0e2a\u0e15\u0e39\u0e25", "lat": 6.75529058, "lng": 100.02281282, "subdistrict": "\u0e04\u0e27\u0e19\u0e42\u0e1e\u0e18\u0e34\u0e4c", "district": "\u0e40\u0e21\u0e37\u0e2d\u0e07\u0e2a\u0e15\u0e39\u0e25", "province": "\u0e2a\u0e15\u0e39\u0e25", "postcode": "91140", "renovate": false}, {"name": "\u0e40\u0e08\u0e4a\u0e30\u0e1a\u0e34\u0e25\u0e31\u0e07", "store_id": "14870", "address": "\u0e16.\u0e2a\u0e15\u0e39\u0e25-\u0e40\u0e08\u0e4a\u0e30\u0e1a\u0e34\u0e25\u0e31\u0e07 \u0e15.\u0e40\u0e08\u0e4a\u0e30\u0e1a\u0e34\u0e25\u0e31\u0e07 \u0e2d.\u0e40\u0e21\u0e37\u0e2d\u0e07\u0e2a\u0e15\u0e39\u0e25 \u0e2a\u0e15\u0e39\u0e25", "lat": 6.65522481, "lng": 99.98220501, "subdistrict": "\u0e40\u0e08\u0e4a\u0e30\u0e1a\u0e34\u0e25\u0e31\u0e07", "district": "\u0e40\u0e21\u0e37\u0e2d\u0e07\u0e2a\u0e15\u0e39\u0e25", "province": "\u0e2a\u0e15\u0e39\u0e25", "postcode": "91000", "renovate": false}, {"name": "\u0e09\u0e25\u0e38\u0e07", "store_id": "08318", "address": "\u0e15.\u0e09\u0e25\u0e38\u0e07 \u0e2d.\u0e40\u0e21\u0e37\u0e2d\u0e07\u0e2a\u0e15\u0e39\u0e25 \u0e2a\u0e15\u0e39\u0e25", "lat": 6.72560518, "lng": 100.06554309, "subdistrict": "\u0e09\u0e25\u0e38\u0e07", "district": "\u0e40\u0e21\u0e37\u0e2d\u0e07\u0e2a\u0e15\u0e39\u0e25", "province": "\u0e2a\u0e15\u0e39\u0e25", "postcode": "91000", "renovate": false}, {"name": "\u0e41\u0e22\u0e01\u0e09\u0e25\u0e38\u0e07", "store_id": "15845", "address": "\u0e15.\u0e09\u0e25\u0e38\u0e07 \u0e2d.\u0e40\u0e21\u0e37\u0e2d\u0e07\u0e2a\u0e15\u0e39\u0e25 \u0e2a\u0e15\u0e39\u0e25", "lat": 6.72400426, "lng": 100.06702904, "subdistrict": "\u0e09\u0e25\u0e38\u0e07", "district": "\u0e40\u0e21\u0e37\u0e2d\u0e07\u0e2a\u0e15\u0e39\u0e25", "province": "\u0e2a\u0e15\u0e39\u0e25", "postcode": "91140", "renovate": false}, {"name": "\u0e1b\u0e15\u0e17.\u0e1a\u0e49\u0e32\u0e19\u0e04\u0e27\u0e19", "store_id": "04967", "address": "\u0e15.\u0e1a\u0e49\u0e32\u0e19\u0e04\u0e27\u0e19 \u0e2d.\u0e40\u0e21\u0e37\u0e2d\u0e07\u0e2a\u0e15\u0e39\u0e25 \u0e2a\u0e15\u0e39\u0e25", "lat": 6.69774375, "lng": 100.06686308, "subdistrict": "\u0e1a\u0e49\u0e32\u0e19\u0e04\u0e27\u0e19", "district": "\u0e40\u0e21\u0e37\u0e2d\u0e07\u0e2a\u0e15\u0e39\u0e25", "province": "\u0e2a\u0e15\u0e39\u0e25", "postcode": "91000", "renovate": false}, {"name": "\u0e16\u0e19\u0e19\u0e1b\u0e32\u0e19\u0e0a\u0e39\u0e23\u0e33\u0e25\u0e36\u0e01", "store_id": "14459", "address": "\u0e16.\u0e1b\u0e32\u0e19\u0e0a\u0e39\u0e23\u0e33\u0e25\u0e36\u0e01 \u0e15.\u0e1e\u0e34\u0e21\u0e32\u0e19 \u0e2d.\u0e40\u0e21\u0e37\u0e2d\u0e07\u0e2a\u0e15\u0e39\u0e25 \u0e2a\u0e15\u0e39\u0e25", "lat": 6.62347492, "lng": 100.06857998, "subdistrict": "\u0e1e\u0e34\u0e21\u0e32\u0e19", "district": "\u0e40\u0e21\u0e37\u0e2d\u0e07\u0e2a\u0e15\u0e39\u0e25", "province": "\u0e2a\u0e15\u0e39\u0e25", "postcode": "91000", "renovate": false}, {"name": "\u0e42\u0e23\u0e07\u0e1e\u0e22\u0e32\u0e1a\u0e32\u0e25\u0e2a\u0e15\u0e39\u0e25", "store_id": "04763", "address": "\u0e16.\u0e2b\u0e31\u0e15\u0e16\u0e01\u0e23\u0e23\u0e21\u0e28\u0e36\u0e01\u0e29\u0e32 \u0e15.\u0e1e\u0e34\u0e21\u0e32\u0e19 \u0e2d.\u0e40\u0e21\u0e37\u0e2d\u0e07\u0e2a\u0e15\u0e39\u0e25 \u0e2a\u0e15\u0e39\u0e25", "lat": 6.61767382, "lng": 100.0700835, "subdistrict": "\u0e1e\u0e34\u0e21\u0e32\u0e19", "district": "\u0e40\u0e21\u0e37\u0e2d\u0e07\u0e2a\u0e15\u0e39\u0e25", "province": "\u0e2a\u0e15\u0e39\u0e25", "postcode": "91000", "renovate": false}, {"name": "\u0e2a\u0e15\u0e39\u0e25", "store_id": "00624", "address": "\u0e16.\u0e2a\u0e15\u0e39\u0e25\u0e18\u0e32\u0e19\u0e35 \u0e15.\u0e1e\u0e34\u0e21\u0e32\u0e19 \u0e2d.\u0e40\u0e21\u0e37\u0e2d\u0e07\u0e2a\u0e15\u0e39\u0e25 \u0e2a\u0e15\u0e39\u0e25", "lat": 6.61606653, "lng": 100.06645495, "subdistrict": "\u0e1e\u0e34\u0e21\u0e32\u0e19", "district": "\u0e40\u0e21\u0e37\u0e2d\u0e07\u0e2a\u0e15\u0e39\u0e25", "province": "\u0e2a\u0e15\u0e39\u0e25", "postcode": "91000", "renovate": false}, {"name": "\u0e2a\u0e15\u0e39\u0e25 2", "store_id": "02598", "address": "\u0e16.\u0e28\u0e38\u0e25\u0e01\u0e32\u0e19\u0e38\u0e01\u0e39\u0e25 \u0e15.\u0e1e\u0e34\u0e21\u0e32\u0e19 \u0e2d.\u0e40\u0e21\u0e37\u0e2d\u0e07\u0e2a\u0e15\u0e39\u0e25 \u0e2a\u0e15\u0e39\u0e25", "lat": 6.60895789, "lng": 100.06449095, "subdistrict": "\u0e1e\u0e34\u0e21\u0e32\u0e19", "district": "\u0e40\u0e21\u0e37\u0e2d\u0e07\u0e2a\u0e15\u0e39\u0e25", "province": "\u0e2a\u0e15\u0e39\u0e25", "postcode": "91000", "renovate": false}, {"name": "\u0e2a\u0e15\u0e39\u0e25\u0e18\u0e32\u0e19\u0e35 \u0e0b\u0e2d\u0e22 7", "store_id": "13061", "address": "\u0e16.\u0e2a\u0e15\u0e39\u0e25\u0e18\u0e32\u0e19\u0e35 \u0e15.\u0e1e\u0e34\u0e21\u0e32\u0e19 \u0e2d.\u0e40\u0e21\u0e37\u0e2d\u0e07\u0e2a\u0e15\u0e39\u0e25 \u0e2a\u0e15\u0e39\u0e25", "lat": 6.62036301, "lng": 100.06717742, "subdistrict": "\u0e1e\u0e34\u0e21\u0e32\u0e19", "district": "\u0e40\u0e21\u0e37\u0e2d\u0e07\u0e2a\u0e15\u0e39\u0e25", "province": "\u0e2a\u0e15\u0e39\u0e25", "postcode": "91000", "renovate": false}, {"name": "\u0e2b\u0e31\u0e15\u0e16\u0e01\u0e23\u0e23\u0e21\u0e28\u0e36\u0e01\u0e29\u0e32", "store_id": "09103", "address": "\u0e16.\u0e2b\u0e31\u0e15\u0e16\u0e01\u0e23\u0e23\u0e21\u0e28\u0e36\u0e01\u0e29\u0e32 \u0e15.\u0e1e\u0e34\u0e21\u0e32\u0e19 \u0e2d.\u0e40\u0e21\u0e37\u0e2d\u0e07\u0e2a\u0e15\u0e39\u0e25 \u0e2a\u0e15\u0e39\u0e25", "lat": 6.61681424, "lng": 100.0700157, "subdistrict": "\u0e1e\u0e34\u0e21\u0e32\u0e19", "district": "\u0e40\u0e21\u0e37\u0e2d\u0e07\u0e2a\u0e15\u0e39\u0e25", "province": "\u0e2a\u0e15\u0e39\u0e25", "postcode": "91000", "renovate": false}, {"name": "\u0e15\u0e25\u0e32\u0e14\u0e25\u0e30\u0e07\u0e39", "store_id": "09300", "address": "\u0e16.\u0e25\u0e30\u0e07\u0e39-\u0e1b\u0e32\u0e01\u0e1a\u0e32\u0e23\u0e32 \u0e15.\u0e01\u0e33\u0e41\u0e1e\u0e07 \u0e2d.\u0e25\u0e30\u0e07\u0e39 \u0e2a\u0e15\u0e39\u0e25", "lat": 6.87842296, "lng": 99.78298123, "subdistrict": "\u0e01\u0e33\u0e41\u0e1e\u0e07", "district": "\u0e25\u0e30\u0e07\u0e39", "province": "\u0e2a\u0e15\u0e39\u0e25", "postcode": "91110", "renovate": false}, {"name": "\u0e25\u0e30\u0e07\u0e39", "store_id": "01918", "address": "\u0e15.\u0e01\u0e33\u0e41\u0e1e\u0e07 \u0e2d.\u0e25\u0e30\u0e07\u0e39 \u0e2a\u0e15\u0e39\u0e25", "lat": 6.881526, "lng": 99.784263, "subdistrict": "\u0e01\u0e33\u0e41\u0e1e\u0e07", "district": "\u0e25\u0e30\u0e07\u0e39", "province": "\u0e2a\u0e15\u0e39\u0e25", "postcode": "91110", "renovate": false}, {"name": "\u0e1a\u0e49\u0e32\u0e19\u0e1b\u0e32\u0e01\u0e1a\u0e32\u0e23\u0e32", "store_id": "18293", "address": "\u0e15.\u0e1b\u0e32\u0e01\u0e19\u0e49\u0e33 \u0e2d.\u0e25\u0e30\u0e07\u0e39 \u0e2a\u0e15\u0e39\u0e25", "lat": 6.85318861, "lng": 99.72913428, "subdistrict": "\u0e1b\u0e32\u0e01\u0e19\u0e49\u0e33", "district": "\u0e25\u0e30\u0e07\u0e39", "province": "\u0e2a\u0e15\u0e39\u0e25", "postcode": "91110", "renovate": false}, {"name": "\u0e1b\u0e32\u0e01\u0e1a\u0e32\u0e23\u0e32", "store_id": "08277", "address": "\u0e15.\u0e1b\u0e32\u0e01\u0e19\u0e49\u0e33 \u0e2d.\u0e25\u0e30\u0e07\u0e39 \u0e2a\u0e15\u0e39\u0e25", "lat": 6.85968892, "lng": 99.72278817, "subdistrict": "\u0e1b\u0e32\u0e01\u0e19\u0e49\u0e33", "district": "\u0e25\u0e30\u0e07\u0e39", "province": "\u0e2a\u0e15\u0e39\u0e25", "postcode": "91110", "renovate": false}, {"name": "\u0e1a\u0e49\u0e32\u0e19\u0e43\u0e19\u0e43\u0e2a", "store_id": "16447", "address": "\u0e15.\u0e25\u0e30\u0e07\u0e39 \u0e2d.\u0e25\u0e30\u0e07\u0e39 \u0e2a\u0e15\u0e39\u0e25", "lat": 6.86846476, "lng": 99.78189918, "subdistrict": "\u0e25\u0e30\u0e07\u0e39", "district": "\u0e25\u0e30\u0e07\u0e39", "province": "\u0e2a\u0e15\u0e39\u0e25", "postcode": "91110", "renovate": false}, {"name": "\u0e1b\u0e15\u0e17.\u0e25\u0e30\u0e07\u0e39", "store_id": "06496", "address": "\u0e15.\u0e25\u0e30\u0e07\u0e39 \u0e2d.\u0e25\u0e30\u0e07\u0e39 \u0e2a\u0e15\u0e39\u0e25", "lat": 6.885557, "lng": 99.809523, "subdistrict": "\u0e25\u0e30\u0e07\u0e39", "district": "\u0e25\u0e30\u0e07\u0e39", "province": "\u0e2a\u0e15\u0e39\u0e25", "postcode": "91110", "renovate": false}]