[{"name": "\u0e17\u0e48\u0e32\u0e1a\u0e48\u0e2d (\u0e2b\u0e19\u0e2d\u0e07\u0e04\u0e32\u0e22)", "store_id": "01282", "address": "\u0e16.\u0e41\u0e01\u0e49\u0e27\u0e42\u0e01\u0e21\u0e25 \u0e15.\u0e17\u0e48\u0e32\u0e1a\u0e48\u0e2d \u0e2d.\u0e17\u0e48\u0e32\u0e1a\u0e48\u0e2d \u0e2b\u0e19\u0e2d\u0e07\u0e04\u0e32\u0e22", "lat": 17.84748828, "lng": 102.5815104, "subdistrict": "\u0e17\u0e48\u0e32\u0e1a\u0e48\u0e2d", "district": "\u0e17\u0e48\u0e32\u0e1a\u0e48\u0e2d", "province": "\u0e2b\u0e19\u0e2d\u0e07\u0e04\u0e32\u0e22", "postcode": "43110", "renovate": false}, {"name": "\u0e1b\u0e15\u0e17.\u0e17\u0e48\u0e32\u0e1a\u0e48\u0e2d", "store_id": "10904", "address": "\u0e15.\u0e17\u0e48\u0e32\u0e1a\u0e48\u0e2d \u0e2d.\u0e17\u0e48\u0e32\u0e1a\u0e48\u0e2d \u0e2b\u0e19\u0e2d\u0e07\u0e04\u0e32\u0e22", "lat": 17.8413952, "lng": 102.58342597, "subdistrict": "\u0e17\u0e48\u0e32\u0e1a\u0e48\u0e2d", "district": "\u0e17\u0e48\u0e32\u0e1a\u0e48\u0e2d", "province": "\u0e2b\u0e19\u0e2d\u0e07\u0e04\u0e32\u0e22", "postcode": "43110", "renovate": false}, {"name": "\u0e1b\u0e30\u0e42\u0e04(\u0e2b\u0e19\u0e2d\u0e07\u0e04\u0e32\u0e22-\u0e17\u0e48\u0e32\u0e1a\u0e48\u0e2d)", "store_id": "15875", "address": "\u0e15.\u0e1b\u0e30\u0e42\u0e04 \u0e2d.\u0e40\u0e21\u0e37\u0e2d\u0e07\u0e2b\u0e19\u0e2d\u0e07\u0e04\u0e32\u0e22 \u0e2b\u0e19\u0e2d\u0e07\u0e04\u0e32\u0e22", "lat": 17.81285803, "lng": 102.70005584, "subdistrict": "\u0e1b\u0e30\u0e42\u0e04", "district": "\u0e40\u0e21\u0e37\u0e2d\u0e07\u0e2b\u0e19\u0e2d\u0e07\u0e04\u0e32\u0e22", "province": "\u0e2b\u0e19\u0e2d\u0e07\u0e04\u0e32\u0e22", "postcode": "43000", "renovate": false}, {"name": "\u0e41\u0e22\u0e01\u0e19\u0e49\u0e33\u0e42\u0e21\u0e07", "store_id": "10872", "address": "\u0e15.\u0e17\u0e48\u0e32\u0e1a\u0e48\u0e2d \u0e2d.\u0e17\u0e48\u0e32\u0e1a\u0e48\u0e2d \u0e2b\u0e19\u0e2d\u0e07\u0e04\u0e32\u0e22", "lat": 17.85739051, "lng": 102.57290251, "subdistrict": "\u0e17\u0e48\u0e32\u0e1a\u0e48\u0e2d", "district": "\u0e17\u0e48\u0e32\u0e1a\u0e48\u0e2d", "province": "\u0e2b\u0e19\u0e2d\u0e07\u0e04\u0e32\u0e22", "postcode": "43110", "renovate": false}, {"name": "\u0e2b\u0e19\u0e49\u0e32 \u0e23\u0e1e.\u0e17\u0e48\u0e32\u0e1a\u0e48\u0e2d", "store_id": "08265", "address": "\u0e15.\u0e17\u0e48\u0e32\u0e1a\u0e48\u0e2d \u0e2d.\u0e17\u0e48\u0e32\u0e1a\u0e48\u0e2d \u0e2b\u0e19\u0e2d\u0e07\u0e04\u0e32\u0e22", "lat": 17.84739148, "lng": 102.57784208, "subdistrict": "\u0e17\u0e48\u0e32\u0e1a\u0e48\u0e2d", "district": "\u0e17\u0e48\u0e32\u0e1a\u0e48\u0e2d", "province": "\u0e2b\u0e19\u0e2d\u0e07\u0e04\u0e32\u0e22", "postcode": "43110", "renovate": false}, {"name": "\u0e2b\u0e19\u0e2d\u0e07\u0e2b\u0e25\u0e27\u0e07\u0e40\u0e1d\u0e49\u0e32\u0e44\u0e23\u0e48", "store_id": "17486", "address": "\u0e15.\u0e2b\u0e19\u0e2d\u0e07\u0e2b\u0e25\u0e27\u0e07 \u0e2d.\u0e40\u0e1d\u0e49\u0e32\u0e44\u0e23\u0e48 \u0e2b\u0e19\u0e2d\u0e07\u0e04\u0e32\u0e22", "lat": 18.02210394, "lng": 103.18653077, "subdistrict": "\u0e2b\u0e19\u0e2d\u0e07\u0e2b\u0e25\u0e27\u0e07", "district": "\u0e40\u0e1d\u0e49\u0e32\u0e44\u0e23\u0e48", "province": "\u0e2b\u0e19\u0e2d\u0e07\u0e04\u0e32\u0e22", "postcode": "43120", "renovate": false}, {"name": "\u0e42\u0e1e\u0e18\u0e34\u0e4c\u0e15\u0e32\u0e01", "store_id": "14310", "address": "\u0e15.\u0e42\u0e1e\u0e19\u0e17\u0e2d\u0e07 \u0e2d.\u0e42\u0e1e\u0e18\u0e34\u0e4c\u0e15\u0e32\u0e01 \u0e2b\u0e19\u0e2d\u0e07\u0e04\u0e32\u0e22", "lat": 17.86495502, "lng": 102.45041498, "subdistrict": "\u0e42\u0e1e\u0e19\u0e17\u0e2d\u0e07", "district": "\u0e42\u0e1e\u0e18\u0e34\u0e4c\u0e15\u0e32\u0e01", "province": "\u0e2b\u0e19\u0e2d\u0e07\u0e04\u0e32\u0e22", "postcode": "43130", "renovate": false}, {"name": "\u0e1b\u0e15\u0e17.\u0e42\u0e1e\u0e19\u0e1e\u0e34\u0e2a\u0e31\u0e22", "store_id": "03965", "address": "\u0e16.\u0e2b\u0e19\u0e2d\u0e07\u0e04\u0e32\u0e22-\u0e1a\u0e36\u0e07\u0e01\u0e32\u0e2c \u0e15.\u0e08\u0e38\u0e21\u0e1e\u0e25 \u0e2d.\u0e42\u0e1e\u0e19\u0e1e\u0e34\u0e2a\u0e31\u0e22 \u0e2b\u0e19\u0e2d\u0e07\u0e04\u0e32\u0e22", "lat": 18.01878629, "lng": 103.08203144, "subdistrict": "\u0e08\u0e38\u0e21\u0e1e\u0e25", "district": "\u0e42\u0e1e\u0e19\u0e1e\u0e34\u0e2a\u0e31\u0e22", "province": "\u0e2b\u0e19\u0e2d\u0e07\u0e04\u0e32\u0e22", "postcode": "43120", "renovate": false}, {"name": "\u0e42\u0e1e\u0e19\u0e1e\u0e34\u0e2a\u0e31\u0e22", "store_id": "01356", "address": "\u0e16.\u0e1e\u0e34\u0e0a\u0e31\u0e22\u0e2a\u0e23\u0e40\u0e14\u0e0a \u0e15.\u0e08\u0e38\u0e21\u0e1e\u0e25 \u0e2d.\u0e42\u0e1e\u0e19\u0e1e\u0e34\u0e2a\u0e31\u0e22 \u0e2b\u0e19\u0e2d\u0e07\u0e04\u0e32\u0e22", "lat": 18.02168117, "lng": 103.07634994, "subdistrict": "\u0e08\u0e38\u0e21\u0e1e\u0e25", "district": "\u0e42\u0e1e\u0e19\u0e1e\u0e34\u0e2a\u0e31\u0e22", "province": "\u0e2b\u0e19\u0e2d\u0e07\u0e04\u0e32\u0e22", "postcode": "43120", "renovate": false}, {"name": "\u0e42\u0e1e\u0e19\u0e1e\u0e34\u0e2a\u0e31\u0e22 2", "store_id": "16084", "address": "\u0e15.\u0e08\u0e38\u0e21\u0e1e\u0e25 \u0e2d.\u0e42\u0e1e\u0e19\u0e1e\u0e34\u0e2a\u0e31\u0e22 \u0e2b\u0e19\u0e2d\u0e07\u0e04\u0e32\u0e22", "lat": 18.02911739, "lng": 103.07975395, "subdistrict": "\u0e08\u0e38\u0e21\u0e1e\u0e25", "district": "\u0e42\u0e1e\u0e19\u0e1e\u0e34\u0e2a\u0e31\u0e22", "province": "\u0e2b\u0e19\u0e2d\u0e07\u0e04\u0e32\u0e22", "postcode": "43120", "renovate": false}, {"name": "\u0e1a\u0e49\u0e32\u0e19\u0e40\u0e0b\u0e34\u0e21", "store_id": "16755", "address": "\u0e15.\u0e40\u0e0b\u0e34\u0e21 \u0e2d.\u0e42\u0e1e\u0e19\u0e1e\u0e34\u0e2a\u0e31\u0e22 \u0e2b\u0e19\u0e2d\u0e07\u0e04\u0e32\u0e22", "lat": 17.93244685, "lng": 103.30073032, "subdistrict": "\u0e40\u0e0b\u0e34\u0e21", "district": "\u0e42\u0e1e\u0e19\u0e1e\u0e34\u0e2a\u0e31\u0e22", "province": "\u0e2b\u0e19\u0e2d\u0e07\u0e04\u0e32\u0e22", "postcode": "43120", "renovate": false}, {"name": "\u0e1b\u0e15\u0e17.\u0e16\u0e34\u0e48\u0e19\u0e14\u0e38\u0e07", "store_id": "06188", "address": "\u0e15.\u0e27\u0e31\u0e14\u0e2b\u0e25\u0e27\u0e07 \u0e2d.\u0e42\u0e1e\u0e19\u0e1e\u0e34\u0e2a\u0e31\u0e22 \u0e2b\u0e19\u0e2d\u0e07\u0e04\u0e32\u0e22", "lat": 18.00352789, "lng": 103.0650851, "subdistrict": "\u0e27\u0e31\u0e14\u0e2b\u0e25\u0e27\u0e07", "district": "\u0e42\u0e1e\u0e19\u0e1e\u0e34\u0e2a\u0e31\u0e22", "province": "\u0e2b\u0e19\u0e2d\u0e07\u0e04\u0e32\u0e22", "postcode": "43120", "renovate": false}, {"name": "\u0e04\u0e48\u0e32\u0e22\u0e1a\u0e01\u0e2b\u0e27\u0e32\u0e19", "store_id": "11851", "address": "\u0e15.\u0e04\u0e48\u0e32\u0e22\u0e1a\u0e01\u0e2b\u0e27\u0e32\u0e19 \u0e2d.\u0e40\u0e21\u0e37\u0e2d\u0e07\u0e2b\u0e19\u0e2d\u0e07\u0e04\u0e32\u0e22 \u0e2b\u0e19\u0e2d\u0e07\u0e04\u0e32\u0e22", "lat": 17.77621847, "lng": 102.76697855, "subdistrict": "\u0e04\u0e48\u0e32\u0e22\u0e1a\u0e01\u0e2b\u0e27\u0e32\u0e19", "district": "\u0e40\u0e21\u0e37\u0e2d\u0e07\u0e2b\u0e19\u0e2d\u0e07\u0e04\u0e32\u0e22", "province": "\u0e2b\u0e19\u0e2d\u0e07\u0e04\u0e32\u0e22", "postcode": "43100", "renovate": false}, {"name": "\u0e1b\u0e15\u0e17.\u0e04\u0e48\u0e32\u0e22\u0e1a\u0e01\u0e2b\u0e27\u0e32\u0e19", "store_id": "11775", "address": "\u0e15.\u0e04\u0e48\u0e32\u0e22\u0e1a\u0e01\u0e2b\u0e27\u0e32\u0e19 \u0e2d.\u0e40\u0e21\u0e37\u0e2d\u0e07\u0e2b\u0e19\u0e2d\u0e07\u0e04\u0e32\u0e22 \u0e2b\u0e19\u0e2d\u0e07\u0e04\u0e32\u0e22", "lat": 17.76804756, "lng": 102.76806752, "subdistrict": "\u0e04\u0e48\u0e32\u0e22\u0e1a\u0e01\u0e2b\u0e27\u0e32\u0e19", "district": "\u0e40\u0e21\u0e37\u0e2d\u0e07\u0e2b\u0e19\u0e2d\u0e07\u0e04\u0e32\u0e22", "province": "\u0e2b\u0e19\u0e2d\u0e07\u0e04\u0e32\u0e22", "postcode": "43100", "renovate": false}, {"name": "\u0e2b\u0e19\u0e2d\u0e07\u0e2a\u0e2d\u0e07\u0e2b\u0e49\u0e2d\u0e07(\u0e2b\u0e19\u0e2d\u0e07\u0e04\u0e32\u0e22)", "store_id": "16690", "address": "\u0e15.\u0e04\u0e48\u0e32\u0e22\u0e1a\u0e01\u0e2b\u0e27\u0e32\u0e19 \u0e2d.\u0e40\u0e21\u0e37\u0e2d\u0e07\u0e2b\u0e19\u0e2d\u0e07\u0e04\u0e32\u0e22 \u0e2b\u0e19\u0e2d\u0e07\u0e04\u0e32\u0e22", "lat": 17.77293704, "lng": 102.76540073, "subdistrict": "\u0e04\u0e48\u0e32\u0e22\u0e1a\u0e01\u0e2b\u0e27\u0e32\u0e19", "district": "\u0e40\u0e21\u0e37\u0e2d\u0e07\u0e2b\u0e19\u0e2d\u0e07\u0e04\u0e32\u0e22", "province": "\u0e2b\u0e19\u0e2d\u0e07\u0e04\u0e32\u0e22", "postcode": "43100", "renovate": false}, {"name": "\u0e15\u0e25\u0e32\u0e14\u0e0a\u0e31\u0e22\u0e1e\u0e23", "store_id": "01265", "address": "\u0e16.\u0e04\u0e38\u0e49\u0e21\u0e0a\u0e31\u0e22\u0e1e\u0e23 \u0e15.\u0e43\u0e19\u0e40\u0e21\u0e37\u0e2d\u0e07 \u0e2d.\u0e40\u0e21\u0e37\u0e2d\u0e07\u0e2b\u0e19\u0e2d\u0e07\u0e04\u0e32\u0e22 \u0e2b\u0e19\u0e2d\u0e07\u0e04\u0e32\u0e22", "lat": 17.87959637, "lng": 102.73706274, "subdistrict": "\u0e43\u0e19\u0e40\u0e21\u0e37\u0e2d\u0e07", "district": "\u0e40\u0e21\u0e37\u0e2d\u0e07\u0e2b\u0e19\u0e2d\u0e07\u0e04\u0e32\u0e22", "province": "\u0e2b\u0e19\u0e2d\u0e07\u0e04\u0e32\u0e22", "postcode": "43000", "renovate": false}, {"name": "\u0e44\u0e19\u0e17\u0e4c\u0e2b\u0e19\u0e2d\u0e07\u0e04\u0e32\u0e22", "store_id": "14000", "address": "\u0e15.\u0e43\u0e19\u0e40\u0e21\u0e37\u0e2d\u0e07 \u0e2d.\u0e40\u0e21\u0e37\u0e2d\u0e07\u0e2b\u0e19\u0e2d\u0e07\u0e04\u0e32\u0e22 \u0e2b\u0e19\u0e2d\u0e07\u0e04\u0e32\u0e22", "lat": 17.88099477, "lng": 102.74566718, "subdistrict": "\u0e43\u0e19\u0e40\u0e21\u0e37\u0e2d\u0e07", "district": "\u0e40\u0e21\u0e37\u0e2d\u0e07\u0e2b\u0e19\u0e2d\u0e07\u0e04\u0e32\u0e22", "province": "\u0e2b\u0e19\u0e2d\u0e07\u0e04\u0e32\u0e22", "postcode": "43000", "renovate": false}, {"name": "\u0e1b\u0e15\u0e17.\u0e40\u0e21\u0e37\u0e2d\u0e07\u0e2b\u0e19\u0e2d\u0e07\u0e04\u0e32\u0e22", "store_id": "11576", "address": "\u0e15.\u0e43\u0e19\u0e40\u0e21\u0e37\u0e2d\u0e07 \u0e2d.\u0e40\u0e21\u0e37\u0e2d\u0e07\u0e2b\u0e19\u0e2d\u0e07\u0e04\u0e32\u0e22 \u0e2b\u0e19\u0e2d\u0e07\u0e04\u0e32\u0e22", "lat": 17.88637679, "lng": 102.75631138, "subdistrict": "\u0e43\u0e19\u0e40\u0e21\u0e37\u0e2d\u0e07", "district": "\u0e40\u0e21\u0e37\u0e2d\u0e07\u0e2b\u0e19\u0e2d\u0e07\u0e04\u0e32\u0e22", "province": "\u0e2b\u0e19\u0e2d\u0e07\u0e04\u0e32\u0e22", "postcode": "43000", "renovate": false}, {"name": "\u0e1b\u0e23\u0e30\u0e08\u0e31\u0e01\u0e29\u0e4c(\u0e08.\u0e2b\u0e19\u0e2d\u0e07\u0e04\u0e32\u0e22)", "store_id": "01131", "address": "\u0e16.\u0e1b\u0e23\u0e30\u0e08\u0e31\u0e01\u0e29\u0e4c \u0e15.\u0e43\u0e19\u0e40\u0e21\u0e37\u0e2d\u0e07 \u0e2d.\u0e40\u0e21\u0e37\u0e2d\u0e07\u0e2b\u0e19\u0e2d\u0e07\u0e04\u0e32\u0e22 \u0e2b\u0e19\u0e2d\u0e07\u0e04\u0e32\u0e22", "lat": 17.88276445, "lng": 102.74920975, "subdistrict": "\u0e43\u0e19\u0e40\u0e21\u0e37\u0e2d\u0e07", "district": "\u0e40\u0e21\u0e37\u0e2d\u0e07\u0e2b\u0e19\u0e2d\u0e07\u0e04\u0e32\u0e22", "province": "\u0e2b\u0e19\u0e2d\u0e07\u0e04\u0e32\u0e22", "postcode": "43000", "renovate": false}, {"name": "\u0e41\u0e22\u0e01\u0e01\u0e23\u0e01\u0e23\u0e23\u0e13", "store_id": "16744", "address": "\u0e15.\u0e43\u0e19\u0e40\u0e21\u0e37\u0e2d\u0e07 \u0e2d.\u0e40\u0e21\u0e37\u0e2d\u0e07\u0e2b\u0e19\u0e2d\u0e07\u0e04\u0e32\u0e22 \u0e2b\u0e19\u0e2d\u0e07\u0e04\u0e32\u0e22", "lat": 17.88957796, "lng": 102.76254863, "subdistrict": "\u0e43\u0e19\u0e40\u0e21\u0e37\u0e2d\u0e07", "district": "\u0e40\u0e21\u0e37\u0e2d\u0e07\u0e2b\u0e19\u0e2d\u0e07\u0e04\u0e32\u0e22", "province": "\u0e2b\u0e19\u0e2d\u0e07\u0e04\u0e32\u0e22", "postcode": "43000", "renovate": false}, {"name": "\u0e42\u0e23\u0e07\u0e1e\u0e22\u0e32\u0e1a\u0e32\u0e25\u0e2b\u0e19\u0e2d\u0e07\u0e04\u0e32\u0e22", "store_id": "02455", "address": "\u0e15.\u0e43\u0e19\u0e40\u0e21\u0e37\u0e2d\u0e07 \u0e2d.\u0e40\u0e21\u0e37\u0e2d\u0e07\u0e2b\u0e19\u0e2d\u0e07\u0e04\u0e32\u0e22 \u0e2b\u0e19\u0e2d\u0e07\u0e04\u0e32\u0e22", "lat": 17.881847, "lng": 102.742637, "subdistrict": "\u0e43\u0e19\u0e40\u0e21\u0e37\u0e2d\u0e07", "district": "\u0e40\u0e21\u0e37\u0e2d\u0e07\u0e2b\u0e19\u0e2d\u0e07\u0e04\u0e32\u0e22", "province": "\u0e2b\u0e19\u0e2d\u0e07\u0e04\u0e32\u0e22", "postcode": "43000", "renovate": false}, {"name": "\u0e15\u0e25\u0e32\u0e14\u0e2a\u0e14\u0e40\u0e01\u0e48\u0e32\u0e19\u0e49\u0e2d\u0e22", "store_id": "17766", "address": "\u0e15.\u0e1e\u0e23\u0e30\u0e18\u0e32\u0e15\u0e38\u0e1a\u0e31\u0e07\u0e1e\u0e27\u0e19 \u0e2d.\u0e40\u0e21\u0e37\u0e2d\u0e07\u0e2b\u0e19\u0e2d\u0e07\u0e04\u0e32\u0e22 \u0e2b\u0e19\u0e2d\u0e07\u0e04\u0e32\u0e22", "lat": 17.73237771, "lng": 102.67848159, "subdistrict": "\u0e1e\u0e23\u0e30\u0e18\u0e32\u0e15\u0e38\u0e1a\u0e31\u0e07\u0e1e\u0e27\u0e19", "district": "\u0e40\u0e21\u0e37\u0e2d\u0e07\u0e2b\u0e19\u0e2d\u0e07\u0e04\u0e32\u0e22", "province": "\u0e2b\u0e19\u0e2d\u0e07\u0e04\u0e32\u0e22", "postcode": "43100", "renovate": false}, {"name": "\u0e0a\u0e38\u0e21\u0e0a\u0e19\u0e1a\u0e48\u0e2d\u0e2b\u0e34\u0e19(\u0e2b\u0e19\u0e2d\u0e07\u0e04\u0e32\u0e22)", "store_id": "15631", "address": "\u0e15.\u0e42\u0e1e\u0e18\u0e34\u0e4c\u0e0a\u0e31\u0e22 \u0e2d.\u0e40\u0e21\u0e37\u0e2d\u0e07\u0e2b\u0e19\u0e2d\u0e07\u0e04\u0e32\u0e22 \u0e2b\u0e19\u0e2d\u0e07\u0e04\u0e32\u0e22", "lat": 17.86484109, "lng": 102.75141221, "subdistrict": "\u0e42\u0e1e\u0e18\u0e34\u0e4c\u0e0a\u0e31\u0e22", "district": "\u0e40\u0e21\u0e37\u0e2d\u0e07\u0e2b\u0e19\u0e2d\u0e07\u0e04\u0e32\u0e22", "province": "\u0e2b\u0e19\u0e2d\u0e07\u0e04\u0e32\u0e22", "postcode": "43000", "renovate": false}, {"name": "\u0e40\u0e19\u0e34\u0e19\u0e1e\u0e23\u0e30\u0e40\u0e19\u0e32\u0e27\u0e4c", "store_id": "14723", "address": "\u0e15.\u0e42\u0e1e\u0e18\u0e34\u0e4c\u0e0a\u0e31\u0e22 \u0e2d.\u0e40\u0e21\u0e37\u0e2d\u0e07\u0e2b\u0e19\u0e2d\u0e07\u0e04\u0e32\u0e22 \u0e2b\u0e19\u0e2d\u0e07\u0e04\u0e32\u0e22", "lat": 17.88452645, "lng": 102.76985496, "subdistrict": "\u0e42\u0e1e\u0e18\u0e34\u0e4c\u0e0a\u0e31\u0e22", "district": "\u0e40\u0e21\u0e37\u0e2d\u0e07\u0e2b\u0e19\u0e2d\u0e07\u0e04\u0e32\u0e22", "province": "\u0e2b\u0e19\u0e2d\u0e07\u0e04\u0e32\u0e22", "postcode": "43000", "renovate": false}, {"name": "\u0e1b\u0e15\u0e17.\u0e42\u0e1e\u0e18\u0e34\u0e4c\u0e0a\u0e31\u0e22 (\u0e2b\u0e19\u0e2d\u0e07\u0e04\u0e32\u0e22)", "store_id": "03518", "address": "\u0e15.\u0e42\u0e1e\u0e18\u0e34\u0e4c\u0e0a\u0e31\u0e22 \u0e2d.\u0e40\u0e21\u0e37\u0e2d\u0e07\u0e2b\u0e19\u0e2d\u0e07\u0e04\u0e32\u0e22 \u0e2b\u0e19\u0e2d\u0e07\u0e04\u0e32\u0e22", "lat": 17.85996925, "lng": 102.74977404, "subdistrict": "\u0e42\u0e1e\u0e18\u0e34\u0e4c\u0e0a\u0e31\u0e22", "district": "\u0e40\u0e21\u0e37\u0e2d\u0e07\u0e2b\u0e19\u0e2d\u0e07\u0e04\u0e32\u0e22", "province": "\u0e2b\u0e19\u0e2d\u0e07\u0e04\u0e32\u0e22", "postcode": "43000", "renovate": false}, {"name": "\u0e1b\u0e15\u0e17.\u0e2d\u0e31\u0e28\u0e27\u0e23\u0e23\u0e13\u0e2b\u0e19\u0e2d\u0e07\u0e04\u0e32\u0e22", "store_id": "10683", "address": "\u0e15.\u0e42\u0e1e\u0e18\u0e34\u0e4c\u0e0a\u0e31\u0e22 \u0e2d.\u0e40\u0e21\u0e37\u0e2d\u0e07\u0e2b\u0e19\u0e2d\u0e07\u0e04\u0e32\u0e22 \u0e2b\u0e19\u0e2d\u0e07\u0e04\u0e32\u0e22", "lat": 17.80499282, "lng": 102.7614161, "subdistrict": "\u0e42\u0e1e\u0e18\u0e34\u0e4c\u0e0a\u0e31\u0e22", "district": "\u0e40\u0e21\u0e37\u0e2d\u0e07\u0e2b\u0e19\u0e2d\u0e07\u0e04\u0e32\u0e22", "province": "\u0e2b\u0e19\u0e2d\u0e07\u0e04\u0e32\u0e22", "postcode": "43000", "renovate": false}, {"name": "\u0e42\u0e23\u0e07\u0e41\u0e23\u0e21\u0e2d\u0e31\u0e28\u0e27\u0e23\u0e23\u0e13", "store_id": "05678", "address": "\u0e15.\u0e42\u0e1e\u0e18\u0e34\u0e4c\u0e0a\u0e31\u0e22 \u0e2d.\u0e40\u0e21\u0e37\u0e2d\u0e07\u0e2b\u0e19\u0e2d\u0e07\u0e04\u0e32\u0e22 \u0e2b\u0e19\u0e2d\u0e07\u0e04\u0e32\u0e22", "lat": 17.8728973, "lng": 102.74345997, "subdistrict": "\u0e42\u0e1e\u0e18\u0e34\u0e4c\u0e0a\u0e31\u0e22", "district": "\u0e40\u0e21\u0e37\u0e2d\u0e07\u0e2b\u0e19\u0e2d\u0e07\u0e04\u0e32\u0e22", "province": "\u0e2b\u0e19\u0e2d\u0e07\u0e04\u0e32\u0e22", "postcode": "43000", "renovate": false}, {"name": "\u0e2a\u0e32\u0e22\u0e40\u0e14\u0e34\u0e21\u0e2d\u0e40\u0e27\u0e19\u0e34\u0e27", "store_id": "15492", "address": "\u0e15.\u0e42\u0e1e\u0e18\u0e34\u0e4c\u0e0a\u0e31\u0e22 \u0e2d.\u0e40\u0e21\u0e37\u0e2d\u0e07\u0e2b\u0e19\u0e2d\u0e07\u0e04\u0e32\u0e22 \u0e2b\u0e19\u0e2d\u0e07\u0e04\u0e32\u0e22", "lat": 17.87908858, "lng": 102.75269385, "subdistrict": "\u0e42\u0e1e\u0e18\u0e34\u0e4c\u0e0a\u0e31\u0e22", "district": "\u0e40\u0e21\u0e37\u0e2d\u0e07\u0e2b\u0e19\u0e2d\u0e07\u0e04\u0e32\u0e22", "province": "\u0e2b\u0e19\u0e2d\u0e07\u0e04\u0e32\u0e22", "postcode": "43000", "renovate": false}, {"name": "\u0e2d\u0e23\u0e38\u0e13\u0e23\u0e31\u0e07\u0e29\u0e35(\u0e2b\u0e19\u0e2d\u0e07\u0e04\u0e32\u0e22)", "store_id": "07741", "address": "\u0e15.\u0e42\u0e1e\u0e18\u0e34\u0e4c\u0e0a\u0e31\u0e22 \u0e2d.\u0e40\u0e21\u0e37\u0e2d\u0e07\u0e2b\u0e19\u0e2d\u0e07\u0e04\u0e32\u0e22 \u0e2b\u0e19\u0e2d\u0e07\u0e04\u0e32\u0e22", "lat": 17.87116591, "lng": 102.74515387, "subdistrict": "\u0e42\u0e1e\u0e18\u0e34\u0e4c\u0e0a\u0e31\u0e22", "district": "\u0e40\u0e21\u0e37\u0e2d\u0e07\u0e2b\u0e19\u0e2d\u0e07\u0e04\u0e32\u0e22", "province": "\u0e2b\u0e19\u0e2d\u0e07\u0e04\u0e32\u0e22", "postcode": "43000", "renovate": false}, {"name": "\u0e14\u0e48\u0e32\u0e19\u0e1e\u0e23\u0e21\u0e41\u0e14\u0e19\u0e2b\u0e19\u0e2d\u0e07\u0e04\u0e32\u0e22", "store_id": "07050", "address": "\u0e15.\u0e21\u0e35\u0e0a\u0e31\u0e22 \u0e2d.\u0e40\u0e21\u0e37\u0e2d\u0e07\u0e2b\u0e19\u0e2d\u0e07\u0e04\u0e32\u0e22 \u0e2b\u0e19\u0e2d\u0e07\u0e04\u0e32\u0e22", "lat": 17.865991, "lng": 102.722228, "subdistrict": "\u0e21\u0e35\u0e0a\u0e31\u0e22", "district": "\u0e40\u0e21\u0e37\u0e2d\u0e07\u0e2b\u0e19\u0e2d\u0e07\u0e04\u0e32\u0e22", "province": "\u0e2b\u0e19\u0e2d\u0e07\u0e04\u0e32\u0e22", "postcode": "43000", "renovate": false}, {"name": "\u0e1b\u0e15\u0e17.\u0e2a\u0e30\u0e1e\u0e32\u0e19\u0e21\u0e34\u0e15\u0e23\u0e20\u0e32\u0e1e(\u0e2b\u0e19\u0e2d\u0e07\u0e04\u0e32\u0e22)", "store_id": "11665", "address": "\u0e15.\u0e21\u0e35\u0e0a\u0e31\u0e22 \u0e2d.\u0e40\u0e21\u0e37\u0e2d\u0e07\u0e2b\u0e19\u0e2d\u0e07\u0e04\u0e32\u0e22 \u0e2b\u0e19\u0e2d\u0e07\u0e04\u0e32\u0e22", "lat": 17.86049983, "lng": 102.72671921, "subdistrict": "\u0e21\u0e35\u0e0a\u0e31\u0e22", "district": "\u0e40\u0e21\u0e37\u0e2d\u0e07\u0e2b\u0e19\u0e2d\u0e07\u0e04\u0e32\u0e22", "province": "\u0e2b\u0e19\u0e2d\u0e07\u0e04\u0e32\u0e22", "postcode": "43000", "renovate": false}, {"name": "\u0e2a\u0e30\u0e1e\u0e32\u0e19\u0e21\u0e34\u0e15\u0e23\u0e20\u0e32\u0e1e (\u0e08.\u0e2b\u0e19\u0e2d\u0e07\u0e04\u0e32\u0e22)", "store_id": "04907", "address": "\u0e15.\u0e21\u0e35\u0e0a\u0e31\u0e22 \u0e2d.\u0e40\u0e21\u0e37\u0e2d\u0e07\u0e2b\u0e19\u0e2d\u0e07\u0e04\u0e32\u0e22 \u0e2b\u0e19\u0e2d\u0e07\u0e04\u0e32\u0e22", "lat": 17.866196, "lng": 102.724566, "subdistrict": "\u0e21\u0e35\u0e0a\u0e31\u0e22", "district": "\u0e40\u0e21\u0e37\u0e2d\u0e07\u0e2b\u0e19\u0e2d\u0e07\u0e04\u0e32\u0e22", "province": "\u0e2b\u0e19\u0e2d\u0e07\u0e04\u0e32\u0e22", "postcode": "43000", "renovate": false}, {"name": "\u0e15\u0e25\u0e32\u0e14\u0e2a\u0e14\u0e27\u0e31\u0e14\u0e18\u0e32\u0e15\u0e38", "store_id": "03629", "address": "\u0e15.\u0e2b\u0e32\u0e14\u0e04\u0e33 \u0e2d.\u0e40\u0e21\u0e37\u0e2d\u0e07\u0e2b\u0e19\u0e2d\u0e07\u0e04\u0e32\u0e22 \u0e2b\u0e19\u0e2d\u0e07\u0e04\u0e32\u0e22", "lat": 17.89851993, "lng": 102.77065512, "subdistrict": "\u0e2b\u0e32\u0e14\u0e04\u0e33", "district": "\u0e40\u0e21\u0e37\u0e2d\u0e07\u0e2b\u0e19\u0e2d\u0e07\u0e04\u0e32\u0e22", "province": "\u0e2b\u0e19\u0e2d\u0e07\u0e04\u0e32\u0e22", "postcode": "43000", "renovate": false}, {"name": "\u0e1a\u0e32\u0e22\u0e1e\u0e32\u0e2a\u0e2b\u0e19\u0e2d\u0e07\u0e04\u0e32\u0e22", "store_id": "10616", "address": "\u0e15.\u0e2b\u0e19\u0e2d\u0e07\u0e01\u0e2d\u0e21\u0e40\u0e01\u0e32\u0e30 \u0e2d.\u0e40\u0e21\u0e37\u0e2d\u0e07\u0e2b\u0e19\u0e2d\u0e07\u0e04\u0e32\u0e22 \u0e2b\u0e19\u0e2d\u0e07\u0e04\u0e32\u0e22", "lat": 17.84987573, "lng": 102.73284006, "subdistrict": "\u0e2b\u0e19\u0e2d\u0e07\u0e01\u0e2d\u0e21\u0e40\u0e01\u0e32\u0e30", "district": "\u0e40\u0e21\u0e37\u0e2d\u0e07\u0e2b\u0e19\u0e2d\u0e07\u0e04\u0e32\u0e22", "province": "\u0e2b\u0e19\u0e2d\u0e07\u0e04\u0e32\u0e22", "postcode": "43000", "renovate": false}, {"name": "\u0e28\u0e23\u0e35\u0e40\u0e08\u0e23\u0e34\u0e0d", "store_id": "07183", "address": "\u0e15.\u0e2b\u0e19\u0e2d\u0e07\u0e01\u0e2d\u0e21\u0e40\u0e01\u0e32\u0e30 \u0e2d.\u0e40\u0e21\u0e37\u0e2d\u0e07\u0e2b\u0e19\u0e2d\u0e07\u0e04\u0e32\u0e22 \u0e2b\u0e19\u0e2d\u0e07\u0e04\u0e32\u0e22", "lat": 17.82323701, "lng": 102.74006674, "subdistrict": "\u0e2b\u0e19\u0e2d\u0e07\u0e01\u0e2d\u0e21\u0e40\u0e01\u0e32\u0e30", "district": "\u0e40\u0e21\u0e37\u0e2d\u0e07\u0e2b\u0e19\u0e2d\u0e07\u0e04\u0e32\u0e22", "province": "\u0e2b\u0e19\u0e2d\u0e07\u0e04\u0e32\u0e22", "postcode": "43000", "renovate": false}, {"name": "\u0e1b\u0e15\u0e17.\u0e08\u0e2d\u0e21\u0e40\u0e2a\u0e14\u0e47\u0e08\u0e2b\u0e19\u0e2d\u0e07\u0e04\u0e32\u0e22", "store_id": "08923", "address": "\u0e15.\u0e2b\u0e32\u0e14\u0e04\u0e33 \u0e2d.\u0e40\u0e21\u0e37\u0e2d\u0e07\u0e2b\u0e19\u0e2d\u0e07\u0e04\u0e32\u0e22 \u0e2b\u0e19\u0e2d\u0e07\u0e04\u0e32\u0e22", "lat": 17.90721991, "lng": 102.79010901, "subdistrict": "\u0e2b\u0e32\u0e14\u0e04\u0e33", "district": "\u0e40\u0e21\u0e37\u0e2d\u0e07\u0e2b\u0e19\u0e2d\u0e07\u0e04\u0e32\u0e22", "province": "\u0e2b\u0e19\u0e2d\u0e07\u0e04\u0e32\u0e22", "postcode": "43000", "renovate": false}, {"name": "\u0e1b\u0e15\u0e17.\u0e23\u0e31\u0e15\u0e19\u0e27\u0e32\u0e1b\u0e35", "store_id": "11536", "address": "\u0e15.\u0e23\u0e31\u0e15\u0e19\u0e27\u0e32\u0e1b\u0e35 \u0e2d.\u0e23\u0e31\u0e15\u0e19\u0e27\u0e32\u0e1b\u0e35 \u0e2b\u0e19\u0e2d\u0e07\u0e04\u0e32\u0e22", "lat": 18.21711241, "lng": 103.17893581, "subdistrict": "\u0e23\u0e31\u0e15\u0e19\u0e27\u0e32\u0e1b\u0e35", "district": "\u0e23\u0e31\u0e15\u0e19\u0e27\u0e32\u0e1b\u0e35", "province": "\u0e2b\u0e19\u0e2d\u0e07\u0e04\u0e32\u0e22", "postcode": "43120", "renovate": false}, {"name": "\u0e23\u0e31\u0e15\u0e19\u0e27\u0e32\u0e1b\u0e35", "store_id": "09523", "address": "\u0e15.\u0e23\u0e31\u0e15\u0e19\u0e27\u0e32\u0e1b\u0e35 \u0e2d.\u0e23\u0e31\u0e15\u0e19\u0e27\u0e32\u0e1b\u0e35 \u0e2b\u0e19\u0e2d\u0e07\u0e04\u0e32\u0e22", "lat": 18.21346769, "lng": 103.18007714, "subdistrict": "\u0e23\u0e31\u0e15\u0e19\u0e27\u0e32\u0e1b\u0e35", "district": "\u0e23\u0e31\u0e15\u0e19\u0e27\u0e32\u0e1b\u0e35", "province": "\u0e2b\u0e19\u0e2d\u0e07\u0e04\u0e32\u0e22", "postcode": "43120", "renovate": false}, {"name": "\u0e1b\u0e15\u0e17.\u0e28\u0e23\u0e35\u0e40\u0e0a\u0e35\u0e22\u0e07\u0e43\u0e2b\u0e21\u0e48", "store_id": "04720", "address": "\u0e15.\u0e1e\u0e32\u0e19\u0e1e\u0e23\u0e49\u0e32\u0e27 \u0e2d.\u0e28\u0e23\u0e35\u0e40\u0e0a\u0e35\u0e22\u0e07\u0e43\u0e2b\u0e21\u0e48 \u0e2b\u0e19\u0e2d\u0e07\u0e04\u0e32\u0e22", "lat": 17.95496721, "lng": 102.59445293, "subdistrict": "\u0e1e\u0e32\u0e19\u0e1e\u0e23\u0e49\u0e32\u0e27", "district": "\u0e28\u0e23\u0e35\u0e40\u0e0a\u0e35\u0e22\u0e07\u0e43\u0e2b\u0e21\u0e48", "province": "\u0e2b\u0e19\u0e2d\u0e07\u0e04\u0e32\u0e22", "postcode": "43130", "renovate": false}, {"name": "\u0e28\u0e23\u0e35\u0e40\u0e0a\u0e35\u0e22\u0e07\u0e43\u0e2b\u0e21\u0e48", "store_id": "08712", "address": "\u0e15.\u0e1e\u0e32\u0e19\u0e1e\u0e23\u0e49\u0e32\u0e27 \u0e2d.\u0e28\u0e23\u0e35\u0e40\u0e0a\u0e35\u0e22\u0e07\u0e43\u0e2b\u0e21\u0e48 \u0e2b\u0e19\u0e2d\u0e07\u0e04\u0e32\u0e22", "lat": 17.95683101, "lng": 102.58571348, "subdistrict": "\u0e1e\u0e32\u0e19\u0e1e\u0e23\u0e49\u0e32\u0e27", "district": "\u0e28\u0e23\u0e35\u0e40\u0e0a\u0e35\u0e22\u0e07\u0e43\u0e2b\u0e21\u0e48", "province": "\u0e2b\u0e19\u0e2d\u0e07\u0e04\u0e32\u0e22", "postcode": "43130", "renovate": false}, {"name": "\u0e1a\u0e49\u0e32\u0e19\u0e19\u0e49\u0e33\u0e2a\u0e27\u0e22", "store_id": "10361", "address": "\u0e15.\u0e2a\u0e23\u0e30\u0e43\u0e04\u0e23 \u0e2d.\u0e2a\u0e23\u0e30\u0e43\u0e04\u0e23 \u0e2b\u0e19\u0e2d\u0e07\u0e04\u0e32\u0e22", "lat": 17.68751792, "lng": 102.78310713, "subdistrict": "\u0e2a\u0e23\u0e30\u0e43\u0e04\u0e23", "district": "\u0e2a\u0e23\u0e30\u0e43\u0e04\u0e23", "province": "\u0e2b\u0e19\u0e2d\u0e07\u0e04\u0e32\u0e22", "postcode": "43100", "renovate": false}, {"name": "\u0e2a\u0e31\u0e07\u0e04\u0e21", "store_id": "09702", "address": "\u0e15.\u0e41\u0e01\u0e49\u0e07\u0e44\u0e01\u0e48 \u0e2d.\u0e2a\u0e31\u0e07\u0e04\u0e21 \u0e2b\u0e19\u0e2d\u0e07\u0e04\u0e32\u0e22", "lat": 18.0658191, "lng": 102.27204973, "subdistrict": "\u0e41\u0e01\u0e49\u0e07\u0e44\u0e01\u0e48", "district": "\u0e2a\u0e31\u0e07\u0e04\u0e21", "province": "\u0e2b\u0e19\u0e2d\u0e07\u0e04\u0e32\u0e22", "postcode": "43160", "renovate": false}, {"name": "PTTOR\u0e2a\u0e31\u0e07\u0e04\u0e21", "store_id": "14576", "address": "\u0e15.\u0e1c\u0e32\u0e15\u0e31\u0e49\u0e07 \u0e2d.\u0e2a\u0e31\u0e07\u0e04\u0e21 \u0e2b\u0e19\u0e2d\u0e07\u0e04\u0e32\u0e22", "lat": 18.05527462, "lng": 102.28334988, "subdistrict": "\u0e1c\u0e32\u0e15\u0e31\u0e49\u0e07", "district": "\u0e2a\u0e31\u0e07\u0e04\u0e21", "province": "\u0e2b\u0e19\u0e2d\u0e07\u0e04\u0e32\u0e22", "postcode": "43160", "renovate": false}]