[{"name": "\u0e1a\u0e49\u0e32\u0e19\u0e40\u0e02\u0e47\u0e01\u0e19\u0e49\u0e2d\u0e22", "store_id": "11368", "address": "\u0e0b.- \u0e16.- \u0e15.\u0e40\u0e02\u0e47\u0e01\u0e19\u0e49\u0e2d\u0e22 \u0e2d.\u0e40\u0e02\u0e32\u0e04\u0e49\u0e2d \u0e40\u0e1e\u0e0a\u0e23\u0e1a\u0e39\u0e23\u0e13\u0e4c", "lat": 16.80613391, "lng": 100.96827107, "subdistrict": "\u0e40\u0e02\u0e47\u0e01\u0e19\u0e49\u0e2d\u0e22", "district": "\u0e40\u0e02\u0e32\u0e04\u0e49\u0e2d", "province": "\u0e40\u0e1e\u0e0a\u0e23\u0e1a\u0e39\u0e23\u0e13\u0e4c", "postcode": "67280", "renovate": false}, {"name": "\u0e41\u0e04\u0e21\u0e1b\u0e4c\u0e2a\u0e19", "store_id": "07827", "address": "\u0e15.\u0e41\u0e04\u0e21\u0e1b\u0e4c\u0e2a\u0e19 \u0e2d.\u0e40\u0e02\u0e32\u0e04\u0e49\u0e2d \u0e40\u0e1e\u0e0a\u0e23\u0e1a\u0e39\u0e23\u0e13\u0e4c", "lat": 16.77006217, "lng": 101.04938137, "subdistrict": "\u0e41\u0e04\u0e21\u0e1b\u0e4c\u0e2a\u0e19", "district": "\u0e40\u0e02\u0e32\u0e04\u0e49\u0e2d", "province": "\u0e40\u0e1e\u0e0a\u0e23\u0e1a\u0e39\u0e23\u0e13\u0e4c", "postcode": "67280", "renovate": false}, {"name": "\u0e15\u0e25\u0e32\u0e14\u0e17\u0e38\u0e48\u0e07\u0e2a\u0e21\u0e2d(\u0e40\u0e02\u0e32\u0e04\u0e49\u0e2d)", "store_id": "08715", "address": "\u0e15.\u0e17\u0e38\u0e48\u0e07\u0e2a\u0e21\u0e2d \u0e2d.\u0e40\u0e02\u0e32\u0e04\u0e49\u0e2d \u0e40\u0e1e\u0e0a\u0e23\u0e1a\u0e39\u0e23\u0e13\u0e4c", "lat": 16.70742388, "lng": 101.04026251, "subdistrict": "\u0e17\u0e38\u0e48\u0e07\u0e2a\u0e21\u0e2d", "district": "\u0e40\u0e02\u0e32\u0e04\u0e49\u0e2d", "province": "\u0e40\u0e1e\u0e0a\u0e23\u0e1a\u0e39\u0e23\u0e13\u0e4c", "postcode": "67270", "renovate": false}, {"name": "\u0e15\u0e25\u0e32\u0e14\u0e2b\u0e49\u0e27\u0e22\u0e44\u0e1c\u0e48(\u0e41\u0e04\u0e21\u0e1b\u0e4c\u0e2a\u0e19)", "store_id": "09959", "address": "\u0e15.\u0e41\u0e04\u0e21\u0e1b\u0e4c\u0e2a\u0e19 \u0e2d.\u0e40\u0e02\u0e32\u0e04\u0e49\u0e2d \u0e40\u0e1e\u0e0a\u0e23\u0e1a\u0e39\u0e23\u0e13\u0e4c", "lat": 16.7691056, "lng": 101.04562053, "subdistrict": "\u0e41\u0e04\u0e21\u0e1b\u0e4c\u0e2a\u0e19", "district": "\u0e40\u0e02\u0e32\u0e04\u0e49\u0e2d", "province": "\u0e40\u0e1e\u0e0a\u0e23\u0e1a\u0e39\u0e23\u0e13\u0e4c", "postcode": "67280", "renovate": false}, {"name": "\u0e17\u0e38\u0e48\u0e07\u0e2a\u0e21\u0e2d\u0e40\u0e21\u0e37\u0e2d\u0e07\u0e43\u0e2b\u0e21\u0e48", "store_id": "14409", "address": "\u0e15.\u0e17\u0e38\u0e48\u0e07\u0e2a\u0e21\u0e2d \u0e2d.\u0e40\u0e02\u0e32\u0e04\u0e49\u0e2d \u0e40\u0e1e\u0e0a\u0e23\u0e1a\u0e39\u0e23\u0e13\u0e4c", "lat": 16.70807541, "lng": 101.04000351, "subdistrict": "\u0e17\u0e38\u0e48\u0e07\u0e2a\u0e21\u0e2d", "district": "\u0e40\u0e02\u0e32\u0e04\u0e49\u0e2d", "province": "\u0e40\u0e1e\u0e0a\u0e23\u0e1a\u0e39\u0e23\u0e13\u0e4c", "postcode": "67270", "renovate": false}, {"name": "\u0e19\u0e32\u0e22\u0e32\u0e27 \u0e40\u0e02\u0e32\u0e04\u0e49\u0e2d", "store_id": "16044", "address": "\u0e0b.- \u0e16.- \u0e15.\u0e17\u0e38\u0e48\u0e07\u0e2a\u0e21\u0e2d \u0e2d.\u0e40\u0e02\u0e32\u0e04\u0e49\u0e2d \u0e40\u0e1e\u0e0a\u0e23\u0e1a\u0e39\u0e23\u0e13\u0e4c", "lat": 16.73082309, "lng": 101.01793305, "subdistrict": "\u0e17\u0e38\u0e48\u0e07\u0e2a\u0e21\u0e2d", "district": "\u0e40\u0e02\u0e32\u0e04\u0e49\u0e2d", "province": "\u0e40\u0e1e\u0e0a\u0e23\u0e1a\u0e39\u0e23\u0e13\u0e4c", "postcode": "67270", "renovate": false}, {"name": "\u0e1b\u0e15\u0e17.\u0e40\u0e02\u0e32\u0e04\u0e49\u0e2d", "store_id": "06077", "address": "\u0e15.\u0e41\u0e04\u0e21\u0e1b\u0e4c\u0e2a\u0e19 \u0e2d.\u0e40\u0e02\u0e32\u0e04\u0e49\u0e2d \u0e40\u0e1e\u0e0a\u0e23\u0e1a\u0e39\u0e23\u0e13\u0e4c", "lat": 16.76875102, "lng": 101.03962021, "subdistrict": "\u0e41\u0e04\u0e21\u0e1b\u0e4c\u0e2a\u0e19", "district": "\u0e40\u0e02\u0e32\u0e04\u0e49\u0e2d", "province": "\u0e40\u0e1e\u0e0a\u0e23\u0e1a\u0e39\u0e23\u0e13\u0e4c", "postcode": "67280", "renovate": false}, {"name": "\u0e1c\u0e32\u0e0b\u0e48\u0e2d\u0e19\u0e41\u0e01\u0e49\u0e27 (Pha Sorn Kaew)", "store_id": "16107", "address": "\u0e15.\u0e41\u0e04\u0e21\u0e1b\u0e4c\u0e2a\u0e19 \u0e2d.\u0e40\u0e02\u0e32\u0e04\u0e49\u0e2d \u0e40\u0e1e\u0e0a\u0e23\u0e1a\u0e39\u0e23\u0e13\u0e4c", "lat": 16.79091923, "lng": 101.05044244, "subdistrict": "\u0e41\u0e04\u0e21\u0e1b\u0e4c\u0e2a\u0e19", "district": "\u0e40\u0e02\u0e32\u0e04\u0e49\u0e2d", "province": "\u0e40\u0e1e\u0e0a\u0e23\u0e1a\u0e39\u0e23\u0e13\u0e4c", "postcode": "67280", "renovate": false}, {"name": "PTTOR \u0e41\u0e04\u0e21\u0e1b\u0e4c\u0e2a\u0e19", "store_id": "15462", "address": "\u0e0b.- \u0e16.- \u0e15.\u0e41\u0e04\u0e21\u0e1b\u0e4c\u0e2a\u0e19 \u0e2d.\u0e40\u0e02\u0e32\u0e04\u0e49\u0e2d \u0e40\u0e1e\u0e0a\u0e23\u0e1a\u0e39\u0e23\u0e13\u0e4c", "lat": 16.77727709, "lng": 101.01693945, "subdistrict": "\u0e41\u0e04\u0e21\u0e1b\u0e4c\u0e2a\u0e19", "district": "\u0e40\u0e02\u0e32\u0e04\u0e49\u0e2d", "province": "\u0e40\u0e1e\u0e0a\u0e23\u0e1a\u0e39\u0e23\u0e13\u0e4c", "postcode": "67280", "renovate": false}, {"name": "\u0e15\u0e25\u0e32\u0e14\u0e14\u0e07\u0e02\u0e38\u0e22", "store_id": "09629", "address": "\u0e0b.\u0e40\u0e17\u0e28\u0e1a\u0e32\u0e25 5 \u0e15.\u0e14\u0e07\u0e02\u0e38\u0e22 \u0e2d.\u0e0a\u0e19\u0e41\u0e14\u0e19 \u0e40\u0e1e\u0e0a\u0e23\u0e1a\u0e39\u0e23\u0e13\u0e4c", "lat": 16.11797496, "lng": 100.72752475, "subdistrict": "\u0e14\u0e07\u0e02\u0e38\u0e22", "district": "\u0e0a\u0e19\u0e41\u0e14\u0e19", "province": "\u0e40\u0e1e\u0e0a\u0e23\u0e1a\u0e39\u0e23\u0e13\u0e4c", "postcode": "67190", "renovate": false}, {"name": "\u0e15\u0e25\u0e32\u0e14\u0e28\u0e23\u0e35\u0e21\u0e19\u0e39\u0e0d(\u0e0a\u0e19\u0e41\u0e14\u0e19)", "store_id": "09957", "address": "\u0e16.\u0e40\u0e17\u0e28\u0e1a\u0e32\u0e25 2 \u0e15.\u0e0a\u0e19\u0e41\u0e14\u0e19 \u0e2d.\u0e0a\u0e19\u0e41\u0e14\u0e19 \u0e40\u0e1e\u0e0a\u0e23\u0e1a\u0e39\u0e23\u0e13\u0e4c", "lat": 16.18744792, "lng": 100.85563005, "subdistrict": "\u0e0a\u0e19\u0e41\u0e14\u0e19", "district": "\u0e0a\u0e19\u0e41\u0e14\u0e19", "province": "\u0e40\u0e1e\u0e0a\u0e23\u0e1a\u0e39\u0e23\u0e13\u0e4c", "postcode": "67150", "renovate": false}, {"name": "\u0e17\u0e48\u0e32\u0e02\u0e49\u0e32\u0e21 (\u0e0a\u0e19\u0e41\u0e14\u0e19)", "store_id": "10099", "address": "\u0e16.\u0e0a\u0e21\u0e10\u0e35\u0e23\u0e30\u0e40\u0e27\u0e0a \u0e15.\u0e17\u0e48\u0e32\u0e02\u0e49\u0e32\u0e21 \u0e2d.\u0e0a\u0e19\u0e41\u0e14\u0e19 \u0e40\u0e1e\u0e0a\u0e23\u0e1a\u0e39\u0e23\u0e13\u0e4c", "lat": 16.1562515, "lng": 100.7960035, "subdistrict": "\u0e17\u0e48\u0e32\u0e02\u0e49\u0e32\u0e21", "district": "\u0e0a\u0e19\u0e41\u0e14\u0e19", "province": "\u0e40\u0e1e\u0e0a\u0e23\u0e1a\u0e39\u0e23\u0e13\u0e4c", "postcode": "67150", "renovate": false}, {"name": "\u0e1b\u0e15\u0e17.\u0e0a\u0e19\u0e41\u0e14\u0e19", "store_id": "08949", "address": "\u0e15.\u0e0a\u0e19\u0e41\u0e14\u0e19 \u0e2d.\u0e0a\u0e19\u0e41\u0e14\u0e19 \u0e40\u0e1e\u0e0a\u0e23\u0e1a\u0e39\u0e23\u0e13\u0e4c", "lat": 16.18466768, "lng": 100.85121246, "subdistrict": "\u0e0a\u0e19\u0e41\u0e14\u0e19", "district": "\u0e0a\u0e19\u0e41\u0e14\u0e19", "province": "\u0e40\u0e1e\u0e0a\u0e23\u0e1a\u0e39\u0e23\u0e13\u0e4c", "postcode": "67150", "renovate": false}, {"name": "\u0e2d\u0e33\u0e40\u0e20\u0e2d\u0e0a\u0e19\u0e41\u0e14\u0e19", "store_id": "15656", "address": "\u0e15.\u0e0a\u0e19\u0e41\u0e14\u0e19 \u0e2d.\u0e0a\u0e19\u0e41\u0e14\u0e19 \u0e40\u0e1e\u0e0a\u0e23\u0e1a\u0e39\u0e23\u0e13\u0e4c", "lat": 16.18842073, "lng": 100.8576077, "subdistrict": "\u0e0a\u0e19\u0e41\u0e14\u0e19", "district": "\u0e0a\u0e19\u0e41\u0e14\u0e19", "province": "\u0e40\u0e1e\u0e0a\u0e23\u0e1a\u0e39\u0e23\u0e13\u0e4c", "postcode": "67150", "renovate": false}, {"name": "\u0e0a\u0e38\u0e21\u0e0a\u0e19\u0e04\u0e25\u0e2d\u0e07\u0e28\u0e32\u0e25\u0e32", "store_id": "06178", "address": "\u0e16.\u0e1e\u0e23\u0e30\u0e1e\u0e38\u0e17\u0e18\u0e1a\u0e32\u0e17 \u0e15.\u0e43\u0e19\u0e40\u0e21\u0e37\u0e2d\u0e07 \u0e2d.\u0e40\u0e21\u0e37\u0e2d\u0e07\u0e40\u0e1e\u0e0a\u0e23\u0e1a\u0e39\u0e23\u0e13\u0e4c \u0e40\u0e1e\u0e0a\u0e23\u0e1a\u0e39\u0e23\u0e13\u0e4c", "lat": 16.41041042, "lng": 101.15116027, "subdistrict": "\u0e43\u0e19\u0e40\u0e21\u0e37\u0e2d\u0e07", "district": "\u0e40\u0e21\u0e37\u0e2d\u0e07\u0e40\u0e1e\u0e0a\u0e23\u0e1a\u0e39\u0e23\u0e13\u0e4c", "province": "\u0e40\u0e1e\u0e0a\u0e23\u0e1a\u0e39\u0e23\u0e13\u0e4c", "postcode": "67000", "renovate": false}, {"name": "\u0e19\u0e49\u0e33\u0e2b\u0e19\u0e32\u0e27", "store_id": "09098", "address": "\u0e15.\u0e19\u0e49\u0e33\u0e2b\u0e19\u0e32\u0e27 \u0e2d.\u0e19\u0e49\u0e33\u0e2b\u0e19\u0e32\u0e27 \u0e40\u0e1e\u0e0a\u0e23\u0e1a\u0e39\u0e23\u0e13\u0e4c", "lat": 16.77431437, "lng": 101.66525957, "subdistrict": "\u0e19\u0e49\u0e33\u0e2b\u0e19\u0e32\u0e27", "district": "\u0e19\u0e49\u0e33\u0e2b\u0e19\u0e32\u0e27", "province": "\u0e40\u0e1e\u0e0a\u0e23\u0e1a\u0e39\u0e23\u0e13\u0e4c", "postcode": "67260", "renovate": false}, {"name": "\u0e1b\u0e15\u0e17.\u0e2b\u0e25\u0e48\u0e21\u0e2a\u0e31\u0e01-\u0e19\u0e49\u0e33\u0e2b\u0e19\u0e32\u0e27", "store_id": "06342", "address": "\u0e15.\u0e2b\u0e19\u0e2d\u0e07\u0e44\u0e02\u0e27\u0e48 \u0e2d.\u0e2b\u0e25\u0e48\u0e21\u0e2a\u0e31\u0e01 \u0e40\u0e1e\u0e0a\u0e23\u0e1a\u0e39\u0e23\u0e13\u0e4c", "lat": 16.74233052, "lng": 101.22260074, "subdistrict": "\u0e2b\u0e19\u0e2d\u0e07\u0e44\u0e02\u0e27\u0e48", "district": "\u0e2b\u0e25\u0e48\u0e21\u0e2a\u0e31\u0e01", "province": "\u0e40\u0e1e\u0e0a\u0e23\u0e1a\u0e39\u0e23\u0e13\u0e4c", "postcode": "67110", "renovate": false}, {"name": "\u0e01\u0e31\u0e19\u0e08\u0e38(\u0e1a\u0e36\u0e07\u0e2a\u0e32\u0e21\u0e1e\u0e31\u0e19)", "store_id": "16458", "address": "\u0e15.\u0e01\u0e31\u0e19\u0e08\u0e38 \u0e2d.\u0e1a\u0e36\u0e07\u0e2a\u0e32\u0e21\u0e1e\u0e31\u0e19 \u0e40\u0e1e\u0e0a\u0e23\u0e1a\u0e39\u0e23\u0e13\u0e4c", "lat": 15.83344951, "lng": 101.0679358, "subdistrict": "\u0e01\u0e31\u0e19\u0e08\u0e38", "district": "\u0e1a\u0e36\u0e07\u0e2a\u0e32\u0e21\u0e1e\u0e31\u0e19", "province": "\u0e40\u0e1e\u0e0a\u0e23\u0e1a\u0e39\u0e23\u0e13\u0e4c", "postcode": "67160", "renovate": false}, {"name": "\u0e15\u0e25\u0e32\u0e14\u0e0b\u0e31\u0e1a\u0e1a\u0e2d\u0e19", "store_id": "11247", "address": "\u0e15.\u0e01\u0e31\u0e19\u0e08\u0e38 \u0e2d.\u0e1a\u0e36\u0e07\u0e2a\u0e32\u0e21\u0e1e\u0e31\u0e19 \u0e40\u0e1e\u0e0a\u0e23\u0e1a\u0e39\u0e23\u0e13\u0e4c", "lat": 15.82841229, "lng": 101.16098213, "subdistrict": "\u0e01\u0e31\u0e19\u0e08\u0e38", "district": "\u0e1a\u0e36\u0e07\u0e2a\u0e32\u0e21\u0e1e\u0e31\u0e19", "province": "\u0e40\u0e1e\u0e0a\u0e23\u0e1a\u0e39\u0e23\u0e13\u0e4c", "postcode": "67160", "renovate": false}, {"name": "\u0e15\u0e25\u0e32\u0e14\u0e0b\u0e31\u0e1a\u0e2a\u0e21\u0e2d\u0e17\u0e2d\u0e14", "store_id": "07653", "address": "\u0e15.\u0e0b\u0e31\u0e1a\u0e2a\u0e21\u0e2d\u0e17\u0e2d\u0e14 \u0e2d.\u0e1a\u0e36\u0e07\u0e2a\u0e32\u0e21\u0e1e\u0e31\u0e19 \u0e40\u0e1e\u0e0a\u0e23\u0e1a\u0e39\u0e23\u0e13\u0e4c", "lat": 15.78369703, "lng": 101.00593879, "subdistrict": "\u0e0b\u0e31\u0e1a\u0e2a\u0e21\u0e2d\u0e17\u0e2d\u0e14", "district": "\u0e1a\u0e36\u0e07\u0e2a\u0e32\u0e21\u0e1e\u0e31\u0e19", "province": "\u0e40\u0e1e\u0e0a\u0e23\u0e1a\u0e39\u0e23\u0e13\u0e4c", "postcode": "67160", "renovate": false}, {"name": "\u0e1a\u0e02\u0e2a.\u0e1a\u0e36\u0e07\u0e2a\u0e32\u0e21\u0e1e\u0e31\u0e19", "store_id": "14373", "address": "\u0e0b.- \u0e16.- \u0e15.\u0e0b\u0e31\u0e1a\u0e2a\u0e21\u0e2d\u0e17\u0e2d\u0e14 \u0e2d.\u0e1a\u0e36\u0e07\u0e2a\u0e32\u0e21\u0e1e\u0e31\u0e19 \u0e40\u0e1e\u0e0a\u0e23\u0e1a\u0e39\u0e23\u0e13\u0e4c", "lat": 15.7828043, "lng": 101.0016192, "subdistrict": "\u0e0b\u0e31\u0e1a\u0e2a\u0e21\u0e2d\u0e17\u0e2d\u0e14", "district": "\u0e1a\u0e36\u0e07\u0e2a\u0e32\u0e21\u0e1e\u0e31\u0e19", "province": "\u0e40\u0e1e\u0e0a\u0e23\u0e1a\u0e39\u0e23\u0e13\u0e4c", "postcode": "67160", "renovate": false}, {"name": "\u0e1b\u0e15\u0e17. LPG \u0e1a\u0e36\u0e07\u0e2a\u0e32\u0e21\u0e1e\u0e31\u0e19", "store_id": "10127", "address": "\u0e15.\u0e0b\u0e31\u0e1a\u0e2a\u0e21\u0e2d\u0e17\u0e2d\u0e14 \u0e2d.\u0e1a\u0e36\u0e07\u0e2a\u0e32\u0e21\u0e1e\u0e31\u0e19 \u0e40\u0e1e\u0e0a\u0e23\u0e1a\u0e39\u0e23\u0e13\u0e4c", "lat": 15.81585939, "lng": 101.0068587, "subdistrict": "\u0e0b\u0e31\u0e1a\u0e2a\u0e21\u0e2d\u0e17\u0e2d\u0e14", "district": "\u0e1a\u0e36\u0e07\u0e2a\u0e32\u0e21\u0e1e\u0e31\u0e19", "province": "\u0e40\u0e1e\u0e0a\u0e23\u0e1a\u0e39\u0e23\u0e13\u0e4c", "postcode": "10127", "renovate": false}, {"name": "\u0e1b\u0e15\u0e17.\u0e1a\u0e36\u0e07\u0e2a\u0e32\u0e21\u0e1e\u0e31\u0e19", "store_id": "03764", "address": "\u0e15.\u0e1a\u0e36\u0e07\u0e2a\u0e32\u0e21\u0e1e\u0e31\u0e19 \u0e2d.\u0e1a\u0e36\u0e07\u0e2a\u0e32\u0e21\u0e1e\u0e31\u0e19 \u0e40\u0e1e\u0e0a\u0e23\u0e1a\u0e39\u0e23\u0e13\u0e4c", "lat": 15.810458, "lng": 101.006383, "subdistrict": "\u0e1a\u0e36\u0e07\u0e2a\u0e32\u0e21\u0e1e\u0e31\u0e19", "district": "\u0e1a\u0e36\u0e07\u0e2a\u0e32\u0e21\u0e1e\u0e31\u0e19", "province": "\u0e40\u0e1e\u0e0a\u0e23\u0e1a\u0e39\u0e23\u0e13\u0e4c", "postcode": "67160", "renovate": false}, {"name": "\u0e41\u0e22\u0e01\u0e23\u0e32\u0e2b\u0e38\u0e25", "store_id": "06121", "address": "\u0e15.\u0e1a\u0e36\u0e07\u0e2a\u0e32\u0e21\u0e1e\u0e31\u0e19 \u0e2d.\u0e1a\u0e36\u0e07\u0e2a\u0e32\u0e21\u0e1e\u0e31\u0e19 \u0e40\u0e1e\u0e0a\u0e23\u0e1a\u0e39\u0e23\u0e13\u0e4c", "lat": 15.829224, "lng": 101.0084142, "subdistrict": "\u0e1a\u0e36\u0e07\u0e2a\u0e32\u0e21\u0e1e\u0e31\u0e19", "district": "\u0e1a\u0e36\u0e07\u0e2a\u0e32\u0e21\u0e1e\u0e31\u0e19", "province": "\u0e40\u0e1e\u0e0a\u0e23\u0e1a\u0e39\u0e23\u0e13\u0e4c", "postcode": "67160", "renovate": false}, {"name": "\u0e27\u0e31\u0e07\u0e1e\u0e34\u0e01\u0e38\u0e25", "store_id": "10593", "address": "\u0e15.\u0e27\u0e31\u0e07\u0e1e\u0e34\u0e01\u0e38\u0e25 \u0e2d.\u0e1a\u0e36\u0e07\u0e2a\u0e32\u0e21\u0e1e\u0e31\u0e19 \u0e40\u0e1e\u0e0a\u0e23\u0e1a\u0e39\u0e23\u0e13\u0e4c", "lat": 15.71567211, "lng": 100.83875835, "subdistrict": "\u0e27\u0e31\u0e07\u0e1e\u0e34\u0e01\u0e38\u0e25", "district": "\u0e1a\u0e36\u0e07\u0e2a\u0e32\u0e21\u0e1e\u0e31\u0e19", "province": "\u0e40\u0e1e\u0e0a\u0e23\u0e1a\u0e39\u0e23\u0e13\u0e4c", "postcode": "67160", "renovate": false}, {"name": "\u0e28\u0e23\u0e35\u0e21\u0e07\u0e04\u0e25(\u0e1a\u0e36\u0e07\u0e2a\u0e32\u0e21\u0e1e\u0e31\u0e19)", "store_id": "11479", "address": "\u0e15.\u0e28\u0e23\u0e35\u0e21\u0e07\u0e04\u0e25 \u0e2d.\u0e1a\u0e36\u0e07\u0e2a\u0e32\u0e21\u0e1e\u0e31\u0e19 \u0e40\u0e1e\u0e0a\u0e23\u0e1a\u0e39\u0e23\u0e13\u0e4c", "lat": 15.81851582, "lng": 100.8052771, "subdistrict": "\u0e28\u0e23\u0e35\u0e21\u0e07\u0e04\u0e25", "district": "\u0e1a\u0e36\u0e07\u0e2a\u0e32\u0e21\u0e1e\u0e31\u0e19", "province": "\u0e40\u0e1e\u0e0a\u0e23\u0e1a\u0e39\u0e23\u0e13\u0e4c", "postcode": "67160", "renovate": false}, {"name": "\u0e2a\u0e21\u0e2d\u0e17\u0e2d\u0e14 (\u0e1a\u0e36\u0e07\u0e2a\u0e32\u0e21\u0e1e\u0e31\u0e19)", "store_id": "05735", "address": "\u0e15.\u0e1a\u0e36\u0e07\u0e2a\u0e32\u0e21\u0e1e\u0e31\u0e19 \u0e2d.\u0e1a\u0e36\u0e07\u0e2a\u0e32\u0e21\u0e1e\u0e31\u0e19 \u0e40\u0e1e\u0e0a\u0e23\u0e1a\u0e39\u0e23\u0e13\u0e4c", "lat": 15.78117466, "lng": 101.00650718, "subdistrict": "\u0e1a\u0e36\u0e07\u0e2a\u0e32\u0e21\u0e1e\u0e31\u0e19", "district": "\u0e1a\u0e36\u0e07\u0e2a\u0e32\u0e21\u0e1e\u0e31\u0e19", "province": "\u0e40\u0e1e\u0e0a\u0e23\u0e1a\u0e39\u0e23\u0e13\u0e4c", "postcode": "67160", "renovate": false}, {"name": "\u0e1a\u0e49\u0e32\u0e19\u0e0a\u0e2d\u0e19\u0e44\u0e1e\u0e23", "store_id": "17329", "address": "\u0e15.\u0e0a\u0e2d\u0e19\u0e44\u0e1e\u0e23 \u0e2d.\u0e40\u0e21\u0e37\u0e2d\u0e07\u0e40\u0e1e\u0e0a\u0e23\u0e1a\u0e39\u0e23\u0e13\u0e4c \u0e40\u0e1e\u0e0a\u0e23\u0e1a\u0e39\u0e23\u0e13\u0e4c", "lat": 16.36551372, "lng": 101.14047078, "subdistrict": "\u0e0a\u0e2d\u0e19\u0e44\u0e1e\u0e23", "district": "\u0e40\u0e21\u0e37\u0e2d\u0e07\u0e40\u0e1e\u0e0a\u0e23\u0e1a\u0e39\u0e23\u0e13\u0e4c", "province": "\u0e40\u0e1e\u0e0a\u0e23\u0e1a\u0e39\u0e23\u0e13\u0e4c", "postcode": "67000", "renovate": false}, {"name": "\u0e1b\u0e15\u0e17.\u0e2b\u0e19\u0e49\u0e32\u0e04\u0e48\u0e32\u0e22\u0e1e\u0e48\u0e2d\u0e02\u0e38\u0e19\u0e1c\u0e32\u0e40\u0e21\u0e37\u0e2d\u0e07", "store_id": "07880", "address": "\u0e15.\u0e0a\u0e2d\u0e19\u0e44\u0e1e\u0e23 \u0e2d.\u0e40\u0e21\u0e37\u0e2d\u0e07\u0e40\u0e1e\u0e0a\u0e23\u0e1a\u0e39\u0e23\u0e13\u0e4c \u0e40\u0e1e\u0e0a\u0e23\u0e1a\u0e39\u0e23\u0e13\u0e4c", "lat": 16.38689174, "lng": 101.12686967, "subdistrict": "\u0e0a\u0e2d\u0e19\u0e44\u0e1e\u0e23", "district": "\u0e40\u0e21\u0e37\u0e2d\u0e07\u0e40\u0e1e\u0e0a\u0e23\u0e1a\u0e39\u0e23\u0e13\u0e4c", "province": "\u0e40\u0e1e\u0e0a\u0e23\u0e1a\u0e39\u0e23\u0e13\u0e4c", "postcode": "67000", "renovate": false}, {"name": "\u0e14\u0e07\u0e21\u0e39\u0e25\u0e40\u0e2b\u0e25\u0e47\u0e01", "store_id": "09684", "address": "\u0e15.\u0e14\u0e07\u0e21\u0e39\u0e25\u0e40\u0e2b\u0e25\u0e47\u0e01 \u0e2d.\u0e40\u0e21\u0e37\u0e2d\u0e07\u0e40\u0e1e\u0e0a\u0e23\u0e1a\u0e39\u0e23\u0e13\u0e4c \u0e40\u0e1e\u0e0a\u0e23\u0e1a\u0e39\u0e23\u0e13\u0e4c", "lat": 16.44362607, "lng": 101.19525237, "subdistrict": "\u0e14\u0e07\u0e21\u0e39\u0e25\u0e40\u0e2b\u0e25\u0e47\u0e01", "district": "\u0e40\u0e21\u0e37\u0e2d\u0e07\u0e40\u0e1e\u0e0a\u0e23\u0e1a\u0e39\u0e23\u0e13\u0e4c", "province": "\u0e40\u0e1e\u0e0a\u0e23\u0e1a\u0e39\u0e23\u0e13\u0e4c", "postcode": "67000", "renovate": false}, {"name": "\u0e17\u0e48\u0e32\u0e1e\u0e25 (\u0e40\u0e1e\u0e0a\u0e23\u0e1a\u0e39\u0e23\u0e13\u0e4c)", "store_id": "03305", "address": "\u0e16.\u0e2b\u0e25\u0e48\u0e21\u0e2a\u0e31\u0e01-\u0e40\u0e1e\u0e0a\u0e23\u0e1a\u0e39\u0e23\u0e13\u0e4c \u0e15.\u0e17\u0e48\u0e32\u0e1e\u0e25 \u0e2d.\u0e40\u0e21\u0e37\u0e2d\u0e07\u0e40\u0e1e\u0e0a\u0e23\u0e1a\u0e39\u0e23\u0e13\u0e4c \u0e40\u0e1e\u0e0a\u0e23\u0e1a\u0e39\u0e23\u0e13\u0e4c", "lat": 16.56831733, "lng": 101.15104345, "subdistrict": "\u0e17\u0e48\u0e32\u0e1e\u0e25", "district": "\u0e40\u0e21\u0e37\u0e2d\u0e07\u0e40\u0e1e\u0e0a\u0e23\u0e1a\u0e39\u0e23\u0e13\u0e4c", "province": "\u0e40\u0e1e\u0e0a\u0e23\u0e1a\u0e39\u0e23\u0e13\u0e4c", "postcode": "67000", "renovate": false}, {"name": "\u0e19\u0e32\u0e07\u0e31\u0e48\u0e27", "store_id": "10647", "address": "\u0e15.\u0e19\u0e32\u0e07\u0e31\u0e48\u0e27 \u0e2d.\u0e40\u0e21\u0e37\u0e2d\u0e07\u0e40\u0e1e\u0e0a\u0e23\u0e1a\u0e39\u0e23\u0e13\u0e4c \u0e40\u0e1e\u0e0a\u0e23\u0e1a\u0e39\u0e23\u0e13\u0e4c", "lat": 16.52381157, "lng": 101.15683733, "subdistrict": "\u0e19\u0e32\u0e07\u0e31\u0e48\u0e27", "district": "\u0e40\u0e21\u0e37\u0e2d\u0e07\u0e40\u0e1e\u0e0a\u0e23\u0e1a\u0e39\u0e23\u0e13\u0e4c", "province": "\u0e40\u0e1e\u0e0a\u0e23\u0e1a\u0e39\u0e23\u0e13\u0e4c", "postcode": "67000", "renovate": false}, {"name": "PTTOR \u0e40\u0e1e\u0e0a\u0e23\u0e1a\u0e39\u0e23\u0e13\u0e4c\u0e1a\u0e32\u0e22\u0e1e\u0e32\u0e2a", "store_id": "14341", "address": "\u0e15.\u0e19\u0e32\u0e07\u0e31\u0e48\u0e27 \u0e2d.\u0e40\u0e21\u0e37\u0e2d\u0e07\u0e40\u0e1e\u0e0a\u0e23\u0e1a\u0e39\u0e23\u0e13\u0e4c \u0e40\u0e1e\u0e0a\u0e23\u0e1a\u0e39\u0e23\u0e13\u0e4c", "lat": 16.50012932, "lng": 101.15708557, "subdistrict": "\u0e19\u0e32\u0e07\u0e31\u0e48\u0e27", "district": "\u0e40\u0e21\u0e37\u0e2d\u0e07\u0e40\u0e1e\u0e0a\u0e23\u0e1a\u0e39\u0e23\u0e13\u0e4c", "province": "\u0e40\u0e1e\u0e0a\u0e23\u0e1a\u0e39\u0e23\u0e13\u0e4c", "postcode": "67000", "renovate": false}, {"name": "Rest Area Khaokho", "store_id": "13405", "address": "\u0e15.\u0e19\u0e32\u0e07\u0e31\u0e48\u0e27 \u0e2d.\u0e40\u0e21\u0e37\u0e2d\u0e07\u0e40\u0e1e\u0e0a\u0e23\u0e1a\u0e39\u0e23\u0e13\u0e4c \u0e40\u0e1e\u0e0a\u0e23\u0e1a\u0e39\u0e23\u0e13\u0e4c", "lat": 16.5391754, "lng": 101.1560154, "subdistrict": "\u0e19\u0e32\u0e07\u0e31\u0e48\u0e27", "district": "\u0e40\u0e21\u0e37\u0e2d\u0e07\u0e40\u0e1e\u0e0a\u0e23\u0e1a\u0e39\u0e23\u0e13\u0e4c", "province": "\u0e40\u0e1e\u0e0a\u0e23\u0e1a\u0e39\u0e23\u0e13\u0e4c", "postcode": "67000", "renovate": false}, {"name": "\u0e15\u0e25\u0e32\u0e14\u0e1b\u0e32\u0e01\u0e19\u0e49\u0e33\u0e40\u0e1e\u0e0a\u0e23\u0e1a\u0e39\u0e23\u0e13\u0e4c", "store_id": "06085", "address": "\u0e15.\u0e19\u0e32\u0e1b\u0e48\u0e32 \u0e2d.\u0e40\u0e21\u0e37\u0e2d\u0e07\u0e40\u0e1e\u0e0a\u0e23\u0e1a\u0e39\u0e23\u0e13\u0e4c \u0e40\u0e1e\u0e0a\u0e23\u0e1a\u0e39\u0e23\u0e13\u0e4c", "lat": 16.3933637, "lng": 101.17263036, "subdistrict": "\u0e19\u0e32\u0e1b\u0e48\u0e32", "district": "\u0e40\u0e21\u0e37\u0e2d\u0e07\u0e40\u0e1e\u0e0a\u0e23\u0e1a\u0e39\u0e23\u0e13\u0e4c", "province": "\u0e40\u0e1e\u0e0a\u0e23\u0e1a\u0e39\u0e23\u0e13\u0e4c", "postcode": "67000", "renovate": false}, {"name": "\u0e19\u0e32\u0e22\u0e21", "store_id": "11973", "address": "\u0e15.\u0e19\u0e32\u0e22\u0e21 \u0e2d.\u0e40\u0e21\u0e37\u0e2d\u0e07\u0e40\u0e1e\u0e0a\u0e23\u0e1a\u0e39\u0e23\u0e13\u0e4c \u0e40\u0e1e\u0e0a\u0e23\u0e1a\u0e39\u0e23\u0e13\u0e4c", "lat": 16.25989547, "lng": 101.0987556, "subdistrict": "\u0e19\u0e32\u0e22\u0e21", "district": "\u0e40\u0e21\u0e37\u0e2d\u0e07\u0e40\u0e1e\u0e0a\u0e23\u0e1a\u0e39\u0e23\u0e13\u0e4c", "province": "\u0e40\u0e1e\u0e0a\u0e23\u0e1a\u0e39\u0e23\u0e13\u0e4c", "postcode": "67210", "renovate": false}, {"name": "\u0e19\u0e49\u0e33\u0e23\u0e49\u0e2d\u0e19 \u0e27\u0e34\u0e40\u0e0a\u0e35\u0e22\u0e23\u0e1a\u0e38\u0e23\u0e35", "store_id": "17801", "address": "\u0e15.\u0e19\u0e49\u0e33\u0e23\u0e49\u0e2d\u0e19 \u0e2d.\u0e27\u0e34\u0e40\u0e0a\u0e35\u0e22\u0e23\u0e1a\u0e38\u0e23\u0e35 \u0e40\u0e1e\u0e0a\u0e23\u0e1a\u0e39\u0e23\u0e13\u0e4c", "lat": 15.69312466, "lng": 101.27284853, "subdistrict": "\u0e19\u0e49\u0e33\u0e23\u0e49\u0e2d\u0e19", "district": "\u0e27\u0e34\u0e40\u0e0a\u0e35\u0e22\u0e23\u0e1a\u0e38\u0e23\u0e35", "province": "\u0e40\u0e1e\u0e0a\u0e23\u0e1a\u0e39\u0e23\u0e13\u0e4c", "postcode": "67130", "renovate": false}, {"name": "\u0e41\u0e22\u0e01\u0e19\u0e49\u0e33\u0e23\u0e49\u0e2d\u0e19", "store_id": "13674", "address": "\u0e15.\u0e19\u0e49\u0e33\u0e23\u0e49\u0e2d\u0e19 \u0e2d.\u0e40\u0e21\u0e37\u0e2d\u0e07\u0e40\u0e1e\u0e0a\u0e23\u0e1a\u0e39\u0e23\u0e13\u0e4c \u0e40\u0e1e\u0e0a\u0e23\u0e1a\u0e39\u0e23\u0e13\u0e4c", "lat": 16.3319415, "lng": 101.18824482, "subdistrict": "\u0e19\u0e49\u0e33\u0e23\u0e49\u0e2d\u0e19", "district": "\u0e40\u0e21\u0e37\u0e2d\u0e07\u0e40\u0e1e\u0e0a\u0e23\u0e1a\u0e39\u0e23\u0e13\u0e4c", "province": "\u0e40\u0e1e\u0e0a\u0e23\u0e1a\u0e39\u0e23\u0e13\u0e4c", "postcode": "67000", "renovate": false}, {"name": "\u0e40\u0e04\u0e2b\u0e30\u0e0a\u0e38\u0e21\u0e0a\u0e19\u0e40\u0e1e\u0e0a\u0e23\u0e1a\u0e39\u0e23\u0e13\u0e4c", "store_id": "02760", "address": "\u0e16.\u0e40\u0e17\u0e1e\u0e32\u0e1e\u0e31\u0e12\u0e19\u0e32 \u0e15.\u0e43\u0e19\u0e40\u0e21\u0e37\u0e2d\u0e07 \u0e2d.\u0e40\u0e21\u0e37\u0e2d\u0e07\u0e40\u0e1e\u0e0a\u0e23\u0e1a\u0e39\u0e23\u0e13\u0e4c \u0e40\u0e1e\u0e0a\u0e23\u0e1a\u0e39\u0e23\u0e13\u0e4c", "lat": 16.410061, "lng": 101.158475, "subdistrict": "\u0e43\u0e19\u0e40\u0e21\u0e37\u0e2d\u0e07", "district": "\u0e40\u0e21\u0e37\u0e2d\u0e07\u0e40\u0e1e\u0e0a\u0e23\u0e1a\u0e39\u0e23\u0e13\u0e4c", "province": "\u0e40\u0e1e\u0e0a\u0e23\u0e1a\u0e39\u0e23\u0e13\u0e4c", "postcode": "67000", "renovate": false}, {"name": "\u0e42\u0e06\u0e29\u0e34\u0e15\u0e1e\u0e25\u0e32\u0e0b\u0e48\u0e32", "store_id": "03666", "address": "\u0e16.\u0e40\u0e17\u0e28\u0e1a\u0e32\u0e25\u0e1e\u0e31\u0e12\u0e19\u0e32 \u0e15.\u0e43\u0e19\u0e40\u0e21\u0e37\u0e2d\u0e07 \u0e2d.\u0e40\u0e21\u0e37\u0e2d\u0e07\u0e40\u0e1e\u0e0a\u0e23\u0e1a\u0e39\u0e23\u0e13\u0e4c \u0e40\u0e1e\u0e0a\u0e23\u0e1a\u0e39\u0e23\u0e13\u0e4c", "lat": 16.41537206, "lng": 101.16195566, "subdistrict": "\u0e43\u0e19\u0e40\u0e21\u0e37\u0e2d\u0e07", "district": "\u0e40\u0e21\u0e37\u0e2d\u0e07\u0e40\u0e1e\u0e0a\u0e23\u0e1a\u0e39\u0e23\u0e13\u0e4c", "province": "\u0e40\u0e1e\u0e0a\u0e23\u0e1a\u0e39\u0e23\u0e13\u0e4c", "postcode": "67000", "renovate": false}, {"name": "\u0e0a\u0e38\u0e21\u0e0a\u0e19\u0e27\u0e31\u0e14\u0e40\u0e1e\u0e0a\u0e23\u0e27\u0e23\u0e32\u0e23\u0e32\u0e21", "store_id": "18280", "address": "\u0e15.\u0e43\u0e19\u0e40\u0e21\u0e37\u0e2d\u0e07 \u0e2d.\u0e40\u0e21\u0e37\u0e2d\u0e07\u0e40\u0e1e\u0e0a\u0e23\u0e1a\u0e39\u0e23\u0e13\u0e4c \u0e40\u0e1e\u0e0a\u0e23\u0e1a\u0e39\u0e23\u0e13\u0e4c", "lat": 16.41556951, "lng": 101.16461527, "subdistrict": "\u0e43\u0e19\u0e40\u0e21\u0e37\u0e2d\u0e07", "district": "\u0e40\u0e21\u0e37\u0e2d\u0e07\u0e40\u0e1e\u0e0a\u0e23\u0e1a\u0e39\u0e23\u0e13\u0e4c", "province": "\u0e40\u0e1e\u0e0a\u0e23\u0e1a\u0e39\u0e23\u0e13\u0e4c", "postcode": "67000", "renovate": false}, {"name": "\u0e0a\u0e38\u0e21\u0e0a\u0e19\u0e2a\u0e30\u0e40\u0e14\u0e35\u0e22\u0e07", "store_id": "02205", "address": "\u0e16.\u0e1a\u0e39\u0e23\u0e01\u0e23\u0e23\u0e21\u0e42\u0e01\u0e27\u0e34\u0e17 \u0e15.\u0e43\u0e19\u0e40\u0e21\u0e37\u0e2d\u0e07 \u0e2d.\u0e40\u0e21\u0e37\u0e2d\u0e07\u0e40\u0e1e\u0e0a\u0e23\u0e1a\u0e39\u0e23\u0e13\u0e4c \u0e40\u0e1e\u0e0a\u0e23\u0e1a\u0e39\u0e23\u0e13\u0e4c", "lat": 16.422006, "lng": 101.142488, "subdistrict": "\u0e43\u0e19\u0e40\u0e21\u0e37\u0e2d\u0e07", "district": "\u0e40\u0e21\u0e37\u0e2d\u0e07\u0e40\u0e1e\u0e0a\u0e23\u0e1a\u0e39\u0e23\u0e13\u0e4c", "province": "\u0e40\u0e1e\u0e0a\u0e23\u0e1a\u0e39\u0e23\u0e13\u0e4c", "postcode": "67000", "renovate": false}, {"name": "\u0e15\u0e25\u0e32\u0e14\u0e42\u0e1e\u0e18\u0e34\u0e4c\u0e08\u0e31\u0e19\u0e17\u0e23\u0e4c (\u0e40\u0e1e\u0e0a\u0e23\u0e1a\u0e39\u0e23\u0e13\u0e4c)", "store_id": "03428", "address": "\u0e16.\u0e2a\u0e31\u0e19\u0e04\u0e39\u0e40\u0e21\u0e37\u0e2d\u0e07 \u0e15.\u0e43\u0e19\u0e40\u0e21\u0e37\u0e2d\u0e07 \u0e2d.\u0e40\u0e21\u0e37\u0e2d\u0e07\u0e40\u0e1e\u0e0a\u0e23\u0e1a\u0e39\u0e23\u0e13\u0e4c \u0e40\u0e1e\u0e0a\u0e23\u0e1a\u0e39\u0e23\u0e13\u0e4c", "lat": 16.41682667, "lng": 101.1540389, "subdistrict": "\u0e43\u0e19\u0e40\u0e21\u0e37\u0e2d\u0e07", "district": "\u0e40\u0e21\u0e37\u0e2d\u0e07\u0e40\u0e1e\u0e0a\u0e23\u0e1a\u0e39\u0e23\u0e13\u0e4c", "province": "\u0e40\u0e1e\u0e0a\u0e23\u0e1a\u0e39\u0e23\u0e13\u0e4c", "postcode": "67000", "renovate": false}, {"name": "\u0e17\u0e48\u0e32\u0e23\u0e16\u0e40\u0e1e\u0e0a\u0e23\u0e1b\u0e23\u0e30\u0e40\u0e2a\u0e23\u0e34\u0e10", "store_id": "07036", "address": "\u0e15.\u0e43\u0e19\u0e40\u0e21\u0e37\u0e2d\u0e07 \u0e2d.\u0e40\u0e21\u0e37\u0e2d\u0e07\u0e40\u0e1e\u0e0a\u0e23\u0e1a\u0e39\u0e23\u0e13\u0e4c \u0e40\u0e1e\u0e0a\u0e23\u0e1a\u0e39\u0e23\u0e13\u0e4c", "lat": 16.41759023, "lng": 101.15150846, "subdistrict": "\u0e43\u0e19\u0e40\u0e21\u0e37\u0e2d\u0e07", "district": "\u0e40\u0e21\u0e37\u0e2d\u0e07\u0e40\u0e1e\u0e0a\u0e23\u0e1a\u0e39\u0e23\u0e13\u0e4c", "province": "\u0e40\u0e1e\u0e0a\u0e23\u0e1a\u0e39\u0e23\u0e13\u0e4c", "postcode": "67000", "renovate": false}, {"name": "\u0e19\u0e38\u0e01\u0e39\u0e25\u0e19\u0e32\u0e23\u0e35", "store_id": "01231", "address": "\u0e16.\u0e2a\u0e32\u0e21\u0e31\u0e04\u0e04\u0e35\u0e0a\u0e31\u0e22 \u0e15.\u0e43\u0e19\u0e40\u0e21\u0e37\u0e2d\u0e07 \u0e2d.\u0e40\u0e21\u0e37\u0e2d\u0e07\u0e40\u0e1e\u0e0a\u0e23\u0e1a\u0e39\u0e23\u0e13\u0e4c \u0e40\u0e1e\u0e0a\u0e23\u0e1a\u0e39\u0e23\u0e13\u0e4c", "lat": 16.42722094, "lng": 101.15416922, "subdistrict": "\u0e43\u0e19\u0e40\u0e21\u0e37\u0e2d\u0e07", "district": "\u0e40\u0e21\u0e37\u0e2d\u0e07\u0e40\u0e1e\u0e0a\u0e23\u0e1a\u0e39\u0e23\u0e13\u0e4c", "province": "\u0e40\u0e1e\u0e0a\u0e23\u0e1a\u0e39\u0e23\u0e13\u0e4c", "postcode": "67000", "renovate": false}, {"name": "\u0e40\u0e1e\u0e0a\u0e23\u0e1a\u0e39\u0e23\u0e13\u0e4c", "store_id": "00494", "address": "\u0e16.\u0e40\u0e1e\u0e0a\u0e23\u0e40\u0e08\u0e23\u0e34\u0e0d \u0e15.\u0e43\u0e19\u0e40\u0e21\u0e37\u0e2d\u0e07 \u0e2d.\u0e40\u0e21\u0e37\u0e2d\u0e07\u0e40\u0e1e\u0e0a\u0e23\u0e1a\u0e39\u0e23\u0e13\u0e4c \u0e40\u0e1e\u0e0a\u0e23\u0e1a\u0e39\u0e23\u0e13\u0e4c", "lat": 16.41909958, "lng": 101.15407288, "subdistrict": "\u0e43\u0e19\u0e40\u0e21\u0e37\u0e2d\u0e07", "district": "\u0e40\u0e21\u0e37\u0e2d\u0e07\u0e40\u0e1e\u0e0a\u0e23\u0e1a\u0e39\u0e23\u0e13\u0e4c", "province": "\u0e40\u0e1e\u0e0a\u0e23\u0e1a\u0e39\u0e23\u0e13\u0e4c", "postcode": "67000", "renovate": false}, {"name": "\u0e40\u0e21\u0e37\u0e2d\u0e07\u0e40\u0e1e\u0e0a\u0e23\u0e1e\u0e31\u0e12\u0e19\u0e32", "store_id": "04606", "address": "\u0e16.\u0e40\u0e1e\u0e0a\u0e23\u0e23\u0e31\u0e15\u0e19\u0e4c \u0e15.\u0e43\u0e19\u0e40\u0e21\u0e37\u0e2d\u0e07 \u0e2d.\u0e40\u0e21\u0e37\u0e2d\u0e07\u0e40\u0e1e\u0e0a\u0e23\u0e1a\u0e39\u0e23\u0e13\u0e4c \u0e40\u0e1e\u0e0a\u0e23\u0e1a\u0e39\u0e23\u0e13\u0e4c", "lat": 16.422431, "lng": 101.157517, "subdistrict": "\u0e43\u0e19\u0e40\u0e21\u0e37\u0e2d\u0e07", "district": "\u0e40\u0e21\u0e37\u0e2d\u0e07\u0e40\u0e1e\u0e0a\u0e23\u0e1a\u0e39\u0e23\u0e13\u0e4c", "province": "\u0e40\u0e1e\u0e0a\u0e23\u0e1a\u0e39\u0e23\u0e13\u0e4c", "postcode": "6700", "renovate": false}, {"name": "\u0e2b\u0e49\u0e27\u0e22\u0e1c\u0e31\u0e01\u0e44\u0e25", "store_id": "15177", "address": "\u0e0b.- \u0e16.- \u0e15.\u0e1a\u0e49\u0e32\u0e19\u0e42\u0e04\u0e01 \u0e2d.\u0e40\u0e21\u0e37\u0e2d\u0e07\u0e40\u0e1e\u0e0a\u0e23\u0e1a\u0e39\u0e23\u0e13\u0e4c \u0e40\u0e1e\u0e0a\u0e23\u0e1a\u0e39\u0e23\u0e13\u0e4c", "lat": 16.4428137, "lng": 101.25315696, "subdistrict": "\u0e1a\u0e49\u0e32\u0e19\u0e42\u0e04\u0e01", "district": "\u0e40\u0e21\u0e37\u0e2d\u0e07\u0e40\u0e1e\u0e0a\u0e23\u0e1a\u0e39\u0e23\u0e13\u0e4c", "province": "\u0e40\u0e1e\u0e0a\u0e23\u0e1a\u0e39\u0e23\u0e13\u0e4c", "postcode": "67000", "renovate": false}, {"name": "\u0e1b\u0e15\u0e17.\u0e40\u0e21\u0e37\u0e2d\u0e07\u0e40\u0e1e\u0e0a\u0e23\u0e1a\u0e39\u0e23\u0e13\u0e4c(\u0e02\u0e32\u0e40\u0e02\u0e49\u0e32)", "store_id": "14089", "address": "\u0e15.\u0e1a\u0e49\u0e32\u0e19\u0e42\u0e15\u0e01 \u0e2d.\u0e40\u0e21\u0e37\u0e2d\u0e07\u0e40\u0e1e\u0e0a\u0e23\u0e1a\u0e39\u0e23\u0e13\u0e4c \u0e40\u0e1e\u0e0a\u0e23\u0e1a\u0e39\u0e23\u0e13\u0e4c", "lat": 16.38323825, "lng": 101.12231712, "subdistrict": "\u0e1a\u0e49\u0e32\u0e19\u0e42\u0e15\u0e01", "district": "\u0e40\u0e21\u0e37\u0e2d\u0e07\u0e40\u0e1e\u0e0a\u0e23\u0e1a\u0e39\u0e23\u0e13\u0e4c", "province": "\u0e40\u0e1e\u0e0a\u0e23\u0e1a\u0e39\u0e23\u0e13\u0e4c", "postcode": "67000", "renovate": false}, {"name": "\u0e15\u0e25\u0e32\u0e14\u0e40\u0e17\u0e28\u0e1a\u0e32\u0e25\u0e27\u0e31\u0e07\u0e0a\u0e21\u0e20\u0e39", "store_id": "07894", "address": "\u0e15.\u0e27\u0e31\u0e07\u0e0a\u0e21\u0e20\u0e39 \u0e2d.\u0e40\u0e21\u0e37\u0e2d\u0e07\u0e40\u0e1e\u0e0a\u0e23\u0e1a\u0e39\u0e23\u0e13\u0e4c \u0e40\u0e1e\u0e0a\u0e23\u0e1a\u0e39\u0e23\u0e13\u0e4c", "lat": 16.26288649, "lng": 101.04629779, "subdistrict": "\u0e27\u0e31\u0e07\u0e0a\u0e21\u0e20\u0e39", "district": "\u0e40\u0e21\u0e37\u0e2d\u0e07\u0e40\u0e1e\u0e0a\u0e23\u0e1a\u0e39\u0e23\u0e13\u0e4c", "province": "\u0e40\u0e1e\u0e0a\u0e23\u0e1a\u0e39\u0e23\u0e13\u0e4c", "postcode": "67210", "renovate": false}, {"name": "\u0e41\u0e22\u0e01\u0e27\u0e31\u0e07\u0e0a\u0e21\u0e20\u0e39-\u0e40\u0e1e\u0e0a\u0e23\u0e1a\u0e39\u0e23\u0e13\u0e4c", "store_id": "14521", "address": "\u0e15.\u0e27\u0e31\u0e07\u0e0a\u0e21\u0e20\u0e39 \u0e2d.\u0e40\u0e21\u0e37\u0e2d\u0e07\u0e40\u0e1e\u0e0a\u0e23\u0e1a\u0e39\u0e23\u0e13\u0e4c \u0e40\u0e1e\u0e0a\u0e23\u0e1a\u0e39\u0e23\u0e13\u0e4c", "lat": 16.26430099, "lng": 101.04469816, "subdistrict": "\u0e27\u0e31\u0e07\u0e0a\u0e21\u0e20\u0e39", "district": "\u0e40\u0e21\u0e37\u0e2d\u0e07\u0e40\u0e1e\u0e0a\u0e23\u0e1a\u0e39\u0e23\u0e13\u0e4c", "province": "\u0e40\u0e1e\u0e0a\u0e23\u0e1a\u0e39\u0e23\u0e13\u0e4c", "postcode": "67210", "renovate": false}, {"name": "\u0e0a\u0e38\u0e21\u0e0a\u0e19\u0e2b\u0e19\u0e49\u0e32\u0e04\u0e48\u0e32\u0e22\u0e1e\u0e48\u0e2d\u0e02\u0e38\u0e19\u0e1c\u0e32\u0e40\u0e21\u0e37\u0e2d\u0e07", "store_id": "13713", "address": "\u0e15.\u0e2a\u0e30\u0e40\u0e14\u0e35\u0e22\u0e07 \u0e2d.\u0e40\u0e21\u0e37\u0e2d\u0e07\u0e40\u0e1e\u0e0a\u0e23\u0e1a\u0e39\u0e23\u0e13\u0e4c \u0e40\u0e1e\u0e0a\u0e23\u0e1a\u0e39\u0e23\u0e13\u0e4c", "lat": 16.3992645, "lng": 101.14050998, "subdistrict": "\u0e2a\u0e30\u0e40\u0e14\u0e35\u0e22\u0e07", "district": "\u0e40\u0e21\u0e37\u0e2d\u0e07\u0e40\u0e1e\u0e0a\u0e23\u0e1a\u0e39\u0e23\u0e13\u0e4c", "province": "\u0e40\u0e1e\u0e0a\u0e23\u0e1a\u0e39\u0e23\u0e13\u0e4c", "postcode": "67000", "renovate": false}, {"name": "PTTOR \u0e1b\u0e32\u0e01\u0e19\u0e49\u0e33\u0e40\u0e1e\u0e0a\u0e23\u0e1a\u0e39\u0e23\u0e13\u0e4c", "store_id": "16168", "address": "\u0e15.\u0e2a\u0e30\u0e40\u0e14\u0e35\u0e22\u0e07 \u0e2d.\u0e40\u0e21\u0e37\u0e2d\u0e07\u0e40\u0e1e\u0e0a\u0e23\u0e1a\u0e39\u0e23\u0e13\u0e4c \u0e40\u0e1e\u0e0a\u0e23\u0e1a\u0e39\u0e23\u0e13\u0e4c", "lat": 16.39829315, "lng": 101.16857133, "subdistrict": "\u0e2a\u0e30\u0e40\u0e14\u0e35\u0e22\u0e07", "district": "\u0e40\u0e21\u0e37\u0e2d\u0e07\u0e40\u0e1e\u0e0a\u0e23\u0e1a\u0e39\u0e23\u0e13\u0e4c", "province": "\u0e40\u0e1e\u0e0a\u0e23\u0e1a\u0e39\u0e23\u0e13\u0e4c", "postcode": "67000", "renovate": false}, {"name": "PTTOR \u0e40\u0e1e\u0e0a\u0e23\u0e1a\u0e38\u0e23\u0e30", "store_id": "14788", "address": "\u0e0b.- \u0e16.- \u0e15.\u0e2a\u0e30\u0e40\u0e14\u0e35\u0e22\u0e07 \u0e2d.\u0e40\u0e21\u0e37\u0e2d\u0e07\u0e40\u0e1e\u0e0a\u0e23\u0e1a\u0e39\u0e23\u0e13\u0e4c \u0e40\u0e1e\u0e0a\u0e23\u0e1a\u0e39\u0e23\u0e13\u0e4c", "lat": 16.42555338, "lng": 101.14747315, "subdistrict": "\u0e2a\u0e30\u0e40\u0e14\u0e35\u0e22\u0e07", "district": "\u0e40\u0e21\u0e37\u0e2d\u0e07\u0e40\u0e1e\u0e0a\u0e23\u0e1a\u0e39\u0e23\u0e13\u0e4c", "province": "\u0e40\u0e1e\u0e0a\u0e23\u0e1a\u0e39\u0e23\u0e13\u0e4c", "postcode": "67000", "renovate": false}, {"name": "PTTOR \u0e21.\u0e23\u0e32\u0e0a\u0e20\u0e31\u0e0e\u0e40\u0e1e\u0e0a\u0e23\u0e1a\u0e39\u0e23\u0e13\u0e4c", "store_id": "10105", "address": "\u0e15.\u0e2a\u0e30\u0e40\u0e14\u0e35\u0e22\u0e07 \u0e2d.\u0e40\u0e21\u0e37\u0e2d\u0e07\u0e40\u0e1e\u0e0a\u0e23\u0e1a\u0e39\u0e23\u0e13\u0e4c \u0e40\u0e1e\u0e0a\u0e23\u0e1a\u0e39\u0e23\u0e13\u0e4c", "lat": 16.45364033, "lng": 101.15363135, "subdistrict": "\u0e2a\u0e30\u0e40\u0e14\u0e35\u0e22\u0e07", "district": "\u0e40\u0e21\u0e37\u0e2d\u0e07\u0e40\u0e1e\u0e0a\u0e23\u0e1a\u0e39\u0e23\u0e13\u0e4c", "province": "\u0e40\u0e1e\u0e0a\u0e23\u0e1a\u0e39\u0e23\u0e13\u0e4c", "postcode": "67000", "renovate": false}, {"name": "\u0e1b\u0e15\u0e17.\u0e2b\u0e49\u0e27\u0e22\u0e2a\u0e30\u0e41\u0e01(\u0e40\u0e1e\u0e0a\u0e23\u0e1a\u0e39\u0e23\u0e13\u0e4c)", "store_id": "05517", "address": "\u0e15.\u0e2b\u0e49\u0e27\u0e22\u0e2a\u0e30\u0e41\u0e01 \u0e2d.\u0e40\u0e21\u0e37\u0e2d\u0e07\u0e40\u0e1e\u0e0a\u0e23\u0e1a\u0e39\u0e23\u0e13\u0e4c \u0e40\u0e1e\u0e0a\u0e23\u0e1a\u0e39\u0e23\u0e13\u0e4c", "lat": 16.20383935, "lng": 101.08933018, "subdistrict": "\u0e2b\u0e49\u0e27\u0e22\u0e2a\u0e30\u0e41\u0e01", "district": "\u0e40\u0e21\u0e37\u0e2d\u0e07\u0e40\u0e1e\u0e0a\u0e23\u0e1a\u0e39\u0e23\u0e13\u0e4c", "province": "\u0e40\u0e1e\u0e0a\u0e23\u0e1a\u0e39\u0e23\u0e13\u0e4c", "postcode": "67210", "renovate": false}, {"name": "\u0e15\u0e33\u0e1a\u0e25\u0e17\u0e49\u0e32\u0e22\u0e14\u0e07", "store_id": "16936", "address": "\u0e15.\u0e17\u0e49\u0e32\u0e22\u0e14\u0e07 \u0e2d.\u0e27\u0e31\u0e07\u0e42\u0e1b\u0e48\u0e07 \u0e40\u0e1e\u0e0a\u0e23\u0e1a\u0e39\u0e23\u0e13\u0e4c", "lat": 16.31587008, "lng": 100.72399936, "subdistrict": "\u0e17\u0e49\u0e32\u0e22\u0e14\u0e07", "district": "\u0e27\u0e31\u0e07\u0e42\u0e1b\u0e48\u0e07", "province": "\u0e40\u0e1e\u0e0a\u0e23\u0e1a\u0e39\u0e23\u0e13\u0e4c", "postcode": "67240", "renovate": false}, {"name": "\u0e15\u0e25\u0e32\u0e14\u0e27\u0e31\u0e07\u0e42\u0e1b\u0e48\u0e07", "store_id": "08722", "address": "\u0e15.\u0e27\u0e31\u0e07\u0e42\u0e1b\u0e48\u0e07 \u0e2d.\u0e27\u0e31\u0e07\u0e42\u0e1b\u0e48\u0e07 \u0e40\u0e1e\u0e0a\u0e23\u0e1a\u0e39\u0e23\u0e13\u0e4c", "lat": 16.3295597, "lng": 100.79929278, "subdistrict": "\u0e27\u0e31\u0e07\u0e42\u0e1b\u0e48\u0e07", "district": "\u0e27\u0e31\u0e07\u0e42\u0e1b\u0e48\u0e07", "province": "\u0e40\u0e1e\u0e0a\u0e23\u0e1a\u0e39\u0e23\u0e13\u0e4c", "postcode": "67240", "renovate": false}, {"name": "\u0e15\u0e25\u0e32\u0e14\u0e42\u0e04\u0e01\u0e1b\u0e23\u0e07", "store_id": "15912", "address": "\u0e0b.- \u0e15.\u0e42\u0e04\u0e01\u0e1b\u0e23\u0e07 \u0e2d.\u0e27\u0e34\u0e40\u0e0a\u0e35\u0e22\u0e23\u0e1a\u0e38\u0e23\u0e35 \u0e40\u0e1e\u0e0a\u0e23\u0e1a\u0e39\u0e23\u0e13\u0e4c", "lat": 15.74798513, "lng": 101.15944594, "subdistrict": "\u0e42\u0e04\u0e01\u0e1b\u0e23\u0e07", "district": "\u0e27\u0e34\u0e40\u0e0a\u0e35\u0e22\u0e23\u0e1a\u0e38\u0e23\u0e35", "province": "\u0e40\u0e1e\u0e0a\u0e23\u0e1a\u0e39\u0e23\u0e13\u0e4c", "postcode": "67130", "renovate": false}, {"name": "\u0e1e\u0e34\u0e21\u0e25\u0e09\u0e31\u0e15\u0e23\u0e40\u0e0b\u0e47\u0e19\u0e40\u0e15\u0e2d\u0e23\u0e4c (\u0e27\u0e34\u0e40\u0e0a\u0e35\u0e22\u0e23\u0e1a\u0e38\u0e23\u0e35)", "store_id": "07773", "address": "\u0e16.\u0e21\u0e23\u0e01\u0e15 \u0e15.\u0e17\u0e48\u0e32\u0e42\u0e23\u0e07 \u0e2d.\u0e27\u0e34\u0e40\u0e0a\u0e35\u0e22\u0e23\u0e1a\u0e38\u0e23\u0e35 \u0e40\u0e1e\u0e0a\u0e23\u0e1a\u0e39\u0e23\u0e13\u0e4c", "lat": 15.66145432, "lng": 101.11111445, "subdistrict": "\u0e17\u0e48\u0e32\u0e42\u0e23\u0e07", "district": "\u0e27\u0e34\u0e40\u0e0a\u0e35\u0e22\u0e23\u0e1a\u0e38\u0e23\u0e35", "province": "\u0e40\u0e1e\u0e0a\u0e23\u0e1a\u0e39\u0e23\u0e13\u0e4c", "postcode": "67130", "renovate": false}, {"name": "\u0e27\u0e34\u0e40\u0e0a\u0e35\u0e22\u0e23\u0e1a\u0e38\u0e23\u0e35", "store_id": "01056", "address": "\u0e16.\u0e21\u0e23\u0e01\u0e15 \u0e15.\u0e17\u0e48\u0e32\u0e42\u0e23\u0e07 \u0e2d.\u0e27\u0e34\u0e40\u0e0a\u0e35\u0e22\u0e23\u0e1a\u0e38\u0e23\u0e35 \u0e40\u0e1e\u0e0a\u0e23\u0e1a\u0e39\u0e23\u0e13\u0e4c", "lat": 15.660906, "lng": 101.11132729, "subdistrict": "\u0e17\u0e48\u0e32\u0e42\u0e23\u0e07", "district": "\u0e27\u0e34\u0e40\u0e0a\u0e35\u0e22\u0e23\u0e1a\u0e38\u0e23\u0e35", "province": "\u0e40\u0e1e\u0e0a\u0e23\u0e1a\u0e39\u0e23\u0e13\u0e4c", "postcode": "67130", "renovate": false}, {"name": "\u0e2b\u0e19\u0e49\u0e32\u0e28\u0e39\u0e19\u0e22\u0e4c\u0e23\u0e32\u0e0a\u0e01\u0e32\u0e23\u0e27\u0e34\u0e40\u0e0a\u0e35\u0e22\u0e23\u0e1a\u0e38\u0e23\u0e35", "store_id": "13948", "address": "\u0e0b.- \u0e16.- \u0e15.\u0e17\u0e48\u0e32\u0e42\u0e23\u0e07 \u0e2d.\u0e27\u0e34\u0e40\u0e0a\u0e35\u0e22\u0e23\u0e1a\u0e38\u0e23\u0e35 \u0e40\u0e1e\u0e0a\u0e23\u0e1a\u0e39\u0e23\u0e13\u0e4c", "lat": 15.65612384, "lng": 101.10504806, "subdistrict": "\u0e17\u0e48\u0e32\u0e42\u0e23\u0e07", "district": "\u0e27\u0e34\u0e40\u0e0a\u0e35\u0e22\u0e23\u0e1a\u0e38\u0e23\u0e35", "province": "\u0e40\u0e1e\u0e0a\u0e23\u0e1a\u0e39\u0e23\u0e13\u0e4c", "postcode": "67130", "renovate": false}, {"name": "PTTOR \u0e15\u0e25\u0e32\u0e14\u0e27\u0e34\u0e40\u0e0a\u0e35\u0e22\u0e23\u0e1a\u0e38\u0e23\u0e35", "store_id": "16413", "address": "\u0e15.\u0e17\u0e48\u0e32\u0e42\u0e23\u0e07 \u0e2d.\u0e27\u0e34\u0e40\u0e0a\u0e35\u0e22\u0e23\u0e1a\u0e38\u0e23\u0e35 \u0e40\u0e1e\u0e0a\u0e23\u0e1a\u0e39\u0e23\u0e13\u0e4c", "lat": 15.65747212, "lng": 101.10903952, "subdistrict": "\u0e17\u0e48\u0e32\u0e42\u0e23\u0e07", "district": "\u0e27\u0e34\u0e40\u0e0a\u0e35\u0e22\u0e23\u0e1a\u0e38\u0e23\u0e35", "province": "\u0e40\u0e1e\u0e0a\u0e23\u0e1a\u0e39\u0e23\u0e13\u0e4c", "postcode": "67130", "renovate": false}, {"name": "\u0e1a\u0e48\u0e2d\u0e23\u0e31\u0e07 \u0e27\u0e34\u0e40\u0e0a\u0e35\u0e22\u0e23\u0e1a\u0e38\u0e23\u0e35", "store_id": "17603", "address": "\u0e15.\u0e1a\u0e48\u0e2d\u0e23\u0e31\u0e07 \u0e2d.\u0e27\u0e34\u0e40\u0e0a\u0e35\u0e22\u0e23\u0e1a\u0e38\u0e23\u0e35 \u0e40\u0e1e\u0e0a\u0e23\u0e1a\u0e39\u0e23\u0e13\u0e4c", "lat": 15.60293678, "lng": 101.17821214, "subdistrict": "\u0e1a\u0e48\u0e2d\u0e23\u0e31\u0e07", "district": "\u0e27\u0e34\u0e40\u0e0a\u0e35\u0e22\u0e23\u0e1a\u0e38\u0e23\u0e35", "province": "\u0e40\u0e1e\u0e0a\u0e23\u0e1a\u0e39\u0e23\u0e13\u0e4c", "postcode": "67130", "renovate": false}, {"name": "\u0e15\u0e25\u0e32\u0e14\u0e1e\u0e38\u0e40\u0e15\u0e22", "store_id": "08666", "address": "\u0e15.\u0e1e\u0e38\u0e40\u0e15\u0e22 \u0e2d.\u0e27\u0e34\u0e40\u0e0a\u0e35\u0e22\u0e23\u0e1a\u0e38\u0e23\u0e35 \u0e40\u0e1e\u0e0a\u0e23\u0e1a\u0e39\u0e23\u0e13\u0e4c", "lat": 15.5758172, "lng": 101.06452188, "subdistrict": "\u0e1e\u0e38\u0e40\u0e15\u0e22", "district": "\u0e27\u0e34\u0e40\u0e0a\u0e35\u0e22\u0e23\u0e1a\u0e38\u0e23\u0e35", "province": "\u0e40\u0e1e\u0e0a\u0e23\u0e1a\u0e39\u0e23\u0e13\u0e4c", "postcode": "67180", "renovate": false}, {"name": "\u0e40\u0e17\u0e28\u0e1a\u0e32\u0e25\u0e1e\u0e38\u0e40\u0e15\u0e22", "store_id": "14407", "address": "\u0e0b.- \u0e16.- \u0e15.\u0e1e\u0e38\u0e40\u0e15\u0e22 \u0e2d.\u0e27\u0e34\u0e40\u0e0a\u0e35\u0e22\u0e23\u0e1a\u0e38\u0e23\u0e35 \u0e40\u0e1e\u0e0a\u0e23\u0e1a\u0e39\u0e23\u0e13\u0e4c", "lat": 15.57369376, "lng": 101.06288812, "subdistrict": "\u0e1e\u0e38\u0e40\u0e15\u0e22", "district": "\u0e27\u0e34\u0e40\u0e0a\u0e35\u0e22\u0e23\u0e1a\u0e38\u0e23\u0e35", "province": "\u0e40\u0e1e\u0e0a\u0e23\u0e1a\u0e39\u0e23\u0e13\u0e4c", "postcode": "67180", "renovate": false}, {"name": "\u0e1b\u0e15\u0e17.\u0e27\u0e34\u0e40\u0e0a\u0e35\u0e22\u0e23\u0e1a\u0e38\u0e23\u0e35", "store_id": "08870", "address": "\u0e15.\u0e2a\u0e23\u0e30\u0e1b\u0e23\u0e30\u0e14\u0e39\u0e48 \u0e2d.\u0e27\u0e34\u0e40\u0e0a\u0e35\u0e22\u0e23\u0e1a\u0e38\u0e23\u0e35 \u0e40\u0e1e\u0e0a\u0e23\u0e1a\u0e39\u0e23\u0e13\u0e4c", "lat": 15.6554812, "lng": 101.03987058, "subdistrict": "\u0e2a\u0e23\u0e30\u0e1b\u0e23\u0e30\u0e14\u0e39\u0e48", "district": "\u0e27\u0e34\u0e40\u0e0a\u0e35\u0e22\u0e23\u0e1a\u0e38\u0e23\u0e35", "province": "\u0e40\u0e1e\u0e0a\u0e23\u0e1a\u0e39\u0e23\u0e13\u0e4c", "postcode": "67130", "renovate": false}, {"name": "\u0e1b\u0e15\u0e17.\u0e28\u0e23\u0e35\u0e40\u0e17\u0e1e", "store_id": "10665", "address": "\u0e15.\u0e42\u0e04\u0e01\u0e2a\u0e30\u0e2d\u0e32\u0e14 \u0e2d.\u0e28\u0e23\u0e35\u0e40\u0e17\u0e1e \u0e40\u0e1e\u0e0a\u0e23\u0e1a\u0e39\u0e23\u0e13\u0e4c", "lat": 15.48198758, "lng": 101.0587193, "subdistrict": "\u0e42\u0e04\u0e01\u0e2a\u0e30\u0e2d\u0e32\u0e14", "district": "\u0e28\u0e23\u0e35\u0e40\u0e17\u0e1e", "province": "\u0e40\u0e1e\u0e0a\u0e23\u0e1a\u0e39\u0e23\u0e13\u0e4c", "postcode": "67170", "renovate": false}, {"name": "\u0e15\u0e25\u0e32\u0e14\u0e28\u0e23\u0e35\u0e40\u0e17\u0e1e\u0e1e\u0e31\u0e12\u0e19\u0e32", "store_id": "08648", "address": "\u0e16.\u0e04\u0e0a\u0e40\u0e2a\u0e19\u0e35\u0e22\u0e4c \u0e15.\u0e2a\u0e23\u0e30\u0e01\u0e23\u0e27\u0e14 \u0e2d.\u0e28\u0e23\u0e35\u0e40\u0e17\u0e1e \u0e40\u0e1e\u0e0a\u0e23\u0e1a\u0e39\u0e23\u0e13\u0e4c", "lat": 15.43945, "lng": 101.069216, "subdistrict": "\u0e2a\u0e23\u0e30\u0e01\u0e23\u0e27\u0e14", "district": "\u0e28\u0e23\u0e35\u0e40\u0e17\u0e1e", "province": "\u0e40\u0e1e\u0e0a\u0e23\u0e1a\u0e39\u0e23\u0e13\u0e4c", "postcode": "67170", "renovate": false}, {"name": "\u0e1a\u0e49\u0e32\u0e19\u0e01\u0e25\u0e32\u0e07\u0e28\u0e23\u0e35\u0e40\u0e17\u0e1e", "store_id": "05158", "address": "\u0e15.\u0e2a\u0e23\u0e30\u0e01\u0e23\u0e27\u0e14 \u0e2d.\u0e28\u0e23\u0e35\u0e40\u0e17\u0e1e \u0e40\u0e1e\u0e0a\u0e23\u0e1a\u0e39\u0e23\u0e13\u0e4c", "lat": 15.42990235, "lng": 101.07013079, "subdistrict": "\u0e2a\u0e23\u0e30\u0e01\u0e23\u0e27\u0e14", "district": "\u0e28\u0e23\u0e35\u0e40\u0e17\u0e1e", "province": "\u0e40\u0e1e\u0e0a\u0e23\u0e1a\u0e39\u0e23\u0e13\u0e4c", "postcode": "67170", "renovate": false}, {"name": "\u0e1a\u0e49\u0e32\u0e19\u0e19\u0e32\u0e15\u0e30\u0e01\u0e23\u0e38\u0e14 \u0e28\u0e23\u0e35\u0e40\u0e17\u0e1e", "store_id": "17728", "address": "\u0e15.\u0e28\u0e23\u0e35\u0e40\u0e17\u0e1e \u0e2d.\u0e28\u0e23\u0e35\u0e40\u0e17\u0e1e \u0e40\u0e1e\u0e0a\u0e23\u0e1a\u0e39\u0e23\u0e13\u0e4c", "lat": 15.42811065, "lng": 101.16326935, "subdistrict": "\u0e28\u0e23\u0e35\u0e40\u0e17\u0e1e", "district": "\u0e28\u0e23\u0e35\u0e40\u0e17\u0e1e", "province": "\u0e40\u0e1e\u0e0a\u0e23\u0e1a\u0e39\u0e23\u0e13\u0e4c", "postcode": "67170", "renovate": false}, {"name": "\u0e1a\u0e49\u0e32\u0e19\u0e2b\u0e19\u0e2d\u0e07\u0e1a\u0e31\u0e27\u0e40\u0e23\u0e34\u0e07", "store_id": "12094", "address": "\u0e15.\u0e2b\u0e19\u0e2d\u0e07\u0e22\u0e48\u0e32\u0e07\u0e17\u0e2d\u0e22 \u0e2d.\u0e28\u0e23\u0e35\u0e40\u0e17\u0e1e \u0e40\u0e1e\u0e0a\u0e23\u0e1a\u0e39\u0e23\u0e13\u0e4c", "lat": 15.4313025, "lng": 101.2213701, "subdistrict": "\u0e2b\u0e19\u0e2d\u0e07\u0e22\u0e48\u0e32\u0e07\u0e17\u0e2d\u0e22", "district": "\u0e28\u0e23\u0e35\u0e40\u0e17\u0e1e", "province": "\u0e40\u0e1e\u0e0a\u0e23\u0e1a\u0e39\u0e23\u0e13\u0e4c", "postcode": "67170", "renovate": false}, {"name": "\u0e28\u0e23\u0e35\u0e40\u0e17\u0e1e", "store_id": "01562", "address": "\u0e16.\u0e2a\u0e23\u0e30\u0e1a\u0e38\u0e23\u0e35-\u0e2b\u0e25\u0e48\u0e21\u0e2a\u0e31\u0e01 \u0e15.\u0e2a\u0e23\u0e30\u0e01\u0e23\u0e27\u0e14 \u0e2d.\u0e28\u0e23\u0e35\u0e40\u0e17\u0e1e \u0e40\u0e1e\u0e0a\u0e23\u0e1a\u0e39\u0e23\u0e13\u0e4c", "lat": 15.43334967, "lng": 101.07041521, "subdistrict": "\u0e2a\u0e23\u0e30\u0e01\u0e23\u0e27\u0e14", "district": "\u0e28\u0e23\u0e35\u0e40\u0e17\u0e1e", "province": "\u0e40\u0e1e\u0e0a\u0e23\u0e1a\u0e39\u0e23\u0e13\u0e4c", "postcode": "67120", "renovate": false}, {"name": "PTTOR \u0e2a\u0e23\u0e30\u0e01\u0e23\u0e27\u0e14 \u0e28\u0e23\u0e35\u0e40\u0e17\u0e1e", "store_id": "17202", "address": "\u0e15.\u0e2a\u0e23\u0e30\u0e01\u0e23\u0e27\u0e14 \u0e2d.\u0e28\u0e23\u0e35\u0e40\u0e17\u0e1e \u0e40\u0e1e\u0e0a\u0e23\u0e1a\u0e39\u0e23\u0e13\u0e4c", "lat": 15.446029, "lng": 101.067559, "subdistrict": "\u0e2a\u0e23\u0e30\u0e01\u0e23\u0e27\u0e14", "district": "\u0e28\u0e23\u0e35\u0e40\u0e17\u0e1e", "province": "\u0e40\u0e1e\u0e0a\u0e23\u0e1a\u0e39\u0e23\u0e13\u0e4c", "postcode": "67170", "renovate": false}, {"name": "\u0e1a\u0e49\u0e32\u0e19\u0e17\u0e48\u0e32\u0e41\u0e14\u0e07(\u0e2b\u0e19\u0e2d\u0e07\u0e44\u0e1c\u0e48)", "store_id": "11388", "address": "\u0e15.\u0e17\u0e48\u0e32\u0e41\u0e14\u0e07 \u0e2d.\u0e2b\u0e19\u0e2d\u0e07\u0e44\u0e1c\u0e48 \u0e40\u0e1e\u0e0a\u0e23\u0e1a\u0e39\u0e23\u0e13\u0e4c", "lat": 15.99376886, "lng": 101.16937751, "subdistrict": "\u0e17\u0e48\u0e32\u0e41\u0e14\u0e07", "district": "\u0e2b\u0e19\u0e2d\u0e07\u0e44\u0e1c\u0e48", "province": "\u0e40\u0e1e\u0e0a\u0e23\u0e1a\u0e39\u0e23\u0e13\u0e4c", "postcode": "67140", "renovate": false}, {"name": "\u0e40\u0e17\u0e28\u0e1a\u0e32\u0e25\u0e19\u0e32\u0e40\u0e09\u0e25\u0e35\u0e22\u0e07", "store_id": "18299", "address": "\u0e15.\u0e22\u0e32\u0e07\u0e07\u0e32\u0e21 \u0e2d.\u0e2b\u0e19\u0e2d\u0e07\u0e44\u0e1c\u0e48 \u0e40\u0e1e\u0e0a\u0e23\u0e1a\u0e39\u0e23\u0e13\u0e4c", "lat": 16.08011098, "lng": 101.05661276, "subdistrict": "\u0e22\u0e32\u0e07\u0e07\u0e32\u0e21", "district": "\u0e2b\u0e19\u0e2d\u0e07\u0e44\u0e1c\u0e48", "province": "\u0e40\u0e1e\u0e0a\u0e23\u0e1a\u0e39\u0e23\u0e13\u0e4c", "postcode": "67220", "renovate": false}, {"name": "\u0e19\u0e32\u0e40\u0e09\u0e25\u0e35\u0e22\u0e07", "store_id": "01561", "address": "\u0e16.\u0e2a\u0e23\u0e30\u0e1a\u0e38\u0e23\u0e35-\u0e2b\u0e25\u0e48\u0e21\u0e2a\u0e31\u0e01 \u0e15.\u0e19\u0e32\u0e40\u0e09\u0e25\u0e35\u0e22\u0e07 \u0e2d.\u0e2b\u0e19\u0e2d\u0e07\u0e44\u0e1c\u0e48 \u0e40\u0e1e\u0e0a\u0e23\u0e1a\u0e39\u0e23\u0e13\u0e4c", "lat": 16.08078752, "lng": 101.05902524, "subdistrict": "\u0e19\u0e32\u0e40\u0e09\u0e25\u0e35\u0e22\u0e07", "district": "\u0e2b\u0e19\u0e2d\u0e07\u0e44\u0e1c\u0e48", "province": "\u0e40\u0e1e\u0e0a\u0e23\u0e1a\u0e39\u0e23\u0e13\u0e4c", "postcode": "67220", "renovate": false}, {"name": "\u0e1a\u0e49\u0e32\u0e19\u0e42\u0e20\u0e0a\u0e19\u0e4c (\u0e2b\u0e19\u0e2d\u0e07\u0e44\u0e1c\u0e48)", "store_id": "09540", "address": "\u0e15.\u0e1a\u0e49\u0e32\u0e19\u0e42\u0e20\u0e0a\u0e19\u0e4c \u0e2d.\u0e2b\u0e19\u0e2d\u0e07\u0e44\u0e1c\u0e48 \u0e40\u0e1e\u0e0a\u0e23\u0e1a\u0e39\u0e23\u0e13\u0e4c", "lat": 15.91410723, "lng": 101.02691739, "subdistrict": "\u0e1a\u0e49\u0e32\u0e19\u0e42\u0e20\u0e0a\u0e19\u0e4c", "district": "\u0e2b\u0e19\u0e2d\u0e07\u0e44\u0e1c\u0e48", "province": "\u0e40\u0e1e\u0e0a\u0e23\u0e1a\u0e39\u0e23\u0e13\u0e4c", "postcode": "67140", "renovate": false}, {"name": "\u0e40\u0e1e\u0e0a\u0e23\u0e25\u0e30\u0e04\u0e23", "store_id": "16506", "address": "\u0e15.\u0e40\u0e1e\u0e0a\u0e23\u0e25\u0e30\u0e04\u0e23 \u0e2d.\u0e2b\u0e19\u0e2d\u0e07\u0e44\u0e1c\u0e48 \u0e40\u0e1e\u0e0a\u0e23\u0e1a\u0e39\u0e23\u0e13\u0e4c", "lat": 15.89950564, "lng": 101.1272487, "subdistrict": "\u0e40\u0e1e\u0e0a\u0e23\u0e25\u0e30\u0e04\u0e23", "district": "\u0e2b\u0e19\u0e2d\u0e07\u0e44\u0e1c\u0e48", "province": "\u0e40\u0e1e\u0e0a\u0e23\u0e1a\u0e39\u0e23\u0e13\u0e4c", "postcode": "67140", "renovate": false}, {"name": "\u0e1b\u0e15\u0e17.\u0e2b\u0e19\u0e2d\u0e07\u0e44\u0e1c\u0e48", "store_id": "07759", "address": "\u0e15.\u0e22\u0e32\u0e07\u0e07\u0e32\u0e21 \u0e2d.\u0e2b\u0e19\u0e2d\u0e07\u0e44\u0e1c\u0e48 \u0e40\u0e1e\u0e0a\u0e23\u0e1a\u0e39\u0e23\u0e13\u0e4c", "lat": 16.02180854, "lng": 101.07322047, "subdistrict": "\u0e22\u0e32\u0e07\u0e07\u0e32\u0e21", "district": "\u0e2b\u0e19\u0e2d\u0e07\u0e44\u0e1c\u0e48", "province": "\u0e40\u0e1e\u0e0a\u0e23\u0e1a\u0e39\u0e23\u0e13\u0e4c", "postcode": "67220", "renovate": false}, {"name": "\u0e2b\u0e19\u0e49\u0e32\u0e28\u0e39\u0e19\u0e22\u0e4c\u0e23\u0e32\u0e0a\u0e01\u0e32\u0e23\u0e2d\u0e33\u0e40\u0e20\u0e2d\u0e2b\u0e19\u0e2d\u0e07\u0e44\u0e1c\u0e48", "store_id": "10580", "address": "\u0e0b.- \u0e16.- \u0e15.\u0e2b\u0e19\u0e2d\u0e07\u0e44\u0e1c\u0e48 \u0e2d.\u0e2b\u0e19\u0e2d\u0e07\u0e44\u0e1c\u0e48 \u0e40\u0e1e\u0e0a\u0e23\u0e1a\u0e39\u0e23\u0e13\u0e4c", "lat": 15.98957272, "lng": 101.06399953, "subdistrict": "\u0e2b\u0e19\u0e2d\u0e07\u0e44\u0e1c\u0e48", "district": "\u0e2b\u0e19\u0e2d\u0e07\u0e44\u0e1c\u0e48", "province": "\u0e40\u0e1e\u0e0a\u0e23\u0e1a\u0e39\u0e23\u0e13\u0e4c", "postcode": "67140", "renovate": false}, {"name": "\u0e2d\u0e33\u0e40\u0e20\u0e2d\u0e2b\u0e19\u0e2d\u0e07\u0e44\u0e1c\u0e48", "store_id": "09029", "address": "\u0e15.\u0e2b\u0e19\u0e2d\u0e07\u0e44\u0e1c\u0e48 \u0e2d.\u0e2b\u0e19\u0e2d\u0e07\u0e44\u0e1c\u0e48 \u0e40\u0e1e\u0e0a\u0e23\u0e1a\u0e39\u0e23\u0e13\u0e4c", "lat": 15.98802435, "lng": 101.06295566, "subdistrict": "\u0e2b\u0e19\u0e2d\u0e07\u0e44\u0e1c\u0e48", "district": "\u0e2b\u0e19\u0e2d\u0e07\u0e44\u0e1c\u0e48", "province": "\u0e40\u0e1e\u0e0a\u0e23\u0e1a\u0e39\u0e23\u0e13\u0e4c", "postcode": "67140", "renovate": false}, {"name": "PTTOR \u0e2b\u0e19\u0e2d\u0e07\u0e44\u0e1c\u0e48 (\u0e02\u0e32\u0e2d\u0e2d\u0e01)", "store_id": "15463", "address": "\u0e0b.- \u0e16.- \u0e15.\u0e2b\u0e19\u0e2d\u0e07\u0e44\u0e1c\u0e48 \u0e2d.\u0e2b\u0e19\u0e2d\u0e07\u0e44\u0e1c\u0e48 \u0e40\u0e1e\u0e0a\u0e23\u0e1a\u0e39\u0e23\u0e13\u0e4c", "lat": 15.96756, "lng": 101.052863, "subdistrict": "\u0e2b\u0e19\u0e2d\u0e07\u0e44\u0e1c\u0e48", "district": "\u0e2b\u0e19\u0e2d\u0e07\u0e44\u0e1c\u0e48", "province": "\u0e40\u0e1e\u0e0a\u0e23\u0e1a\u0e39\u0e23\u0e13\u0e4c", "postcode": "67140", "renovate": false}, {"name": "\u0e01\u0e01\u0e01\u0e30\u0e17\u0e2d\u0e19", "store_id": "10650", "address": "\u0e15.\u0e19\u0e32\u0e0b\u0e33 \u0e2d.\u0e2b\u0e25\u0e48\u0e21\u0e40\u0e01\u0e48\u0e32 \u0e40\u0e1e\u0e0a\u0e23\u0e1a\u0e39\u0e23\u0e13\u0e4c", "lat": 16.99330179, "lng": 101.20007877, "subdistrict": "\u0e19\u0e32\u0e0b\u0e33", "district": "\u0e2b\u0e25\u0e48\u0e21\u0e40\u0e01\u0e48\u0e32", "province": "\u0e40\u0e1e\u0e0a\u0e23\u0e1a\u0e39\u0e23\u0e13\u0e4c", "postcode": "67120", "renovate": false}, {"name": "\u0e1b\u0e15\u0e17.\u0e19\u0e32\u0e0b\u0e33\u0e2b\u0e25\u0e48\u0e21\u0e40\u0e01\u0e48\u0e32", "store_id": "12156", "address": "\u0e15.\u0e19\u0e32\u0e0b\u0e33 \u0e2d.\u0e2b\u0e25\u0e48\u0e21\u0e40\u0e01\u0e48\u0e32 \u0e40\u0e1e\u0e0a\u0e23\u0e1a\u0e39\u0e23\u0e13\u0e4c", "lat": 16.98546563, "lng": 101.20173162, "subdistrict": "\u0e19\u0e32\u0e0b\u0e33", "district": "\u0e2b\u0e25\u0e48\u0e21\u0e40\u0e01\u0e48\u0e32", "province": "\u0e40\u0e1e\u0e0a\u0e23\u0e1a\u0e39\u0e23\u0e13\u0e4c", "postcode": "67120", "renovate": false}, {"name": "\u0e19\u0e32\u0e41\u0e0b\u0e07-\u0e2b\u0e25\u0e48\u0e21\u0e40\u0e01\u0e48\u0e32", "store_id": "15093", "address": "\u0e15.\u0e2b\u0e25\u0e48\u0e21\u0e40\u0e01\u0e48\u0e32 \u0e2d.\u0e2b\u0e25\u0e48\u0e21\u0e40\u0e01\u0e48\u0e32 \u0e40\u0e1e\u0e0a\u0e23\u0e1a\u0e39\u0e23\u0e13\u0e4c", "lat": 16.88096801, "lng": 101.22571417, "subdistrict": "\u0e2b\u0e25\u0e48\u0e21\u0e40\u0e01\u0e48\u0e32", "district": "\u0e2b\u0e25\u0e48\u0e21\u0e40\u0e01\u0e48\u0e32", "province": "\u0e40\u0e1e\u0e0a\u0e23\u0e1a\u0e39\u0e23\u0e13\u0e4c", "postcode": "67120", "renovate": false}, {"name": "\u0e1b\u0e15\u0e17.\u0e2b\u0e25\u0e48\u0e21\u0e40\u0e01\u0e48\u0e32", "store_id": "04389", "address": "\u0e15.\u0e19\u0e32\u0e41\u0e0b\u0e07 \u0e2d.\u0e2b\u0e25\u0e48\u0e21\u0e40\u0e01\u0e48\u0e32 \u0e40\u0e1e\u0e0a\u0e23\u0e1a\u0e39\u0e23\u0e13\u0e4c", "lat": 16.85937713, "lng": 101.24561318, "subdistrict": "\u0e19\u0e32\u0e41\u0e0b\u0e07", "district": "\u0e2b\u0e25\u0e48\u0e21\u0e40\u0e01\u0e48\u0e32", "province": "\u0e40\u0e1e\u0e0a\u0e23\u0e1a\u0e39\u0e23\u0e13\u0e4c", "postcode": "67120", "renovate": false}, {"name": "\u0e41\u0e22\u0e01\u0e17\u0e31\u0e1a\u0e40\u0e1a\u0e34\u0e01", "store_id": "10649", "address": "\u0e0b.- \u0e16.- \u0e15.\u0e1a\u0e49\u0e32\u0e19\u0e40\u0e19\u0e34\u0e19 \u0e2d.\u0e2b\u0e25\u0e48\u0e21\u0e40\u0e01\u0e48\u0e32 \u0e40\u0e1e\u0e0a\u0e23\u0e1a\u0e39\u0e23\u0e13\u0e4c", "lat": 16.87648158, "lng": 101.17193703, "subdistrict": "\u0e1a\u0e49\u0e32\u0e19\u0e40\u0e19\u0e34\u0e19", "district": "\u0e2b\u0e25\u0e48\u0e21\u0e40\u0e01\u0e48\u0e32", "province": "\u0e40\u0e1e\u0e0a\u0e23\u0e1a\u0e39\u0e23\u0e13\u0e4c", "postcode": "67120", "renovate": false}, {"name": "\u0e2b\u0e25\u0e48\u0e21\u0e40\u0e01\u0e48\u0e32", "store_id": "00969", "address": "\u0e16.\u0e19\u0e24\u0e1e\u0e31\u0e15\u0e23 \u0e15.\u0e2b\u0e25\u0e48\u0e21\u0e40\u0e01\u0e48\u0e32 \u0e2d.\u0e2b\u0e25\u0e48\u0e21\u0e40\u0e01\u0e48\u0e32 \u0e40\u0e1e\u0e0a\u0e23\u0e1a\u0e39\u0e23\u0e13\u0e4c", "lat": 16.88764535, "lng": 101.22668975, "subdistrict": "\u0e2b\u0e25\u0e48\u0e21\u0e40\u0e01\u0e48\u0e32", "district": "\u0e2b\u0e25\u0e48\u0e21\u0e40\u0e01\u0e48\u0e32", "province": "\u0e40\u0e1e\u0e0a\u0e23\u0e1a\u0e39\u0e23\u0e13\u0e4c", "postcode": "67120", "renovate": false}, {"name": "\u0e15\u0e25\u0e32\u0e14\u0e27\u0e31\u0e07\u0e0b\u0e2d\u0e07", "store_id": "13031", "address": "\u0e15.\u0e0a\u0e49\u0e32\u0e07\u0e15\u0e30\u0e25\u0e39\u0e14 \u0e2d.\u0e2b\u0e25\u0e48\u0e21\u0e2a\u0e31\u0e01 \u0e40\u0e1e\u0e0a\u0e23\u0e1a\u0e39\u0e23\u0e13\u0e4c", "lat": 16.55070961, "lng": 101.2148872, "subdistrict": "\u0e0a\u0e49\u0e32\u0e07\u0e15\u0e30\u0e25\u0e39\u0e14", "district": "\u0e2b\u0e25\u0e48\u0e21\u0e2a\u0e31\u0e01", "province": "\u0e40\u0e1e\u0e0a\u0e23\u0e1a\u0e39\u0e23\u0e13\u0e4c", "postcode": "67110", "renovate": false}, {"name": "PTTOR \u0e15\u0e32\u0e25\u0e40\u0e14\u0e35\u0e48\u0e22\u0e27", "store_id": "14156", "address": "\u0e15.\u0e15\u0e32\u0e25\u0e40\u0e14\u0e35\u0e48\u0e22\u0e27 \u0e2d.\u0e2b\u0e25\u0e48\u0e21\u0e2a\u0e31\u0e01 \u0e40\u0e1e\u0e0a\u0e23\u0e1a\u0e39\u0e23\u0e13\u0e4c", "lat": 16.78108153, "lng": 101.26135794, "subdistrict": "\u0e15\u0e32\u0e25\u0e40\u0e14\u0e35\u0e48\u0e22\u0e27", "district": "\u0e2b\u0e25\u0e48\u0e21\u0e2a\u0e31\u0e01", "province": "\u0e40\u0e1e\u0e0a\u0e23\u0e1a\u0e39\u0e23\u0e13\u0e4c", "postcode": "67110", "renovate": false}, {"name": "\u0e0a\u0e38\u0e21\u0e0a\u0e19\u0e19\u0e49\u0e33\u0e01\u0e49\u0e2d(\u0e2b\u0e25\u0e48\u0e21\u0e2a\u0e31\u0e01)", "store_id": "16981", "address": "\u0e15.\u0e19\u0e49\u0e33\u0e01\u0e49\u0e2d \u0e2d.\u0e2b\u0e25\u0e48\u0e21\u0e2a\u0e31\u0e01 \u0e40\u0e1e\u0e0a\u0e23\u0e1a\u0e39\u0e23\u0e13\u0e4c", "lat": 16.79607028, "lng": 101.17746649, "subdistrict": "\u0e19\u0e49\u0e33\u0e01\u0e49\u0e2d", "district": "\u0e2b\u0e25\u0e48\u0e21\u0e2a\u0e31\u0e01", "province": "\u0e40\u0e1e\u0e0a\u0e23\u0e1a\u0e39\u0e23\u0e13\u0e4c", "postcode": "67110", "renovate": false}, {"name": "\u0e1a\u0e49\u0e32\u0e19\u0e14\u0e07\u0e02\u0e27\u0e32\u0e07", "store_id": "14862", "address": "\u0e15.\u0e19\u0e49\u0e33\u0e0a\u0e38\u0e19 \u0e2d.\u0e2b\u0e25\u0e48\u0e21\u0e2a\u0e31\u0e01 \u0e40\u0e1e\u0e0a\u0e23\u0e1a\u0e39\u0e23\u0e13\u0e4c", "lat": 16.70272113, "lng": 101.17416322, "subdistrict": "\u0e19\u0e49\u0e33\u0e0a\u0e38\u0e19", "district": "\u0e2b\u0e25\u0e48\u0e21\u0e2a\u0e31\u0e01", "province": "\u0e40\u0e1e\u0e0a\u0e23\u0e1a\u0e39\u0e23\u0e13\u0e4c", "postcode": "67110", "renovate": false}, {"name": "\u0e1b\u0e15\u0e17.\u0e19\u0e49\u0e33\u0e0a\u0e38\u0e19 (\u0e2b\u0e25\u0e48\u0e21\u0e2a\u0e31\u0e01)", "store_id": "10169", "address": "\u0e16.\u0e2a\u0e23\u0e30\u0e1a\u0e38\u0e23\u0e35-\u0e2b\u0e25\u0e48\u0e21\u0e2a\u0e31\u0e01 \u0e15.\u0e19\u0e49\u0e33\u0e0a\u0e38\u0e19 \u0e2d.\u0e2b\u0e25\u0e48\u0e21\u0e2a\u0e31\u0e01 \u0e40\u0e1e\u0e0a\u0e23\u0e1a\u0e39\u0e23\u0e13\u0e4c", "lat": 16.71539113, "lng": 101.18118142, "subdistrict": "\u0e19\u0e49\u0e33\u0e0a\u0e38\u0e19", "district": "\u0e2b\u0e25\u0e48\u0e21\u0e2a\u0e31\u0e01", "province": "\u0e40\u0e1e\u0e0a\u0e23\u0e1a\u0e39\u0e23\u0e13\u0e4c", "postcode": "67110", "renovate": false}, {"name": "\u0e1b\u0e15\u0e17.\u0e41\u0e22\u0e01\u0e1e\u0e48\u0e2d\u0e02\u0e38\u0e19\u0e1c\u0e32\u0e40\u0e21\u0e37\u0e2d\u0e07(\u0e2b\u0e25\u0e48\u0e21\u0e2a\u0e31\u0e01)", "store_id": "09095", "address": "\u0e15.\u0e19\u0e49\u0e33\u0e0a\u0e38\u0e19 \u0e2d.\u0e2b\u0e25\u0e48\u0e21\u0e2a\u0e31\u0e01 \u0e40\u0e1e\u0e0a\u0e23\u0e1a\u0e39\u0e23\u0e13\u0e4c", "lat": 16.75753659, "lng": 101.19708613, "subdistrict": "\u0e19\u0e49\u0e33\u0e0a\u0e38\u0e19", "district": "\u0e2b\u0e25\u0e48\u0e21\u0e2a\u0e31\u0e01", "province": "\u0e40\u0e1e\u0e0a\u0e23\u0e1a\u0e39\u0e23\u0e13\u0e4c", "postcode": "67110", "renovate": false}, {"name": "\u0e1a\u0e49\u0e32\u0e19\u0e01\u0e25\u0e32\u0e07\u0e2b\u0e25\u0e48\u0e21\u0e2a\u0e31\u0e01", "store_id": "13216", "address": "\u0e15.\u0e1a\u0e49\u0e32\u0e19\u0e01\u0e25\u0e32\u0e07 \u0e2d.\u0e2b\u0e25\u0e48\u0e21\u0e2a\u0e31\u0e01 \u0e40\u0e1e\u0e0a\u0e23\u0e1a\u0e39\u0e23\u0e13\u0e4c", "lat": 16.62540812, "lng": 101.26290411, "subdistrict": "\u0e1a\u0e49\u0e32\u0e19\u0e01\u0e25\u0e32\u0e07", "district": "\u0e2b\u0e25\u0e48\u0e21\u0e2a\u0e31\u0e01", "province": "\u0e40\u0e1e\u0e0a\u0e23\u0e1a\u0e39\u0e23\u0e13\u0e4c", "postcode": "67110", "renovate": false}, {"name": "\u0e1a\u0e49\u0e32\u0e19\u0e15\u0e34\u0e49\u0e27 ( \u0e2b\u0e25\u0e48\u0e21\u0e2a\u0e31\u0e01 )", "store_id": "09520", "address": "\u0e15.\u0e1a\u0e49\u0e32\u0e19\u0e15\u0e34\u0e49\u0e27 \u0e2d.\u0e2b\u0e25\u0e48\u0e21\u0e2a\u0e31\u0e01 \u0e40\u0e1e\u0e0a\u0e23\u0e1a\u0e39\u0e23\u0e13\u0e4c", "lat": 16.79867969, "lng": 101.3078321, "subdistrict": "\u0e1a\u0e49\u0e32\u0e19\u0e15\u0e34\u0e49\u0e27", "district": "\u0e2b\u0e25\u0e48\u0e21\u0e2a\u0e31\u0e01", "province": "\u0e40\u0e1e\u0e0a\u0e23\u0e1a\u0e39\u0e23\u0e13\u0e4c", "postcode": "67110", "renovate": false}, {"name": "\u0e1a\u0e38\u0e48\u0e07\u0e04\u0e25\u0e49\u0e32-\u0e2b\u0e25\u0e48\u0e21\u0e2a\u0e31\u0e01", "store_id": "16459", "address": "\u0e15.\u0e1a\u0e38\u0e48\u0e07\u0e04\u0e25\u0e49\u0e32 \u0e2d.\u0e2b\u0e25\u0e48\u0e21\u0e2a\u0e31\u0e01 \u0e40\u0e1e\u0e0a\u0e23\u0e1a\u0e39\u0e23\u0e13\u0e4c", "lat": 16.63990283, "lng": 101.16235077, "subdistrict": "\u0e1a\u0e38\u0e48\u0e07\u0e04\u0e25\u0e49\u0e32", "district": "\u0e2b\u0e25\u0e48\u0e21\u0e2a\u0e31\u0e01", "province": "\u0e40\u0e1e\u0e0a\u0e23\u0e1a\u0e39\u0e23\u0e13\u0e4c", "postcode": "67110", "renovate": false}, {"name": "\u0e15\u0e25\u0e32\u0e14\u0e19\u0e49\u0e33\u0e14\u0e38\u0e01", "store_id": "11146", "address": "\u0e15.\u0e1b\u0e32\u0e01\u0e0a\u0e48\u0e2d\u0e07 \u0e2d.\u0e2b\u0e25\u0e48\u0e21\u0e2a\u0e31\u0e01 \u0e40\u0e1e\u0e0a\u0e23\u0e1a\u0e39\u0e23\u0e13\u0e4c", "lat": 16.72508313, "lng": 101.28960048, "subdistrict": "\u0e1b\u0e32\u0e01\u0e0a\u0e48\u0e2d\u0e07", "district": "\u0e2b\u0e25\u0e48\u0e21\u0e2a\u0e31\u0e01", "province": "\u0e40\u0e1e\u0e0a\u0e23\u0e1a\u0e39\u0e23\u0e13\u0e4c", "postcode": "67110", "renovate": false}, {"name": "\u0e2b\u0e19\u0e49\u0e32 \u0e23\u0e1e.\u0e2b\u0e25\u0e48\u0e21\u0e2a\u0e31\u0e01", "store_id": "10775", "address": "\u0e15.\u0e27\u0e31\u0e14\u0e1b\u0e48\u0e32 \u0e2d.\u0e2b\u0e25\u0e48\u0e21\u0e2a\u0e31\u0e01 \u0e40\u0e1e\u0e0a\u0e23\u0e1a\u0e39\u0e23\u0e13\u0e4c", "lat": 16.77792265, "lng": 101.23624949, "subdistrict": "\u0e27\u0e31\u0e14\u0e1b\u0e48\u0e32", "district": "\u0e2b\u0e25\u0e48\u0e21\u0e2a\u0e31\u0e01", "province": "\u0e40\u0e1e\u0e0a\u0e23\u0e1a\u0e39\u0e23\u0e13\u0e4c", "postcode": "67110", "renovate": false}, {"name": "\u0e41\u0e22\u0e01\u0e2a\u0e31\u0e01\u0e2b\u0e25\u0e07", "store_id": "15797", "address": "\u0e0b.- \u0e16.- \u0e15.\u0e2a\u0e31\u0e01\u0e2b\u0e25\u0e07 \u0e2d.\u0e2b\u0e25\u0e48\u0e21\u0e2a\u0e31\u0e01 \u0e40\u0e1e\u0e0a\u0e23\u0e1a\u0e39\u0e23\u0e13\u0e4c", "lat": 16.82765158, "lng": 101.25509253, "subdistrict": "\u0e2a\u0e31\u0e01\u0e2b\u0e25\u0e07", "district": "\u0e2b\u0e25\u0e48\u0e21\u0e2a\u0e31\u0e01", "province": "\u0e40\u0e1e\u0e0a\u0e23\u0e1a\u0e39\u0e23\u0e13\u0e4c", "postcode": "67110", "renovate": false}, {"name": "\u0e15\u0e25\u0e32\u0e14\u0e2b\u0e25\u0e48\u0e21\u0e2a\u0e31\u0e01", "store_id": "06573", "address": "\u0e16.\u0e40\u0e17\u0e28\u0e1a\u0e32\u0e25 3 \u0e15.\u0e2b\u0e25\u0e48\u0e21\u0e2a\u0e31\u0e01 \u0e2d.\u0e2b\u0e25\u0e48\u0e21\u0e2a\u0e31\u0e01 \u0e40\u0e1e\u0e0a\u0e23\u0e1a\u0e39\u0e23\u0e13\u0e4c", "lat": 16.77528631, "lng": 101.24232045, "subdistrict": "\u0e2b\u0e25\u0e48\u0e21\u0e2a\u0e31\u0e01", "district": "\u0e2b\u0e25\u0e48\u0e21\u0e2a\u0e31\u0e01", "province": "\u0e40\u0e1e\u0e0a\u0e23\u0e1a\u0e39\u0e23\u0e13\u0e4c", "postcode": "67110", "renovate": false}, {"name": "\u0e16\u0e19\u0e19\u0e2a\u0e32\u0e21\u0e31\u0e04\u0e04\u0e35\u0e0a\u0e31\u0e22\u0e2b\u0e25\u0e48\u0e21\u0e2a\u0e31\u0e01", "store_id": "08747", "address": "\u0e16.\u0e2a\u0e32\u0e21\u0e31\u0e04\u0e04\u0e35\u0e0a\u0e31\u0e22 \u0e15.\u0e2b\u0e25\u0e48\u0e21\u0e2a\u0e31\u0e01 \u0e2d.\u0e2b\u0e25\u0e48\u0e21\u0e2a\u0e31\u0e01 \u0e40\u0e1e\u0e0a\u0e23\u0e1a\u0e39\u0e23\u0e13\u0e4c", "lat": 16.77649657, "lng": 101.24129988, "subdistrict": "\u0e2b\u0e25\u0e48\u0e21\u0e2a\u0e31\u0e01", "district": "\u0e2b\u0e25\u0e48\u0e21\u0e2a\u0e31\u0e01", "province": "\u0e40\u0e1e\u0e0a\u0e23\u0e1a\u0e39\u0e23\u0e13\u0e4c", "postcode": "67110", "renovate": false}, {"name": "\u0e2b\u0e19\u0e49\u0e32\u0e28\u0e39\u0e19\u0e22\u0e4c\u0e23\u0e32\u0e0a\u0e01\u0e32\u0e23\u0e2b\u0e25\u0e48\u0e21\u0e2a\u0e31\u0e01", "store_id": "08050", "address": "\u0e0b.- \u0e16.\u0e27\u0e08\u0e35 \u0e15.\u0e2b\u0e25\u0e48\u0e21\u0e2a\u0e31\u0e01 \u0e2d.\u0e2b\u0e25\u0e48\u0e21\u0e2a\u0e31\u0e01 \u0e40\u0e1e\u0e0a\u0e23\u0e1a\u0e39\u0e23\u0e13\u0e4c", "lat": 16.77888095, "lng": 101.24306003, "subdistrict": "\u0e2b\u0e25\u0e48\u0e21\u0e2a\u0e31\u0e01", "district": "\u0e2b\u0e25\u0e48\u0e21\u0e2a\u0e31\u0e01", "province": "\u0e40\u0e1e\u0e0a\u0e23\u0e1a\u0e39\u0e23\u0e13\u0e4c", "postcode": "67110", "renovate": false}, {"name": "\u0e2b\u0e25\u0e48\u0e21\u0e2a\u0e31\u0e01 2", "store_id": "03559", "address": "\u0e16.\u0e27\u0e08\u0e35 \u0e15.\u0e2b\u0e25\u0e48\u0e21\u0e2a\u0e31\u0e01 \u0e2d.\u0e2b\u0e25\u0e48\u0e21\u0e2a\u0e31\u0e01 \u0e40\u0e1e\u0e0a\u0e23\u0e1a\u0e39\u0e23\u0e13\u0e4c", "lat": 16.77793229, "lng": 101.24321019, "subdistrict": "\u0e2b\u0e25\u0e48\u0e21\u0e2a\u0e31\u0e01", "district": "\u0e2b\u0e25\u0e48\u0e21\u0e2a\u0e31\u0e01", "province": "\u0e40\u0e1e\u0e0a\u0e23\u0e1a\u0e39\u0e23\u0e13\u0e4c", "postcode": "67110", "renovate": false}, {"name": "PTTOR \u0e04\u0e0a\u0e40\u0e2a\u0e19\u0e35\u0e22\u0e4c\u0e2b\u0e25\u0e48\u0e21\u0e2a\u0e31\u0e01", "store_id": "14282", "address": "\u0e16.\u0e04\u0e0a\u0e40\u0e2a\u0e19\u0e35\u0e22\u0e4c \u0e15.\u0e2b\u0e25\u0e48\u0e21\u0e2a\u0e31\u0e01 \u0e2d.\u0e2b\u0e25\u0e48\u0e21\u0e2a\u0e31\u0e01 \u0e40\u0e1e\u0e0a\u0e23\u0e1a\u0e39\u0e23\u0e13\u0e4c", "lat": 16.781798, "lng": 101.24086318, "subdistrict": "\u0e2b\u0e25\u0e48\u0e21\u0e2a\u0e31\u0e01", "district": "\u0e2b\u0e25\u0e48\u0e21\u0e2a\u0e31\u0e01", "province": "\u0e40\u0e1e\u0e0a\u0e23\u0e1a\u0e39\u0e23\u0e13\u0e4c", "postcode": "67110", "renovate": false}]