[{"name": "\u0e1b\u0e15\u0e17.\u0e02\u0e38\u0e19\u0e22\u0e27\u0e21", "store_id": "03401", "address": "\u0e15.\u0e02\u0e38\u0e19\u0e22\u0e27\u0e21 \u0e2d.\u0e02\u0e38\u0e19\u0e22\u0e27\u0e21 \u0e41\u0e21\u0e48\u0e2e\u0e48\u0e2d\u0e07\u0e2a\u0e2d\u0e19", "lat": 18.812364, "lng": 97.93365, "subdistrict": "\u0e02\u0e38\u0e19\u0e22\u0e27\u0e21", "district": "\u0e02\u0e38\u0e19\u0e22\u0e27\u0e21", "province": "\u0e41\u0e21\u0e48\u0e2e\u0e48\u0e2d\u0e07\u0e2a\u0e2d\u0e19", "postcode": "58140", "renovate": false}, {"name": "\u0e2d\u0e33\u0e40\u0e20\u0e2d\u0e02\u0e38\u0e19\u0e22\u0e27\u0e21", "store_id": "09022", "address": "\u0e15.\u0e02\u0e38\u0e19\u0e22\u0e27\u0e21 \u0e2d.\u0e02\u0e38\u0e19\u0e22\u0e27\u0e21 \u0e41\u0e21\u0e48\u0e2e\u0e48\u0e2d\u0e07\u0e2a\u0e2d\u0e19", "lat": 18.8298959, "lng": 97.9329926, "subdistrict": "\u0e02\u0e38\u0e19\u0e22\u0e27\u0e21", "district": "\u0e02\u0e38\u0e19\u0e22\u0e27\u0e21", "province": "\u0e41\u0e21\u0e48\u0e2e\u0e48\u0e2d\u0e07\u0e2a\u0e2d\u0e19", "postcode": "58140", "renovate": false}, {"name": "\u0e1a\u0e49\u0e32\u0e19\u0e2a\u0e1a\u0e1b\u0e48\u0e2d\u0e07(\u0e2d.\u0e1b\u0e32\u0e07\u0e21\u0e30\u0e1c\u0e49\u0e32)", "store_id": "18617", "address": "\u0e15.\u0e2a\u0e1a\u0e1b\u0e48\u0e2d\u0e07 \u0e2d.\u0e1b\u0e32\u0e07\u0e21\u0e30\u0e1c\u0e49\u0e32 \u0e41\u0e21\u0e48\u0e2e\u0e48\u0e2d\u0e07\u0e2a\u0e2d\u0e19", "lat": 19.518297, "lng": 98.24777, "subdistrict": "\u0e2a\u0e1a\u0e1b\u0e48\u0e2d\u0e07", "district": "\u0e1b\u0e32\u0e07\u0e21\u0e30\u0e1c\u0e49\u0e32", "province": "\u0e41\u0e21\u0e48\u0e2e\u0e48\u0e2d\u0e07\u0e2a\u0e2d\u0e19", "postcode": "58150", "renovate": false}, {"name": "\u0e1b\u0e32\u0e07\u0e21\u0e30\u0e1c\u0e49\u0e32", "store_id": "05286", "address": "\u0e15.\u0e2a\u0e1a\u0e1b\u0e48\u0e2d\u0e07 \u0e2d.\u0e1b\u0e32\u0e07\u0e21\u0e30\u0e1c\u0e49\u0e32 \u0e41\u0e21\u0e48\u0e2e\u0e48\u0e2d\u0e07\u0e2a\u0e2d\u0e19", "lat": 19.5157608, "lng": 98.254509, "subdistrict": "\u0e2a\u0e1a\u0e1b\u0e48\u0e2d\u0e07", "district": "\u0e1b\u0e32\u0e07\u0e21\u0e30\u0e1c\u0e49\u0e32", "province": "\u0e41\u0e21\u0e48\u0e2e\u0e48\u0e2d\u0e07\u0e2a\u0e2d\u0e19", "postcode": "58150", "renovate": false}, {"name": "\u0e1a\u0e49\u0e32\u0e19\u0e41\u0e2a\u0e07\u0e17\u0e2d\u0e07\u0e40\u0e27\u0e35\u0e22\u0e07\u0e43\u0e15\u0e49 (\u0e2d.\u0e1b\u0e32\u0e22)", "store_id": "13240", "address": "\u0e15.\u0e40\u0e27\u0e35\u0e22\u0e07\u0e43\u0e15\u0e49 \u0e2d.\u0e1b\u0e32\u0e22 \u0e41\u0e21\u0e48\u0e2e\u0e48\u0e2d\u0e07\u0e2a\u0e2d\u0e19", "lat": 19.3476014, "lng": 98.4339541, "subdistrict": "\u0e40\u0e27\u0e35\u0e22\u0e07\u0e43\u0e15\u0e49", "district": "\u0e1b\u0e32\u0e22", "province": "\u0e41\u0e21\u0e48\u0e2e\u0e48\u0e2d\u0e07\u0e2a\u0e2d\u0e19", "postcode": "58130", "renovate": false}, {"name": "\u0e1b\u0e15\u0e17.\u0e1b\u0e32\u0e22", "store_id": "03990", "address": "\u0e15.\u0e40\u0e27\u0e35\u0e22\u0e07\u0e43\u0e15\u0e49 \u0e2d.\u0e1b\u0e32\u0e22 \u0e41\u0e21\u0e48\u0e2e\u0e48\u0e2d\u0e07\u0e2a\u0e2d\u0e19", "lat": 19.355087, "lng": 98.437395, "subdistrict": "\u0e40\u0e27\u0e35\u0e22\u0e07\u0e43\u0e15\u0e49", "district": "\u0e1b\u0e32\u0e22", "province": "\u0e41\u0e21\u0e48\u0e2e\u0e48\u0e2d\u0e07\u0e2a\u0e2d\u0e19", "postcode": "58130", "renovate": false}, {"name": "\u0e1b\u0e32\u0e22", "store_id": "02921", "address": "\u0e15.\u0e40\u0e27\u0e35\u0e22\u0e07\u0e43\u0e15\u0e49 \u0e2d.\u0e1b\u0e32\u0e22 \u0e41\u0e21\u0e48\u0e2e\u0e48\u0e2d\u0e07\u0e2a\u0e2d\u0e19", "lat": 19.35936, "lng": 98.44116, "subdistrict": "\u0e40\u0e27\u0e35\u0e22\u0e07\u0e43\u0e15\u0e49", "district": "\u0e1b\u0e32\u0e22", "province": "\u0e41\u0e21\u0e48\u0e2e\u0e48\u0e2d\u0e07\u0e2a\u0e2d\u0e19", "postcode": "58130", "renovate": false}, {"name": "\u0e1b\u0e32\u0e22 2", "store_id": "06977", "address": "\u0e15.\u0e40\u0e27\u0e35\u0e22\u0e07\u0e43\u0e15\u0e49 \u0e2d.\u0e1b\u0e32\u0e22 \u0e41\u0e21\u0e48\u0e2e\u0e48\u0e2d\u0e07\u0e2a\u0e2d\u0e19", "lat": 19.359048, "lng": 98.442947, "subdistrict": "\u0e40\u0e27\u0e35\u0e22\u0e07\u0e43\u0e15\u0e49", "district": "\u0e1b\u0e32\u0e22", "province": "\u0e41\u0e21\u0e48\u0e2e\u0e48\u0e2d\u0e07\u0e2a\u0e2d\u0e19", "postcode": "58130", "renovate": false}, {"name": "\u0e1b\u0e32\u0e22 3", "store_id": "09359", "address": "\u0e15.\u0e40\u0e27\u0e35\u0e22\u0e07\u0e43\u0e15\u0e49 \u0e2d.\u0e1b\u0e32\u0e22 \u0e41\u0e21\u0e48\u0e2e\u0e48\u0e2d\u0e07\u0e2a\u0e2d\u0e19", "lat": 19.35675, "lng": 98.43743, "subdistrict": "\u0e40\u0e27\u0e35\u0e22\u0e07\u0e43\u0e15\u0e49", "district": "\u0e1b\u0e32\u0e22", "province": "\u0e41\u0e21\u0e48\u0e2e\u0e48\u0e2d\u0e07\u0e2a\u0e2d\u0e19", "postcode": "58130", "renovate": false}, {"name": "\u0e1b\u0e32\u0e22 4", "store_id": "05166", "address": "\u0e15.\u0e40\u0e27\u0e35\u0e22\u0e07\u0e43\u0e15\u0e49 \u0e2d.\u0e1b\u0e32\u0e22 \u0e41\u0e21\u0e48\u0e2e\u0e48\u0e2d\u0e07\u0e2a\u0e2d\u0e19", "lat": 19.36086, "lng": 98.43976, "subdistrict": "\u0e40\u0e27\u0e35\u0e22\u0e07\u0e43\u0e15\u0e49", "district": "\u0e1b\u0e32\u0e22", "province": "\u0e41\u0e21\u0e48\u0e2e\u0e48\u0e2d\u0e07\u0e2a\u0e2d\u0e19", "postcode": "58130", "renovate": false}, {"name": "\u0e1b\u0e32\u0e22 5", "store_id": "10693", "address": "\u0e15.\u0e40\u0e27\u0e35\u0e22\u0e07\u0e43\u0e15\u0e49 \u0e2d.\u0e1b\u0e32\u0e22 \u0e41\u0e21\u0e48\u0e2e\u0e48\u0e2d\u0e07\u0e2a\u0e2d\u0e19", "lat": 19.35709, "lng": 98.44311, "subdistrict": "\u0e40\u0e27\u0e35\u0e22\u0e07\u0e43\u0e15\u0e49", "district": "\u0e1b\u0e32\u0e22", "province": "\u0e41\u0e21\u0e48\u0e2e\u0e48\u0e2d\u0e07\u0e2a\u0e2d\u0e19", "postcode": "58130", "renovate": false}, {"name": "\u0e1b\u0e32\u0e22 6", "store_id": "11462", "address": "\u0e15.\u0e40\u0e27\u0e35\u0e22\u0e07\u0e43\u0e15\u0e49 \u0e2d.\u0e1b\u0e32\u0e22 \u0e41\u0e21\u0e48\u0e2e\u0e48\u0e2d\u0e07\u0e2a\u0e2d\u0e19", "lat": 19.368272, "lng": 98.436413, "subdistrict": "\u0e40\u0e27\u0e35\u0e22\u0e07\u0e43\u0e15\u0e49", "district": "\u0e1b\u0e32\u0e22", "province": "\u0e41\u0e21\u0e48\u0e2e\u0e48\u0e2d\u0e07\u0e2a\u0e2d\u0e19", "postcode": "58130", "renovate": false}, {"name": "\u0e02\u0e38\u0e19\u0e25\u0e38\u0e21\u0e1b\u0e23\u0e30\u0e1e\u0e32\u0e2a", "store_id": "01172", "address": "\u0e16.\u0e02\u0e38\u0e19\u0e25\u0e38\u0e21\u0e1b\u0e23\u0e30\u0e1e\u0e32\u0e2a \u0e15.\u0e08\u0e2d\u0e07\u0e04\u0e33 \u0e2d.\u0e40\u0e21\u0e37\u0e2d\u0e07\u0e41\u0e21\u0e48\u0e2e\u0e48\u0e2d\u0e07\u0e2a\u0e2d\u0e19 \u0e41\u0e21\u0e48\u0e2e\u0e48\u0e2d\u0e07\u0e2a\u0e2d\u0e19", "lat": 19.3000236, "lng": 97.9655982, "subdistrict": "\u0e08\u0e2d\u0e07\u0e04\u0e33", "district": "\u0e40\u0e21\u0e37\u0e2d\u0e07\u0e41\u0e21\u0e48\u0e2e\u0e48\u0e2d\u0e07\u0e2a\u0e2d\u0e19", "province": "\u0e41\u0e21\u0e48\u0e2e\u0e48\u0e2d\u0e07\u0e2a\u0e2d\u0e19", "postcode": "58000", "renovate": false}, {"name": "\u0e02\u0e38\u0e19\u0e25\u0e38\u0e21\u0e1b\u0e23\u0e30\u0e1e\u0e32\u0e2a 2", "store_id": "07457", "address": "\u0e16.\u0e02\u0e38\u0e19\u0e25\u0e38\u0e21\u0e1b\u0e23\u0e30\u0e1e\u0e32\u0e2a \u0e15.\u0e08\u0e2d\u0e07\u0e04\u0e33 \u0e2d.\u0e40\u0e21\u0e37\u0e2d\u0e07\u0e41\u0e21\u0e48\u0e2e\u0e48\u0e2d\u0e07\u0e2a\u0e2d\u0e19 \u0e41\u0e21\u0e48\u0e2e\u0e48\u0e2d\u0e07\u0e2a\u0e2d\u0e19", "lat": 19.304598, "lng": 97.964926, "subdistrict": "\u0e08\u0e2d\u0e07\u0e04\u0e33", "district": "\u0e40\u0e21\u0e37\u0e2d\u0e07\u0e41\u0e21\u0e48\u0e2e\u0e48\u0e2d\u0e07\u0e2a\u0e2d\u0e19", "province": "\u0e41\u0e21\u0e48\u0e2e\u0e48\u0e2d\u0e07\u0e2a\u0e2d\u0e19", "postcode": "58000", "renovate": false}, {"name": "\u0e02\u0e38\u0e19\u0e25\u0e38\u0e21\u0e1b\u0e23\u0e30\u0e1e\u0e32\u0e2a 4", "store_id": "11377", "address": "\u0e16.\u0e02\u0e38\u0e19\u0e25\u0e38\u0e21\u0e1b\u0e23\u0e30\u0e1e\u0e32\u0e2a \u0e15.\u0e08\u0e2d\u0e07\u0e04\u0e33 \u0e2d.\u0e40\u0e21\u0e37\u0e2d\u0e07\u0e41\u0e21\u0e48\u0e2e\u0e48\u0e2d\u0e07\u0e2a\u0e2d\u0e19 \u0e41\u0e21\u0e48\u0e2e\u0e48\u0e2d\u0e07\u0e2a\u0e2d\u0e19", "lat": 19.28486, "lng": 97.96132, "subdistrict": "\u0e08\u0e2d\u0e07\u0e04\u0e33", "district": "\u0e40\u0e21\u0e37\u0e2d\u0e07\u0e41\u0e21\u0e48\u0e2e\u0e48\u0e2d\u0e07\u0e2a\u0e2d\u0e19", "province": "\u0e41\u0e21\u0e48\u0e2e\u0e48\u0e2d\u0e07\u0e2a\u0e2d\u0e19", "postcode": "58000", "renovate": false}, {"name": "\u0e02\u0e38\u0e21\u0e25\u0e38\u0e21\u0e1b\u0e23\u0e30\u0e1e\u0e32\u0e2a 3", "store_id": "05167", "address": "\u0e15.\u0e08\u0e2d\u0e07\u0e04\u0e33 \u0e2d.\u0e40\u0e21\u0e37\u0e2d\u0e07\u0e41\u0e21\u0e48\u0e2e\u0e48\u0e2d\u0e07\u0e2a\u0e2d\u0e19 \u0e41\u0e21\u0e48\u0e2e\u0e48\u0e2d\u0e07\u0e2a\u0e2d\u0e19", "lat": 19.30163, "lng": 97.96692, "subdistrict": "\u0e08\u0e2d\u0e07\u0e04\u0e33", "district": "\u0e40\u0e21\u0e37\u0e2d\u0e07\u0e41\u0e21\u0e48\u0e2e\u0e48\u0e2d\u0e07\u0e2a\u0e2d\u0e19", "province": "\u0e41\u0e21\u0e48\u0e2e\u0e48\u0e2d\u0e07\u0e2a\u0e2d\u0e19", "postcode": "58000", "renovate": false}, {"name": "\u0e1b\u0e15\u0e17.\u0e2a\u0e38\u0e02\u0e38\u0e21\u0e41\u0e21\u0e48\u0e2e\u0e48\u0e2d\u0e07\u0e2a\u0e2d\u0e19", "store_id": "13291", "address": "\u0e15.\u0e08\u0e2d\u0e07\u0e04\u0e33 \u0e2d.\u0e40\u0e21\u0e37\u0e2d\u0e07\u0e41\u0e21\u0e48\u0e2e\u0e48\u0e2d\u0e07\u0e2a\u0e2d\u0e19 \u0e41\u0e21\u0e48\u0e2e\u0e48\u0e2d\u0e07\u0e2a\u0e2d\u0e19", "lat": 19.29340716, "lng": 97.96441061, "subdistrict": "\u0e08\u0e2d\u0e07\u0e04\u0e33", "district": "\u0e40\u0e21\u0e37\u0e2d\u0e07\u0e41\u0e21\u0e48\u0e2e\u0e48\u0e2d\u0e07\u0e2a\u0e2d\u0e19", "province": "\u0e41\u0e21\u0e48\u0e2e\u0e48\u0e2d\u0e07\u0e2a\u0e2d\u0e19", "postcode": "58000", "renovate": false}, {"name": "\u0e1a\u0e49\u0e32\u0e19\u0e1b\u0e32\u0e07\u0e2b\u0e21\u0e39", "store_id": "06234", "address": "\u0e15.\u0e1b\u0e32\u0e07\u0e2b\u0e21\u0e39 \u0e2d.\u0e40\u0e21\u0e37\u0e2d\u0e07\u0e41\u0e21\u0e48\u0e2e\u0e48\u0e2d\u0e07\u0e2a\u0e2d\u0e19 \u0e41\u0e21\u0e48\u0e2e\u0e48\u0e2d\u0e07\u0e2a\u0e2d\u0e19", "lat": 19.35293811, "lng": 97.96250882, "subdistrict": "\u0e1b\u0e32\u0e07\u0e2b\u0e21\u0e39", "district": "\u0e40\u0e21\u0e37\u0e2d\u0e07\u0e41\u0e21\u0e48\u0e2e\u0e48\u0e2d\u0e07\u0e2a\u0e2d\u0e19", "province": "\u0e41\u0e21\u0e48\u0e2e\u0e48\u0e2d\u0e07\u0e2a\u0e2d\u0e19", "postcode": "58000", "renovate": false}, {"name": "\u0e2d\u0e33\u0e40\u0e20\u0e2d\u0e41\u0e21\u0e48\u0e25\u0e32\u0e19\u0e49\u0e2d\u0e22", "store_id": "09160", "address": "\u0e15.\u0e41\u0e21\u0e48\u0e25\u0e32\u0e19\u0e49\u0e2d\u0e22 \u0e2d.\u0e41\u0e21\u0e48\u0e25\u0e32\u0e19\u0e49\u0e2d\u0e22 \u0e41\u0e21\u0e48\u0e2e\u0e48\u0e2d\u0e07\u0e2a\u0e2d\u0e19", "lat": 18.38102, "lng": 97.94252, "subdistrict": "\u0e41\u0e21\u0e48\u0e25\u0e32\u0e19\u0e49\u0e2d\u0e22", "district": "\u0e41\u0e21\u0e48\u0e25\u0e32\u0e19\u0e49\u0e2d\u0e22", "province": "\u0e41\u0e21\u0e48\u0e2e\u0e48\u0e2d\u0e07\u0e2a\u0e2d\u0e19", "postcode": "58120", "renovate": false}, {"name": "\u0e1b\u0e15\u0e17.\u0e02\u0e19\u0e2a\u0e48\u0e07\u0e41\u0e21\u0e48\u0e2a\u0e30\u0e40\u0e23\u0e35\u0e22\u0e07", "store_id": "06928", "address": "\u0e16.\u0e41\u0e21\u0e48\u0e2a\u0e30\u0e40\u0e23\u0e35\u0e22\u0e07 \u0e15.\u0e1a\u0e49\u0e32\u0e19\u0e01\u0e32\u0e28 \u0e2d.\u0e41\u0e21\u0e48\u0e2a\u0e30\u0e40\u0e23\u0e35\u0e22\u0e07 \u0e41\u0e21\u0e48\u0e2e\u0e48\u0e2d\u0e07\u0e2a\u0e2d\u0e19", "lat": 18.16148501, "lng": 97.93059769, "subdistrict": "\u0e1a\u0e49\u0e32\u0e19\u0e01\u0e32\u0e28", "district": "\u0e41\u0e21\u0e48\u0e2a\u0e30\u0e40\u0e23\u0e35\u0e22\u0e07", "province": "\u0e41\u0e21\u0e48\u0e2e\u0e48\u0e2d\u0e07\u0e2a\u0e2d\u0e19", "postcode": "58110", "renovate": false}, {"name": "\u0e1a\u0e49\u0e32\u0e19\u0e14\u0e07\u0e2a\u0e07\u0e31\u0e14 (\u0e2d.\u0e41\u0e21\u0e48\u0e2a\u0e30\u0e40\u0e23\u0e35\u0e22\u0e07)", "store_id": "11712", "address": "\u0e15.\u0e41\u0e21\u0e48\u0e2a\u0e30\u0e40\u0e23\u0e35\u0e22\u0e07 \u0e2d.\u0e41\u0e21\u0e48\u0e2a\u0e30\u0e40\u0e23\u0e35\u0e22\u0e07 \u0e41\u0e21\u0e48\u0e2e\u0e48\u0e2d\u0e07\u0e2a\u0e2d\u0e19", "lat": 18.14308, "lng": 97.94062, "subdistrict": "\u0e41\u0e21\u0e48\u0e2a\u0e30\u0e40\u0e23\u0e35\u0e22\u0e07", "district": "\u0e41\u0e21\u0e48\u0e2a\u0e30\u0e40\u0e23\u0e35\u0e22\u0e07", "province": "\u0e41\u0e21\u0e48\u0e2e\u0e48\u0e2d\u0e07\u0e2a\u0e2d\u0e19", "postcode": "58110", "renovate": false}, {"name": "\u0e1a\u0e49\u0e32\u0e19\u0e41\u0e1e\u0e30 (\u0e2d.\u0e41\u0e21\u0e48\u0e2a\u0e30\u0e40\u0e23\u0e35\u0e22\u0e07)", "store_id": "14093", "address": "\u0e15.\u0e41\u0e21\u0e48\u0e2a\u0e30\u0e40\u0e23\u0e35\u0e22\u0e07 \u0e2d.\u0e41\u0e21\u0e48\u0e2a\u0e30\u0e40\u0e23\u0e35\u0e22\u0e07 \u0e41\u0e21\u0e48\u0e2e\u0e48\u0e2d\u0e07\u0e2a\u0e2d\u0e19", "lat": 18.16365, "lng": 97.93898, "subdistrict": "\u0e41\u0e21\u0e48\u0e2a\u0e30\u0e40\u0e23\u0e35\u0e22\u0e07", "district": "\u0e41\u0e21\u0e48\u0e2a\u0e30\u0e40\u0e23\u0e35\u0e22\u0e07", "province": "\u0e41\u0e21\u0e48\u0e2e\u0e48\u0e2d\u0e07\u0e2a\u0e2d\u0e19", "postcode": "58110", "renovate": false}, {"name": "\u0e1b\u0e15\u0e17.\u0e2a\u0e38\u0e02\u0e38\u0e21\u0e41\u0e21\u0e48\u0e2a\u0e30\u0e40\u0e23\u0e35\u0e22\u0e07", "store_id": "10443", "address": "\u0e15.\u0e41\u0e21\u0e48\u0e2a\u0e30\u0e40\u0e23\u0e35\u0e22\u0e07 \u0e2d.\u0e41\u0e21\u0e48\u0e2a\u0e30\u0e40\u0e23\u0e35\u0e22\u0e07 \u0e41\u0e21\u0e48\u0e2e\u0e48\u0e2d\u0e07\u0e2a\u0e2d\u0e19", "lat": 18.16609025, "lng": 97.93735237, "subdistrict": "\u0e41\u0e21\u0e48\u0e2a\u0e30\u0e40\u0e23\u0e35\u0e22\u0e07", "district": "\u0e41\u0e21\u0e48\u0e2a\u0e30\u0e40\u0e23\u0e35\u0e22\u0e07", "province": "\u0e41\u0e21\u0e48\u0e2e\u0e48\u0e2d\u0e07\u0e2a\u0e2d\u0e19", "postcode": "58110", "renovate": false}, {"name": "\u0e2d\u0e33\u0e40\u0e20\u0e2d\u0e41\u0e21\u0e48\u0e2a\u0e30\u0e40\u0e23\u0e35\u0e22\u0e07", "store_id": "06740", "address": "\u0e15.\u0e41\u0e21\u0e48\u0e2a\u0e30\u0e40\u0e23\u0e35\u0e22\u0e07 \u0e2d.\u0e41\u0e21\u0e48\u0e2a\u0e30\u0e40\u0e23\u0e35\u0e22\u0e07 \u0e41\u0e21\u0e48\u0e2e\u0e48\u0e2d\u0e07\u0e2a\u0e2d\u0e19", "lat": 18.1608, "lng": 97.93909, "subdistrict": "\u0e41\u0e21\u0e48\u0e2a\u0e30\u0e40\u0e23\u0e35\u0e22\u0e07", "district": "\u0e41\u0e21\u0e48\u0e2a\u0e30\u0e40\u0e23\u0e35\u0e22\u0e07", "province": "\u0e41\u0e21\u0e48\u0e2e\u0e48\u0e2d\u0e07\u0e2a\u0e2d\u0e19", "postcode": "58110", "renovate": false}, {"name": "\u0e2d\u0e33\u0e40\u0e20\u0e2d\u0e2a\u0e1a\u0e40\u0e21\u0e22(\u0e08.\u0e41\u0e21\u0e48\u0e2e\u0e48\u0e2d\u0e07\u0e2a\u0e2d\u0e19)", "store_id": "18389", "address": "\u0e15.\u0e41\u0e21\u0e48\u0e2a\u0e27\u0e14 \u0e2d.\u0e2a\u0e1a\u0e40\u0e21\u0e22 \u0e41\u0e21\u0e48\u0e2e\u0e48\u0e2d\u0e07\u0e2a\u0e2d\u0e19", "lat": 17.963195, "lng": 97.929825, "subdistrict": "\u0e41\u0e21\u0e48\u0e2a\u0e27\u0e14", "district": "\u0e2a\u0e1a\u0e40\u0e21\u0e22", "province": "\u0e41\u0e21\u0e48\u0e2e\u0e48\u0e2d\u0e07\u0e2a\u0e2d\u0e19", "postcode": "58110", "renovate": false}]