,name,store_id,name_store,store_type,address,lat,lng,subdistrict,district,province
0,BigC Extra ลาดพร้าว,11174,Big C Supercenter,Hypermarket,เลขที่ 669  ถนน  ลาดพร้าว  แขวง จอมพล  เขต จตุจักร  จังหวัด กรุงเทพฯ  10900,13.8101386926,100.5692982674,จอมพล,จตุจักร,กรุงเทพมหานคร
1,BigC Extra สุขาภิบาล3,11177,Big C Supercenter,Hypermarket,เลขที่  1245  ถนน รามคำแหง    แขวง หัวหมาก  เขต บางกะปิ  จังหวัด กรุงเทพ ฯ 10240,13.770544,100.658369,หัวหมาก,บางกะปิ,กรุงเทพมหานคร
2,BigC Extraแจ้งวัฒนะ2,11185,Big C Supercenter,Hypermarket,เลขที่ 112 หมู่ที่ 5 ถนน   แจ้งวัฒนะ    ตำบล ปากเกร็ด   อำเภอปากเกร็ด    จังหวัด  นนทบุรี 11120,13.9057000926,100.5148816109,ปากเกร็ด,ปากเกร็ด,นนทบุรี
3,BigC กระนวนขอนแก่น,11226,Big C Supercenter,Hypermarket,เลขที่ 559 หมู่ 10 ตำบล หนองโก อำเภอ กระนวน จังหวัด ขอนแก่น 40170,16.701333,103.082722,หนองโก,กระนวน,ขอนแก่น
4,BigC กระบี่,11160,Big C Supercenter,Hypermarket,เลขที่ 349 หมู่ที่ 11 ตำบลกระบี่น้อย อำเภอเมืองกระบี่ จังหวัดกระบี่ 81000,8.10837,98.92927,กระบี่น้อย,เมืองกระบี่,กระบี่
5,BigC กัลปพฤกษ์,11221,Big C Supercenter,Hypermarket,เลขที่ 25 ถนน กัลปพฤกษ์  แขวง บางบอน  เขตบางบอน จังหวัด กรุงเทพมหานคร 10150,13.694446,100.437697,บางบอน,บางบอน,กรุงเทพมหานคร
6,BigC กาญจนบุรี,11224,Big C Supercenter,Hypermarket,เลขที่ 786/8 ถนน แสงชูโตเหนือ ตำบล ท่ามะขาม อำเภอ เมืองกาญจนบุรี จังหวัด กาญจนบุรี  71000,14.048168,99.507695,ท่ามะขาม,เมืองกาญจนบุรี,กาญจนบุรี
7,BigC กาฬสินธุ์,11217,Big C Supercenter,Hypermarket,เลขที่ 101/2-3 ถนน ถีนานนท์ ตำบล กาฬสินธุ์ อำเภอ เมืองกาฬสินธุ์ จังหวัด กาฬสินธุ์ 46000,16.447775,103.524314,กาฬสินธุ์,เมืองกาฬสินธุ์,กาฬสินธุ์
8,BigC กำแพงเพชร,11171,Big C Supercenter,Hypermarket,เลขที่ 613/1 ถนนเจริญสุข ตำบลในเมือง  อำเภอเมืองกำแพงเพชร จังหวัดกำแพงเพชร 62000,16.4741,99.5411,ในเมือง,เมืองกำแพงเพชร,กำแพงเพชร
9,BigC ขอนแก่น 2,11251,Big C Supercenter,Hypermarket,เลขที่ 177 หมู่ 9 ตำบล เมืองเก่า อำเภอ เมืองขอนแก่น  จังหวัด ขอนแก่น 40000,16.3976557,102.8000519,เมืองเก่า,เมืองขอนแก่น,ขอนแก่น
10,BigC ขอนแก่น1,11110,Big C Supercenter,Hypermarket,เลขที่ 290/1 หมู่ที่ 17  ตำบลในเมือง  อำเภอเมือง  จังหวัดขอนแก่น  40000,16.4247653916,102.819006443,ในเมือง,เมืองขอนแก่น,ขอนแก่น
11,BigC คำตากล้า,11242,Big C Supercenter,Hypermarket,เลขที่ 296 หมู่ 11 ตำบล คำตากล้า อำเภอ คำตากล้า จังหวัด สกลนคร 47250,17.855932,103.765403,คำตากล้า,คำตากล้า,สกลนคร
12,BigC จันทบุรี,11209,Big C Supercenter,Hypermarket,เลขที่ 1012 ถนนท่าแฉลบ ตำบล ตลาด อำเภอ เมืองจันทบุรี จังหวัด จันทบุรี 22000,12.59817,102.09929,ตลาด,เมืองจันทบุรี,จันทบุรี
13,BigC ฉะเชิงเทรา,11137,Big C Supercenter,Hypermarket,เลขที่ 9/1 ถนนฉะเชิงเทรา-บางปะกง ตำบลหน้าเมือง อำเภอเมืองฉะเชิงเทรา จังหวัดฉะเชิงเทรา 24000,13.6909,101.056,หน้าเมือง,เมืองฉะเชิงเทรา,ฉะเชิงเทรา
14,BigC ฉะเชิงเทรา2 ,11204,Big C Supercenter,Hypermarket,เลขที่ 28/73  ถนน  ศรีโสธรตัดใหม่  ตำบล  หน้าเมือง อำเภอ  เมืองฉะเชิงเทรา  จังหวัด ฉะเชิงเทรา   24000,13.6819901949,101.0652333498,หน้าเมือง,เมืองฉะเชิงเทรา,ฉะเชิงเทรา
15,BigC ชลบุรี 2 อ่างศิลา,11181,Big C Supercenter,Hypermarket,เลขที่ 15/17 หมู่ที่ 3 ตำบล  ห้วยกะปิ  อำเภอ เมืองชลบุรี จังหวัด  ชลบุรี    20000,13.3157337499,100.9602999687,ห้วยกะปิ,เมืองชลบุรี,ชลบุรี
16,BigC ชลบุรีเซ็นทรัล,11175,Big C Supercenter,Hypermarket,เลขที่ 55/92 หมู่ที่ 1 ตำบล เสม็ด  อำเภอ เมืองชลบุรี  จังหวัด  ชลบุรี 20000,13.3382,100.969975,เสม็ด,เมืองชลบุรี,ชลบุรี
17,BigC ชลบุรีแยกคีรี,11152,Big C Supercenter,Hypermarket,เลขที่ 49/1 หมู่ที่ 3 ตำบลห้วยกะปิ อำเภอเมืองชลบุรี จังหวัดชลบุรี 20000,13.30825536,100.9568117,ห้วยกะปิ,เมืองชลบุรี,ชลบุรี
18,BigC ชัยภูมิ,11158,Big C Supercenter,Hypermarket,เลขที่ 99 หมู่ที่ 1 ตำบลบุ่งคล้า อำเภอเมืองชัยภูมิ จังหวัดชัยภูมิ 36000,15.778544,102.02555,บุ่งคล้า,เมืองชัยภูมิ,ชัยภูมิ
19,BigC ชุมพร,11206,Big C Supercenter,Hypermarket,เลขที่ 195 หมู่ 3 ตำบลวังไผ่ อำเภอเมืองชุมพร ชุมพร  86000,10.502191,99.141451,วังไผ่,เมืองชุมพร,ชุมพร
20,BigC ดอนจั่น,11127,Big C Supercenter,Hypermarket,เลขที่ 208  หมู่ที่ 3  ตำบลท่าศาลา  อำเภอเมืองเชียงใหม่  จังหวัดเชียงใหม่ 50000,18.769,99.033,ท่าศาลา,เมืองเชียงใหม่,เชียงใหม่
21,BigC ด่านขุนทด,11239,Big C Supercenter,Hypermarket,เลขที่ 384 หมู่ 3 ตำบล ด่านขุนทด อำเภอ ด่านขุนทด จังหวัด นครราชสีมา 30210,15.192028,101.762083,ด่านขุนทด,ด่านขุนทด,นครราชสีมา
22,BigC ดาวคะนอง,11132,Big C Supercenter,Hypermarket,เลขที่ 1050 ถนนสมเด็จพระเจ้าตากสิน แขวงดาวคะนอง เขตธนบุรี กรุงเทพฯ 10600,13.699069937,100.4824322462,ดาวคะนอง,ธนบุรี,กรุงเทพมหานคร
23,BigC ตรัง,11220,Big C Supercenter,Hypermarket,เลขที่ 102/2 ถนน รัษฎา ตำบล ทับเที่ยง อำเภอ เมืองตรัง จังหวัด ตรัง  92000,7.545004,99.6156,ทับเที่ยง,เมืองตรัง,ตรัง
24,BigC ตาก,11207,Big C Supercenter,Hypermarket,เลขที่ 18/3 ถนนพหลโยธิน ตำบลระแหง อำเภอเมืองตาก จังหวัดตาก 63000,16.866335,99.135011,ระแหง,เมืองตาก,ตาก
25,BigC ติวานนท์,11133,Big C Supercenter,Hypermarket,เลขที่ 9/9 หมู่ที่ 5 ตำบลตลาดขวัญ อำเภอเมืองนนทบุรี จังหวัดนนทบุรี 11000,13.845001,100.510551,ตลาดขวัญ,เมืองนนทบุรี,นนทบุรี
26,BigC ท่าตะโก,11238,Big C Supercenter,Hypermarket,เลขที่ 989 หมู่ 1 ตำบล ท่าตะโก อำเภอ ท่าตะโก จังหวัด นครสวรรค์ 60160,15.63575,100.476583,ท่าตะโก,ท่าตะโก,นครสวรรค์
27,BigC ธนบุรี-ปากท่อ,11116,Big C Supercenter,Hypermarket,เลขที่ 127 ถนนพระรามที่ 2 แขวงแสมดำ เขตบางขุนเทียน กรุงเทพมหานคร 10150,13.661469,100.440548,แสมดำ,บางขุนเทียน,กรุงเทพมหานคร
28,BigC นครปฐม,11107,Big C Supercenter,Hypermarket,เลขที่ 754 ถนนเพชรเกษม  ตำบลห้วยจรเข้  อำเภอเมือง  จังหวัดนครปฐม 73000,13.8126,100.072,ห้วยจรเข้,เมืองนครปฐม,นครปฐม
29,BigC นครพนม,11223,Big C Supercenter,Hypermarket,เลขที่ 9/2 ซอย ร่วมมิตร ถนน นิตโย ตำบล หนองญาติ อำเภอ เมืองนครพนม จังหวัด นครพนม 48000,17.393764,104.767605,หนองญาติ,เมืองนครพนม,นครพนม
30,BigC นครสวรรค์1,11135,Big C Supercenter,Hypermarket,เลขที่ 320/10 ถนนสวรรค์วิถี ตำบลปากน้ำโพ อำเภอเมือง จังหวัดนครสวรรค์ 60000,15.6950568439,100.1213854551,ปากน้ำโพ,เมืองนครสวรรค์,นครสวรรค์
31,BigC นครสวรรค์2,11214,Big C Supercenter,Hypermarket,เลขที่ 610/9 หมู่ 10 ตำบล นครสวรรค์ตก อำเภอ เมืองนครสวรรค์ จังหวัด นครสวรรค์ 60000,15.711544,100.121627,นครสวรรค์ตก,เมืองนครสวรรค์,นครสวรรค์
32,BigC นวนครปทุมธานี,11161,Big C Supercenter,Hypermarket,เลขที่ 98/196 หมู่ที่ 13 ตำบลคลองหนึ่ง อำเภอคลองหลวง  จังหวัดปทุมธานี 12120,14.1226027482,100.6169825792,คลองหนึ่ง,คลองหลวง,ปทุมธานี
33,BigC นาดี อุดรธานี,11205,Big C Supercenter,Hypermarket,เลขที่  204 หมู่ที่ 2 ตำบล  นาดี   อำเภอ  เมืองอุดรธานี  จังหวัด  อุดรธานี 41000,17.385767,102.757843,นาดี,เมืองอุดรธานี,อุดรธานี
34,BigC นาทวี สงขลา,11229,Big C Supercenter,Hypermarket,เลขที่ 194 หมู่ 4 ตำบล นาทวี อำเภอ นาทวี จังหวัด สงขลา 90160,6.745167,100.686333,นาทวี,นาทวี,สงขลา
35,BigC น่าน,11225,Big C Supercenter,Hypermarket,เลขที่ 708 หมู่ 4 ตำบล ไชยสถาน อำเภอ เมืองน่าน จังหวัด น่าน 55000,18.783753,100.74663,ไชยสถาน,เมืองน่าน,น่าน
36,BigC น้ำยืน,11236,Big C Supercenter,Hypermarket,เลขที่ 199 หมู่ 15 ตำบล สีวิเชียร อำเภอ น้ำยืน จังหวัด อุบลราชธานี 34260,14.493417,105.017667,สีวิเชียร,น้ำยืน,อุบลราชธานี
37,BigC บางนา,11130,Big C Supercenter,Hypermarket,เลขที่ 611 ถนนเทพรัตน แขวงบางนาเหนือ เขตบางนา กรุงเทพมหานคร 10260,13.668862,100.635734,บางนาเหนือ,บางนา,กรุงเทพมหานคร
38,BigC บางบอน,11195,Big C Supercenter,Hypermarket,เลขที่ 371 ถนนเอกชัย แขวง บางบอน  เขต บางบอน  จังหวัด  กรุงเทพฯ  10150,13.67907,100.43597,บางบอน,บางบอน,กรุงเทพมหานคร
39,BigC บางปะกอก,11196,Big C Supercenter,Hypermarket,เลขที่ 278 หมู่ที่ 1 ถนน สุขสวัสดิ์  แขวง บางปะกอก  เขต ราษฎร์บูรณะ  จังหวัด กรุงเทพฯ  10140,13.6830606,100.4927292,บางปะกอก,ราษฎร์บูรณะ,กรุงเทพมหานคร
40,BigC บางพลี,11106,Big C Supercenter,Hypermarket,เลขที่ 89  หมู่ที่ 9 ถนนเทพารักษ์กิโลเมตร 13 ตำบลบางพลีใหญ่  อำเภอบางพลี จังหวัดสมุทรปราการ 10540,13.603787,100.708007,บางพลีใหญ่,บางพลี,สมุทรปราการ
41,BigC บางใหญ่,11183,Big C Supercenter,Hypermarket,เลขที่  9/9   หมู่ที่  11   ถนน ตลิ่งชัน - สุพรรณบุรี   ตำบล บางรักพัฒนา  อำเภอ บางบัวทอง จังหวัด  นนทบุรี   11110,13.8815322127,100.4082155228,บางรักพัฒนา,บางบัวทอง,นนทบุรี
42,BigC บ้านดุง,11235,Big C Supercenter,Hypermarket,เลขที่ 500 หมู่ 9 ถนน บริบาลดำริ ตำบล ศรีสุทโธ อำเภอ บ้านดุง   จังหวัด อุดรธานี 41190,17.674444,103.251444,ศรีสุทโธ,บ้านดุง,อุดรธานี
43,BigC บ้านบึงชลบุรี,11208,Big C Supercenter,Hypermarket,เลขที่ 181 ถนน บ้านบึง-แกลง ตำบล บ้านบึง อำเภอ บ้านบึง จังหวัด ชลบุรี 20170,13.3045,101.11922,บ้านบึง,บ้านบึง,ชลบุรี
44,BigC บ้านโป่ง,11157,Big C Supercenter,Hypermarket,เลขที่ 58 หมู่ที่ 5 ตำบลหนองอ้อ อำเภอบ้านโป่ง  จังหวัดราชบุรี 70110,13.795185,99.917535,หนองอ้อ,บ้านโป่ง,ราชบุรี
45,BigC บ้านไผ่ขอนแก่น,11230,Big C Supercenter,Hypermarket,เลขที่ 100 หมู่ 6 ตำบล หัวหนอง อำเภอ บ้านไผ่ จังหวัด ขอนแก่น 40110,16.048028,102.714111,หัวหนอง,บ้านไผ่,ขอนแก่น
46,BigC บุรีรัมย์,11153,Big C Supercenter,Hypermarket,เลขที่ 150 หมู่ที่ 7 ตำบลอิสาณ อำเภอเมืองบุรีรัมย์ จังหวัดบุรีรัมย์ 31000,14.96988141,103.0818377,อิสาณ,เมืองบุรีรัมย์,บุรีรัมย์
47,BigC ปทุมธานี,11234,Big C Supercenter,Hypermarket,เลขที่ 41/10 หมู่ 3 ตำบล บ้านฉาง อำเภอ เมืองปทุมธานี จังหวัด ปทุมธานี 12000,14.00536,100.51944,บ้านฉาง,เมืองปทุมธานี,ปทุมธานี
48,BigC ปัตตานี,11139,Big C Supercenter,Hypermarket,เลขที่ 301 หมู่ที่ 4 ตำบลรูสะมิแล อำเภอเมืองปัตตานี จังหวัดปัตตานี 94000,6.86344,101.232,รูสะมิแล,เมืองปัตตานี,ปัตตานี
49,BigC ปากช่อง โคราช,11253,Big C Supercenter,Hypermarket,เลขที่ 28 ถนน มิตรภาพ ตำบล ปากช่อง อำเภอ ปากช่อง จังหวัด นครราชสีมา 30130,13.9851307,100.3191387,ปากช่อง,ปากช่อง,นครราชสีมา
50,BigC พระราม 4,11190,Big C Supercenter,Hypermarket,เลขที่ 2929  ถนน   พระราม 4   แขวง คลองตัน   เขต  คลองเตย   จังหวัด  กรุงเทพฯ 10110,13.7187697764,100.5689120293,คลองตัน,คลองเตย,กรุงเทพมหานคร
51,BigC พระราม2การเคหะ,11197,Big C Supercenter,Hypermarket,เลขที่ 282/2  ถนน พระรามที่ 2 แขวง แสมดำ เขต บางขุนเทียน จังหวัด กรุงเทพฯ 10150,13.6515020949,100.4203391075,แสมดำ,บางขุนเทียน,กรุงเทพมหานคร
52,BigC พังโคน,11243,Big C Supercenter,Hypermarket,เลขที่ 506 หมู่ 8 ตำบล พังโคน อำเภอ พังโคน จังหวัด สกลนคร 47160,17.393111,103.702278,พังโคน,พังโคน,สกลนคร
53,BigC พัทยา 3,11192,Big C Supercenter,Hypermarket,เลขที่ 333  หมู่ที่ 9 ถนน พัทยากลาง ตำบล  หนองปรือ อำเภอ บางละมุง จังหวัด ชลบุรี  20150,12.935258,100.894809,หนองปรือ,บางละมุง,ชลบุรี
54,BigC พัทยามารีน่า,11104,Big C Supercenter,Hypermarket,เลขที่ 78/12 หมู่ที่ 9  ถนนพัทยาสาย 2  ตำบลหนองปรือ  อำเภอบางละมุง  จังหวัดชลบุรี  20150,12.9455,100.891,หนองปรือ,บางละมุง,ชลบุรี
55,BigC พัทยาใต้,11134,Big C Supercenter,Hypermarket,เลขที่ 565/41 หมู่ที่ 10 ตำบลหนองปรือ อำเภอบางละมุง จังหวัดชลบุรี 20150,12.9156961741,100.8940064907,หนองปรือ,บางละมุง,ชลบุรี
56,BigC พิบูลมังสาหาร,15014,Big C Supercenter,Hypermarket,เลขที่ 41/9 ถนน สถิตย์นิมานการ ตำบล พิบูล อำเภอ พิบูลมังสาหาร จังหวัด อุบลราชธานี 34110,15.24123,105.2298,พิบูล,พิบูลมังสาหาร,อุบลราชธานี
57,BigC พิษณุโลก,11113,Big C Supercenter,Hypermarket,เลขที่ 939 ถนนพิชัยสงคราม ตำบลในเมือง อำเภอเมืองพิษณุโลก จังหวัดพิษณุโลก 65000,16.8158076757,100.2896565199,ในเมือง,เมืองพิษณุโลก,พิษณุโลก
58,BigC ภูเก็ต ป่าตอง,11187,Big C Supercenter,Hypermarket,เลขที่  201  ถนน ราษฎร์อุทิศ 200 ปี  ตำบล  ป่าตอง  อำเภอ  กะทู้  จังหวัด   ภูเก็ต   83150,7.900043,98.300058,ป่าตอง,กะทู้,ภูเก็ต
59,BigC ภูเก็ตในเมือง,11129,Big C Supercenter,Hypermarket,เลขที่ 72 หมู่ที่ 5 ตำบลวิชิต อำเภอเมืองภูเก็ต จังหวัดภูเก็ต 83000,7.8959,98.3674,วิชิต,เมืองภูเก็ต,ภูเก็ต
60,BigC มหาชัยคลองครุ,11168,Big C Supercenter,Hypermarket,เลขที่ 79 หมู่ที่ 8 ตำบลท่าทราย อำเภอเมืองสมุทรสาคร จังหวัดสมุทรสาคร 74000,13.5652,100.2726,ท่าทราย,เมืองสมุทรสาคร,สมุทรสาคร
61,BigC มหาชัยรพ.เอกชัย,11254,Big C Supercenter,Hypermarket,เลขที่ 67/534 หมู่ที่ 4 ตำบล โคกขาม อำเภอ เมืองสมุทรสาคร จังหวัด สมุทรสาคร 74000,13.6241807,100.642594,โคกขาม,เมืองสมุทรสาคร,สมุทรสาคร
62,BigC มหาสารคาม,11166,Big C Supercenter,Hypermarket,เลขที่ 238/1-3 หมู่ที่ 11 ตำบลเกิ้ง อำเภอเมืองมหาสารคาม จังหวัดมหาสารคาม 44000,16.222661,103.27409,เกิ้ง,เมืองมหาสารคาม,มหาสารคาม
63,BigC มุกดาหาร,11213,Big C Supercenter,Hypermarket,เลขที่ 77/11 ถนน ชยางกูร ตำบล มุกดาหาร อำเภอ เมืองมุกดาหาร จังหวัด มุกดาหาร 49000,"16.555310,",104.71754,มุกดาหาร,เมืองมุกดาหาร,มุกดาหาร
64,BigC ยโสธร,11163,Big C Supercenter,Hypermarket,เลขที่ 323 หมู่ที่ 2 ตำบลสำราญ อำเภอเมืองยโสธร จังหวัดยโสธร 35000,15.8226,104.122,สำราญ,เมืองยโสธร,ยโสธร
65,BigC ร่มเกล้า,11202,Big C Supercenter,Hypermarket,"เลขที่ 42,44 ถ.ร่มเกล้า แขวง มีนบุรี เขต มีนบุรี จังหวัด กรุงเทพฯ 10510",13.8102012047,100.7362174988,มีนบุรี,มีนบุรี,กรุงเทพมหานคร
66,BigC ร้อยเอ็ด,11215,Big C Supercenter,Hypermarket,เลขที่ 320 หมู่ 10 ตำบล เหนือเมือง อำเภอ เมืองร้อยเอ็ด จังหวัด ร้อยเอ็ด 45000,16.0766,103.6491,เหนือเมือง,เมืองร้อยเอ็ด,ร้อยเอ็ด
67,BigC ระนอง,11227,Big C Supercenter,Hypermarket,เลขที่ 666/1 หมู่ 4 ตำบล บางนอน อำเภอ เมืองระนอง จังหวัด ระนอง 85000,9.972,98.643806,บางนอน,เมืองระนอง,ระนอง
68,BigC ระยอง,11115,Big C Supercenter,Hypermarket,เลขที่ 15/11  ถนนบางนา-ตราด  ตำบลเชิงเนิน  อำเภอเมืองระยอง  จังหวัดระยอง  21000,"12.699328410866522,",101.2684750557,เชิงเนิน,เมืองระยอง,ระยอง
69,BigC รังสิต2 ,11194,Big C Supercenter,Hypermarket,เลขที่  70/1  หมู่ 15   ถนน    พหลโยธิน   ตำบล คูคต อำเภอ ลำลูกกา จังหวัด ปทุมธานี 12130,13.9596319,100.6201477,คูคต,ลำลูกกา,ปทุมธานี
70,BigC รังสิตคลอง 3,11198,Big C Supercenter,Hypermarket,เลขที่ 99 หมู่ที่  3  ตำบล คลองสาม อำเภอ คลองหลวง จังหวัด ปทุมธานี  12120,14.0326479549,100.6627464294,คลองสาม,คลองหลวง,ปทุมธานี
71,BigC รังสิตคลอง 6,11162,Big C Supercenter,Hypermarket,เลขที่ 158/17 หมู่ที่ 4 ตำบลรังสิต อำเภอธัญบุรี จังหวัดปทุมธานี 12110,14.0258405882,100.7433414459,รังสิต,ธัญบุรี,ปทุมธานี
72,BigC รังสิตฟิวเจอร์,11108,Big C Supercenter,Hypermarket,เลขที่ 94 ถนนพหลโยธิน ตำบลประชาธิปัตย์  อำเภอธัญบุรี  จังหวัดปทุมธานี  12130,13.991992,100.61824,ประชาธิปัตย์,ธัญบุรี,ปทุมธานี
73,BigC รัชดาภิเษก,11191,Big C Supercenter,Hypermarket,เลขที่ 125  ถนน รัชดาภิเษก แขวง ดินแดง  เขต ดินแดง  จังหวัด   กรุงเทพฯ   10400,13.7687103,100.571841,ดินแดง,ดินแดง,กรุงเทพมหานคร
74,BigC รัตนาธิเบศร์,11114,Big C Supercenter,Hypermarket,เลขที่ 6  หมู่ที่ 6  ตำบลเสาธงหิน  อำเภอบางใหญ่  จังหวัดนนทบุรี  11140,13.880054,100.410345,เสาธงหิน,บางใหญ่,นนทบุรี
75,BigC รัตนาธิเบศร์2,11189,Big C Supercenter,Hypermarket,เลขที่ 243 ถนน   รัตนาธิเบศร์   ตำบล บางกระสอ   อำเภอ เมืองนนทบุรี   จังหวัด  นนทบุรี  11000,13.860653427,100.5034768581,บางกระสอ,เมืองนนทบุรี,นนทบุรี
76,BigC ราชดำริ,11172,Big C Supercenter,Hypermarket,เลขที่ 97/11  ถนนราชดำริห์  แขวงลุมพินี  เขตปทุมวัน กรุงเทพฯ 10330,13.747168,100.541271,ลุมพินี,ปทุมวัน,กรุงเทพมหานคร
77,BigC ราชบุรี,11147,Big C Supercenter,Hypermarket,เลขที่ 534 หมู่ที่ 1 ตำบลโคกหม้อ อำเภอเมืองราชบุรี จังหวัดราชบุรี 70000,13.5506,99.8231,โคกหม้อ,เมืองราชบุรี,ราชบุรี
78,BigC รามอินทรา,11180,Big C Supercenter,Hypermarket,เลขที่ 59  หมู่ที่ 4  แขวง อนุสาวรีย์   เขต บางเขน    จังหวัด  กรุงเทพฯ 10220,13.860906,100.618435,อนุสาวรีย์,บางเขน,กรุงเทพมหานคร
79,BigC ราษฎร์บูรณะ,11103,Big C Supercenter,Hypermarket,เลขที่ 201  ถนนราษฎร์บูรณะ  แขวงบางปะกอก  เขตราษฎร์บูรณะ กรุงเทพฯ 10140,13.683474,100.500155,บางปะกอก,ราษฎร์บูรณะ,กรุงเทพมหานคร
80,BigC ลพบุรี2,11176,Big C Supercenter,Hypermarket,เลขที่ 319 หมู่ที่ 2 ตำบล ท่าศาลา อำเภอ เมืองลพบุรี จังหวัด ลพบุรี 15000,14.7976939323,100.6652033329,ท่าศาลา,เมืองลพบุรี,ลพบุรี
81,BigC ลพบุรีบิ๊กซีใหญ่,11119,Big C Supercenter,Hypermarket,เลขที่ 2  หมู่ที่ 1  ตำบลท่าศาลา  อำเภอเมืองลพบุรี  จังหวัดลพบุรี  15000,14.7946,100.672,ท่าศาลา,เมืองลพบุรี,ลพบุรี
82,BigC ลาดพร้าว1,11131,Big C Supercenter,Hypermarket,เลขที่ 2539 ถนนลาดพร้าว แขวงวังทองหลาง เขตวังทองหลาง กรุงเทพฯ 10310,13.785116,100.612709,วังทองหลาง,วังทองหลาง,กรุงเทพมหานคร
83,BigC ลาดยาว,11248,Big C Supercenter,Hypermarket,เลขที่ 99/19 หมู่ 6 ตำบล ลาดยาว อำเภอ ลาดยาว จังหวัด นครสวรรค์ 60150,15.7555992,99.8078727,ลาดยาว,ลาดยาว,นครสวรรค์
84,BigC ลำปาง,11118,Big C Supercenter,Hypermarket,เลขที่ 65 ถนนไฮเวย์ลำปาง-งาว ตำบลสบตุ๋ย  อำเภอเมืองลำปาง  จังหวัดลำปาง  52100,18.2755,99.4812,สบตุ๋ย,เมืองลำปาง,ลำปาง
85,BigC ลำพูน,11150,Big C Supercenter,Hypermarket,เลขที่ 200 หมู่ที่ 4 ตำบลบ้านกลาง อำเภอเมืองลำพูน จังหวัดลำพูน 51000,18.591,99.0412,บ้านกลาง,เมืองลำพูน,ลำพูน
86,BigC ลำลูกกาคลอง 4,11193,Big C Supercenter,Hypermarket,เลขที่ 3/83 หมู่ที่ 7 ตำบล ลาดสวาย อำเภอ ลำลูกกา จังหวัด ปทุมธานี 12150,13.9338589199,100.6821334362,ลาดสวาย,ลำลูกกา,ปทุมธานี
87,BigC ลำลูกกาคลอง 5,11148,Big C Supercenter,Hypermarket,เลขที่ 10 หมู่ที่ 12 ตำบลบึงคำพร้อย อำเภอลำลูกกา จังหวัดปทุมธานี 12150,13.934634,100.714295,บึงคำพร้อย,ลำลูกกา,ปทุมธานี
88,BigC วงศ์สว่าง,11101,Big C Supercenter,Hypermarket,เลขที่ 888 ถนนพิบูลสงคราม  แขวงบางซื่อ  เขตบางซื่อ  กรุงเทพฯ 10800,13.826595,100.528367,บางซื่อ,บางซื่อ,กรุงเทพมหานคร
89,BigC วังน้ำเย็น,11237,Big C Supercenter,Hypermarket,เลขที่ 916 หมู่ 1 ตำบล วังน้ำเย็น อำเภอ วังน้ำเย็น จังหวัด สระแก้ว 27210,13.509722,102.177194,วังน้ำเย็น,วังน้ำเย็น,สระแก้ว
90,BigC วารินชําราบ,11165,Big C Supercenter,Hypermarket,เลขที่ 322 หมู่ที่ 8 ตำบลแสนสุข อำเภอวารินชำราบ จังหวัดอุบลราชธานี 34190,15.167136,104.854994,แสนสุข,วารินชำราบ,อุบลราชธานี
91,BigC วิเชียรบุรี,11241,Big C Supercenter,Hypermarket,เลขที่ 157 หมู่ 4 ตำบล สระประดู่ อำเภอ วิเชียรบุรี จังหวัด เพชรบูรณ์ 67130,15.651333,101.087139,สระประดู่,วิเชียรบุรี,เพชรบูรณ์
92,BigC ศรีนครินทร์,11178,Big C Supercenter,Hypermarket,เลขที่ 425 หมู่ที่  5 ถนน ศรีนครินทร์  ตำบล สำโรงเหนือ อำเภอ เมืองสมุทรปราการ  จังหวัด  สมุทรปราการ  10270,13.648944,100.640721,สำโรงเหนือ,เมืองสมุทรปราการ,สมุทรปราการ
93,BigC ศรีมหาโพธิ,11222,Big C Supercenter,Hypermarket,เลขที่ 618 หมู่ 7 ตำบล ท่าตูม อำเภอ ศรีมหาโพธิ จังหวัด ปราจีนบุรี  25140,13.902611,101.576,ท่าตูม,ศรีมหาโพธิ,ปราจีนบุรี
94,BigC ศรีสะเกษ,11167,Big C Supercenter,Hypermarket,เลขที่ 29/49 หมู่ที่ 11 ตำบลหญ้าปล้อง อำเภอเมืองศรีสะเกษ จังหวัดศรีสะเกษ 33000,15.12,104.3108,หญ้าปล้อง,เมืองศรีสะเกษ,ศรีสะเกษ
95,BigC สกลนคร,11145,Big C Supercenter,Hypermarket,เลขที่ 1594/16 ถนนรอบเมือง ตำบลธาตุเชิงชุม อำเภอเมืองสกลนคร จังหวัดสกลนคร 47000,17.1596536636,104.1494250298,ธาตุเชิงชุม,เมืองสกลนคร,สกลนคร
96,BigC สตูล,11212,Big C Supercenter,Hypermarket,เลขที่ 959 หมู่ 7 ตำบล คลองขุด อำเภอ เมืองสตูล จังหวัด สตูล 91000,6.63801,100.07169,คลองขุด,เมืองสตูล,สตูล
97,BigC สมุทรปราการ,11123,Big C Supercenter,Hypermarket,เลขที่ 498/1 ถนนสุขุมวิท ตำบลปากน้ำ อำเภอเมืองสมุทรปราการ จังหวัดสมุทรปราการ 10270,13.584328,100.607022,ปากน้ำ,เมืองสมุทรปราการ,สมุทรปราการ
98,BigC สมุทรสงคราม,11218,Big C Supercenter,Hypermarket,เลขที่ 2/19 หมู่ 1 ตำบล บางแก้ว อำเภอ เมืองสมุทรสงคราม จังหวัด สมุทรสงคราม 75000,13.410506,100.020225,บางแก้ว,เมืองสมุทรสงคราม,สมุทรสงคราม
99,BigC สมุย (เฉวง),11151,Big C Supercenter,Hypermarket,เลขที่ 129/19 หมู่ที่ 1 ตำบลบ่อผุด อำเภอเกาะสมุย จังหวัดสุราษฎร์ธานี 84320,9.55202,100.035,บ่อผุด,เกาะสมุย,สุราษฎร์ธานี
100,BigC สระแก้ว,11164,Big C Supercenter,Hypermarket,เลขที่ 352 ถนนสุวรรณศร ตำบลสระแก้ว อำเภอเมืองสระแก้ว จังหวัดสระแก้ว 27000,13.81166,102.077149,สระแก้ว,เมืองสระแก้ว,สระแก้ว
101,BigC สะพานควาย,11136,Big C Supercenter,Hypermarket,เลขที่ 618/1 ถนนพหลโยธิน แขวงสามเสนใน เขตพญาไท กรุงเทพฯ 10400,13.791298,100.54956,สามเสนใน,พญาไท,กรุงเทพมหานคร
102,BigC สะพานใหม่,11125,Big C Supercenter,Hypermarket,เลขที่ 1 ซอยพหลโยธิน 50 ถนนพหลโยธิน แขวงอนุสาวรีย์ เขตบางเขน กรุงเทพฯ 10220,13.890992,100.606296,อนุสาวรีย์,บางเขน,กรุงเทพมหานคร
103,BigC สัตหีบ ชลบุรี,11244,Big C Supercenter,Hypermarket,เลขที่ 88/18 หมู่ 3 ตำบล สัตหีบ อำเภอ สัตหีบ จังหวัด ชลบุรี 20180,12.70125,100.889833,สัตหีบ,สัตหีบ,ชลบุรี
104,BigC สำโรง,11138,Big C Supercenter,Hypermarket,เลขที่ 999 หมู่ที่ 1 ถนนสุขุมวิท ตำบลสำโรงเหนือ อำเภอเมืองสมุทรปราการ จังหวัดสมุทรปราการ 10270,13.6500529128,100.5963027477,สำโรงเหนือ,เมืองสมุทรปราการ,สมุทรปราการ
105,BigC สำโรง 2จัมโบ้,14001,Big C Supercenter,Hypermarket,เลขที่ 1293 หมู่ที่  4 ตำบล เทพารักษ์ อำเภอ  เมืองสมุทรปราการ  จังหวัด   สมุทรปราการ  10270,13.639828,100.59295,เทพารักษ์,เมืองสมุทรปราการ,สมุทรปราการ
106,BigC สุขสวัสดิ์,11128,Big C Supercenter,Hypermarket,เลขที่ 94 หมู่ที่ 18  ตำบลบางพึ่ง อำเภอพระประแดง จังหวัดสมุทรปราการ 10130,13.653805,100.522381,บางพึ่ง,พระประแดง,สมุทรปราการ
107,BigC สุขาภิบาล 3,11143,Big C Supercenter,Hypermarket,เลขที่ 103 ถนนรามคำแหง แขวงมีนบุรี เขตมีนบุรี กรุงเทพมหานคร 10510,13.807551,100.726395,มีนบุรี,มีนบุรี,กรุงเทพมหานคร
108,BigC สุพรรณบุรี,11219,Big C Supercenter,Hypermarket,เลขที่ 140/20 ถนน มาลัยแมน ตำบล รั้วใหญ่ อำเภอ เมืองสุพรรณบุรี จังหวัด สุพรรณบุรี 72000,14.47539,100.105277,รั้วใหญ่,เมืองสุพรรณบุรี,สุพรรณบุรี
109,BigC สุราษฎร์ธานี,11112,Big C Supercenter,Hypermarket,เลขที่ 130 หมู่ที่ 1 ถนนเลี่ยงเมือง  ตำบลบางกุ้ง อำเภอเมือง  จังหวัดสุราษฎร์ธานี  84000,9.14819,99.3699,บางกุ้ง,เมืองสุราษฎร์ธานี,สุราษฎร์ธานี
110,BigC สุรินทร์,11140,Big C Supercenter,Hypermarket,เลขที่ 8 ถนนหลักเมือง ตำบลในเมือง อำเภอเมือง จังหวัดสุรินทร์ 32000,14.8723,103.51,ในเมือง,เมืองสุรินทร์,สุรินทร์
111,BigC สุวรรณภูมิ,11240,Big C Supercenter,Hypermarket,เลขที่ 12 หมู่ 5 ตำบล สระคู อำเภอ สุวรรณภูมิ จังหวัด ร้อยเอ็ด 45130,15.597167,103.80825,สระคู,สุวรรณภูมิ,ร้อยเอ็ด
112,BigC สุวินทวงศ์,11200,Big C Supercenter,Hypermarket,เลขที่ 29  ถนนสุวินทวงศ์  แขวงมีนบุรี  เขตมีนบุรี จังหวัดกรุงเทพมหานคร 10510,13.813211,100.7179498,มีนบุรี,มีนบุรี,กรุงเทพมหานคร
113,BigC สุโขทัย,11156,Big C Supercenter,Hypermarket,เลขที่ 68 หมู่ที่ 2 ตำบลบ้านกล้วย อำเภอเมืองสุโขทัย จังหวัดสุโขทัย 64000,17.011011,99.777694,บ้านกล้วย,เมืองสุโขทัย,สุโขทัย
114,BigC หนองกี่,11247,Big C Supercenter,Hypermarket,เลขที่ 199 หมู่ 2 ตำบล หนองกี่ อำเภอ หนองกี่ จังหวัด บุรีรัมย์ 31210,14.68056,102.55034,หนองกี่,หนองกี่,บุรีรัมย์
115,BigC หนองคาย,11231,Big C Supercenter,Hypermarket,เลขที่ 89 หมู่ 5 ตำบล โพธิ์ชัย อำเภอ เมืองหนองคาย จังหวัด หนองคาย  43000,17.8735,102.745806,โพธิ์ชัย,เมืองหนองคาย,หนองคาย
116,BigC หนองจอก,11201,Big C Supercenter,Hypermarket,เลขที่ 34 หมู่ที่ 1 ถนน เลียบวารี แขวง กระทุ่มราย เขต หนองจอก จังหวัด  กรุงเทพฯ  10530,13.8543514041,100.8547389507,กระทุ่มราย,หนองจอก,กรุงเทพมหานคร
117,BigC หนองบัว,11246,Big C Supercenter,Hypermarket,เลขที่ 554 หมู่ 3 ตำบล หนองกลับ อำเภอ หนองบัว จังหวัด นครสวรรค์ 60110,5.86629,100.60683,หนองกลับ,หนองบัว,นครสวรรค์
118,BigC หัวหมาก,11122,Big C Supercenter,Hypermarket,เลขที่ 177 ถนนรามคำแหง แขวงหัวหมาก เขตบางกะปิ กรุงเทพฯ 10240,13.7555201476,100.6128171086,หัวหมาก,บางกะปิ,กรุงเทพมหานคร
119,BigC หางดง2ม.นอรท์,11188,Big C Supercenter,Hypermarket,"เลขที่ 111,111/2-5 หมู่ 5 ตำบล หางดง อำเภอ หางดง จังหวัด เชียงใหม่ 50230",18.6677645368,98.9145630598,หางดง,หางดง,เชียงใหม่
120,BigC หางดงเชียงใหม่,11154,Big C Supercenter,Hypermarket,เลขที่ 433/4-5 หมู่ที่ 7 ตำบลแม่เหียะ อำเภอเมืองเชียงใหม่ จังหวัดเชียงใหม่ 50100,18.7449633234,98.9620837569,แม่เหียะ,เมืองเชียงใหม่,เชียงใหม่
121,BigC หาดใหญ่,11186,Big C Supercenter,Hypermarket,เลขที่ 677 ถนน  เพชรเกษม ตำบล  หาดใหญ่ อำเภอ  หาดใหญ่  จังหวัด สงขลา   90110,7.0198333988,100.4853880405,หาดใหญ่,หาดใหญ่,สงขลา
122,BigC หาดใหญ่คลองแห,11121,Big C Supercenter,Hypermarket,เลขที่ 111/19 หมู่ที่ 4 ตำบลคลองแห อำเภอหาดใหญ่ จังหวัดสงขลา 90110,7.03824,100.468,คลองแห,หาดใหญ่,สงขลา
123,BigC อยุธยา,11155,Big C Supercenter,Hypermarket,เลขที่ 80 หมู่ที่ 2 ตำบลบ้านกรด อำเภอบางปะอิน จังหวัดพระนครศรีอยุธยา 13160,14.306626,100.611627,บ้านกรด,บางปะอิน,พระนครศรีอยุธยา
124,BigC อรัญประเทศ,11232,Big C Supercenter,Hypermarket,เลขที่ 189 หมู่ 7 ตำบล ป่าไร่ อำเภอ อรัญประเทศ จังหวัด สระแก้ว 27120,13.677472,102.554083,ป่าไร่,อรัญประเทศ,สระแก้ว
125,BigC อ่อนนุช,11182,Big C Supercenter,Hypermarket,เลขที่ 114 ซอย  สุขุมวิท 77 (อ่อนนุช 1) แขวง  พระโขนงเหนือ  เขต วัฒนา  จังหวัด กรุงเทพฯ  10110,13.7091910661,100.6015384197,พระโขนงเหนือ,วัฒนา,กรุงเทพมหานคร
126,BigC อ้อมค่าย,11249,Big C Supercenter,Hypermarket,เลขที่ 22 หมู่ 5 ตำบล ปากพูน อำเภอ เมืองนครศรีธรรมราช จังหวัด นครศรีธรรมราช 80000,8.45768,99.96519,ปากพูน,เมืองนครศรีธรรมราช,นครศรีธรรมราช
127,BigC อ้อมใหญ่,11141,Big C Supercenter,Hypermarket,เลขที่ 17/17 หมู่ที่ 8 ตำบลอ้อมใหญ่ อำเภอสามพราน จังหวัดนครปฐม 73160,13.7065175044,100.2812129259,อ้อมใหญ่,สามพราน,นครปฐม
128,BigC อ่างทอง,11216,Big C Supercenter,Hypermarket,เลขที่ 24 ถนน โพธิ์พระยา-ท่าเรือ ตำบล โพสะ อำเภอ เมืองอ่างทอง จังหวัด อ่างทอง 14000,14.58205,100.458381,โพสะ,เมืองอ่างทอง,อ่างทอง
129,BigC อำนาจเจริญ,11169,Big C Supercenter,Hypermarket,เลขที่ 477 หมู่ที่ 7 ตำบลบุ่ง  อำเภอเมืองอำนาจเจริญ จังหวัดอำนาจเจริญ  37000,15.88357,104.62453,บุ่ง,เมืองอำนาจเจริญ,อำนาจเจริญ
130,BigC อิสรภาพ,11199,Big C Supercenter,Hypermarket,เลขที่ 2  ถนน  อิสรภาพ  แขวง วัดกัลยาณ์  อำเภอ ธนบุรี จังหวัด   กรุงเทพฯ   10600,13.732684,100.492716,วัดกัลยาณ์,ธนบุรี,กรุงเทพมหานคร
131,BigC อุดรธานี1,11109,Big C Supercenter,Hypermarket,เลขที่ 415  หมู่ที่ 3   ตำบลหมากแข้ง  อำเภอเมือง  จังหวัดอุดรธานี  41000,17.3866,102.824,หนองบัว,เมืองอุดรธานี,อุดรธานี
132,BigC อุบลราชธานี,11124,Big C Supercenter,Hypermarket,เลขที่ 92 ซอยธรรมวิถี 4  ถนนธรรมวิถี ตำบลในเมือง อำเภอเมืองอุบลราชธานี จังหวัดอุบลราชธานี 34000,15.2705,104.84,ในเมือง,เมืองอุบลราชธานี,อุบลราชธานี
133,BigC เชียงราย,11117,Big C Supercenter,Hypermarket,เลขที่ 184 หมู่ที่ 25  ตำบลรอบเวียง  อำเภอเมือง  จังหวัดเชียงราย  57000,19.88852,99.83787,รอบเวียง,เมืองเชียงราย,เชียงราย
134,BigC เชียงรายสนามบิน,11250,Big C Supercenter,Hypermarket,เลขที่ 58 หมู่ 17 ตำบล บ้านดู่ อำเภอ เมืองเชียงราย จังหวัด เชียงราย 57100,19.9598309,99.8557227,บ้านดู่,เมืองเชียงราย,เชียงราย
135,BigC เชียงใหม่ศาลเด็ก,11184,Big C Supercenter,Hypermarket,เลขที่  94  หมู่ 4   ถนน  เชียงใหม่ - ลำปาง ตำบล หนองป่าครั่ง  อำเภอ เมืองเชียงใหม่  จังหวัด  เชียงใหม่ 50000,18.7985399339,99.0223503113,หนองป่าครั่ง,เมืองเชียงใหม่,เชียงใหม่
136,BigC เพชรบุรี,11120,Big C Supercenter,Hypermarket,เลขที่ 130 หมู่ที่ 1  ตำบลต้นมะม่วง  อำเภอเมืองเพชรบุรี  จังหวัดเพชรบุรี 76000,13.079,99.9482,ต้นมะม่วง,เมืองเพชรบุรี,เพชรบุรี
137,BigC เพชรบูรณ์,11159,Big C Supercenter,Hypermarket,เลขที่ 939 หมู่ที่ 2 ตำบลสะเดียง อำเภอเมืองเพชรบูรณ์ จังหวัดเพชรบูรณ์ 67000,16.39276,101.13233,สะเดียง,เมืองเพชรบูรณ์,เพชรบูรณ์
138,BigC เพชรเกษม 2,11179,Big C Supercenter,Hypermarket,เลขที่ 178 ถนนเพชรเกษม แขวงหนองค้างพลู เขตหนองแขม กรุงเทพมหานคร 10160,13.7091597966,100.3667593002,หนองค้างพลู,หนองแขม,กรุงเทพมหานคร
139,BigC เพชรเกษมหลักสอง,11142,Big C Supercenter,Hypermarket,เลขที่ 1759 ถนนเพชรเกษม แขวงหลักสอง เขตบางแค กรุงเทพมหานคร 10160,13.7076562473,100.3810018301,หลักสอง,บางแค,กรุงเทพมหานคร
140,BigC เมกะบางนา,11210,Big C Supercenter,Hypermarket,เลขที่ 39 หมู่ 6 ตำบล บางแก้ว อำเภอ บางพลี จังหวัด สมุทรปราการ 10540,13.64928,100.6806,บางแก้ว,บางพลี,สมุทรปราการ
141,BigC เลย,11211,Big C Supercenter,Hypermarket,เลขที่ 114 หมู่ 9 ตำบล นาอาน อำเภอ เมืองเลย จังหวัด เลย 42000,17.462905,101.72789,นาอาน,เมืองเลย,เลย
142,BigC เอกมัย,11144,Big C Supercenter,Hypermarket,เลขที่ 78 ซอยสุขุมวิท 63 แขวงพระโขนงเหนือ เขตวัฒนา กรุงเทพมหานคร 10110,13.727037,100.585765,พระโขนงเหนือ,วัฒนา,กรุงเทพมหานคร
143,BigC แจ้งวัฒนะ,11102,Big C Supercenter,Hypermarket,เลขที่ 96  หมู่ที่ 1  แขวงทุ่งสองห้อง  เขตหลักสี่  กรุงเทพฯ  10210,13.894132,100.560084,ทุ่งสองห้อง,หลักสี่,กรุงเทพมหานคร
144,BigC แพร่,11146,Big C Supercenter,Hypermarket,เลขที่ 600 หมู่ที่ 9 ตำบลนาจักร อำเภอเมืองแพร่ จังหวัดแพร่ 54000,18.1284,100.144,นาจักร,เมืองแพร่,แพร่
145,BigC แฟชั่นไอส์แลนด์,11126,Big C Supercenter,Hypermarket,เลขที่ 593 ถนนรามอินทรา แขวงคันนายาว เขตคันนายาว กรุงเทพฯ 10230,13.825621,100.678815,คันนายาว,คันนายาว,กรุงเทพมหานคร
146,BigC แหลมทอง ระยอง,11170,Big C Supercenter,Hypermarket,เลขที่ 554 ถนนสุขุมวิท ตำบลเนินพระ อำเภอเมืองระยอง จังหวัดระยอง 21000,12.6825764215,101.2425407767,เนินพระ,เมืองระยอง,ระยอง
147,BigC โคราช1,11111,Big C Supercenter,Hypermarket,เลขที่ 118  ถนนมิตรภาพ-หนองคาย  ตำบลในเมือง  อำเภอเมืองนครราชสีมา จังหวัดนครราชสีมา 30000,14.982,102.092,ในเมือง,เมืองนครราชสีมา,นครราชสีมา
148,BigC โคราชปักธงชัย,11233,Big C Supercenter,Hypermarket,เลขที่ 103 ถนน ปักธงชัย ตำบล ในเมือง อำเภอ เมืองนครราชสีมา จังหวัด นครราชสีมา 30000,14.949806,102.054917,ในเมือง,เมืองนครราชสีมา,นครราชสีมา
149,BigC โพนพิสัย,11228,Big C Supercenter,Hypermarket,เลขที่ 89 หมู่ 16 ตำบล จุมพล อำเภอ โพนพิสัย จังหวัด หนองคาย 43120,13.902611,101.576,จุมพล,โพนพิสัย,หนองคาย
150,BigC ไทรน้อยนนทบุรี,11252,Big C Supercenter,Hypermarket,เลขที่ 1 หมู่ 6 ตำบล ไทรน้อย อำเภอ ไทรน้อย จังหวัด นนทบุรี 11150,13.9851307,100.3191387,ไทรน้อย,ไทรน้อย,นนทบุรี
