,name,store_id,name_store,store_type,address,lat,lng,subdistrict,district,province
0,BigC กมลา (ภูเก็ต),15013,Big C Market,Supermarket,เลขที่ 78/37 หมู่ 3 ตำบล กมลา อำเภอ กะทู้ จังหวัด ภูเก็ต 83120,7.94764,98.28032,กมลา,กะทู้,ภูเก็ต
1,BigC คู้บอน,15017,Big C Market,Supermarket,เลขที่ 47/1 ถนน คู้บอน แขวง รามอินทรา เขต คันนายาว  จังหวัด กรุงเทพมหานคร 10230,13.841014,100.66195,รามอินทรา,คันนายาว,กรุงเทพมหานคร
2,BigC ชะอำ,15019,Big C Market,Supermarket,เลขที่ 493/59 ถนน เพชรเกษม(ชะอำ) ตำบล ชะอำ อำเภอ ชะอำ จังหวัด เพชรบุรี 76120,12.790676,99.969271,ชะอำ,ชะอำ,เพชรบุรี
3,BigC ชุมพวง,15048,Big C Market,Supermarket,เลขที่ 266 หมู่ 1 ตำบล ชุมพวง อำเภอ ชุมพวง จังหวัดนครราชสีมา 30270,15.351668,102.7468763,ชุมพวง,ชุมพวง,นครราชสีมา
4,BigC ตะกั่วป่า,15034,Big C Market,Supermarket,เลขที่ 2/33 หมู่ 2 ตำบล บางนายสี อำเภอ ตะกั่วป่า จังหวัด พังงา 82110,8.8692043,"98.3507523,774",บางนายสี,ตะกั่วป่า,พังงา
5,BigC ตะพานหิน,15024,Big C Market,Supermarket,เลขที่ 145 ถนน ชมฐีระเวช ตำบล ตะพานหิน อำเภอ ตะพานหิน จังหวัด พิจิตร  66110,16.218108,100.4345,ตะพานหิน,ตะพานหิน,พิจิตร
6,BigC ท่าเรือ,15016,Big C Market,Supermarket,เลขที่ 41/1 ถนน แสงชูโตใหม่ ตำบล ท่าเรือ อำเภอ ท่ามะกา  จังหวัด กาญจนบุรี 71130,13.95865,99.75417,ท่าเรือ,ท่ามะกา,กาญจนบุรี
7,BigC นาป่า (อมตะนคร),15043,Big C Market,Supermarket,เลขที่ 108 หมู่ 12 ตำบลนาป่า อำเภอเมืองชลบุรี จังหวัดชลบุรี 20000,13.4109043,101.0051193,นาป่า,เมืองชลบุรี,ชลบุรี
8,BigC น้ำโสม,15041,Big C Market,Supermarket,เลขที่ 194 หมู่ 8 ตำบลนางัว อำเภอน้ำโสม จังหวัดอุดรธานี 41210,17.764402,102.1970552,นางัว,น้ำโสม,อุดรธานี
9,BigC บรบือ,15039,Big C Market,Supermarket,เลขที่ 149/1 หมู่ 1 ตำบล บรบือ อำเภอ บรบือ จังหวัด มหาสารคาม 44130,16.0453667,103.1194501,บรบือ,บรบือ,มหาสารคาม
10,BigC บางมูลนาก,15035,Big C Market,Supermarket,เลขที่ 62/27 หมู่ 9 ตำบล หอไกร อำเภอ บางมูลนาก จังหวัด พิจิตร 66120,16.0353051,100.3698113,หอไกร,บางมูลนาก,พิจิตร
11,BigC บ้านเพ,15018,Big C Market,Supermarket,เลขที่ 58/2 หมู่ 3  ตำบล เพ อำเภอ เมืองระยอง จังหวัด ระยอง 21160,12.62463,101.42459,เพ,เมืองระยอง,ระยอง
12,BigC บำเหน็จณรงค์,15049,Big C Market,Supermarket,เลขที่ 454 หมู่ 10 ตำบล บ้านเพชร อำเภอ บำเหน็จณรงค์ จังหวัด ชัยภูมิ 36160,15.4410544,101.6920506,บ้านเพชร,บำเหน็จณรงค์,ชัยภูมิ
13,BigC ประชาอุทิศ,15007,Big C Market,Supermarket,เลขที่ 523-523/3 ถ.ประชาอุทิศ แขวง ทุ่งครุ  เขต ทุ่งครุ  จังหวัด  กรุงเทพฯ 10140,13.644652,100.511169,ทุ่งครุ,ทุ่งครุ,กรุงเทพมหานคร
14,BigC ปราสาท,15028,Big C Market,Supermarket,เลขที่ 612 หมู่ 2 ตำบล กังแอน อำเภอ ปราสาท จังหวัด สุรินทร์  32140,14.630229,103.404664,กังแอน,ปราสาท,สุรินทร์
15,BigC ปลวกแดง,15015,Big C Market,Supermarket,เลขที่ 888 หมู่ 1 ตำบล ปลวกแดง อำเภอ ปลวกแดง จังหวัด ระยอง 21140,12.982945,101.21169,ปลวกแดง,ปลวกแดง,ระยอง
16,BigC ปาล์มไอส์แลนด์,15042,Big C Market,Supermarket,เลขที่ 1010/51 หมู่ 3 ตำบลเทพารักษ์ อำเภอเมืองสมุทรปราการ จังหวัดสมุทรปราการ 10270,13.6384145,100.6093489,เทพารักษ์,เมืองสมุทรปราการ,สมุทรปราการ
17,BigC พังงา,15002,Big C Market,Supermarket,"เลขที่ 295,297 ถนนเพชรเกษม ตำบลท้ายช้าง อำเภอเมืองพังงา จังหวัดพังงา 82000",8.4588,98.5318,ท้ายช้าง,เมืองพังงา,พังงา
18,BigC พันท้ายนรสิงห์,15053,Big C Market,Supermarket,เลขที่ 9/12 หมู่ 5 ตำบล พันท้ายนรสิงห์ อำเภอ เมืองสมุทรสาคร จังหวัด สมุทรสาคร 74000,13.5838241,100.3640197,พันท้ายนรสิงห์,เมืองสมุทรสาคร,สมุทรสาคร
19,BigC พันธุ์ทิพย์,15059,Big C Market,Supermarket,เลขที่ 152/1 ห้องเลขที่ 101 ชั้น 1 ถนน ช้างคลาน ตำบล ช้างคลาน อำเภอ เมืองเชียงใหม่ จังหวัด เชียงใหม่ 50100,18.781933,98.9974556,ช้างคลาน,เมืองเชียงใหม่,เชียงใหม่
20,BigC พุทธมณฑลสาย 5,15050,Big C Market,Supermarket,เลขที่ 49/6 หมุ่ 13 ตำบล ไร่ขิง อำเภอ สามพราน จังหวัด นครปฐม 73210,13.7335382,100.2967828,ไร่ขิง,สามพราน,นครปฐม
21,BigC ภูเวียง,15045,Big C Market,Supermarket,เลขที่ 446 หมู่ 4 ตำบล ภูเวียง อำเภอ ภูเวียง จังหวัด ขอนแก่น 40150,16.6579321,102.3693343,ภูเวียง,ภูเวียง,ขอนแก่น
22,BigC ระโนด (สงขลา),15029,Big C Market,Supermarket,เลขที่ 476/34 หมู่ 4 ตำบล ระโนด อำเภอ ระโนด จังหวัด สงขลา  90140,7.782279,100.333731,ระโนด,ระโนด,สงขลา
23,BigC ราษีไศล,15027,Big C Market,Supermarket,เลขที่ 266 หมู่ 2 ตำบล เมืองคง อำเภอ ราษีไศล จังหวัด ศรีสะเกษ  33160,15.352633,104.157432,เมืองคง,ราษีไศล,ศรีสะเกษ
24,BigC วังสะพุง (เลย),15058,Big C Market,Supermarket,เลขที่ 281 หมู่ 2 ถนน ศรีสงคราม ตำบล ศรีสงคราม อำเภอ วังสะพุง จังหวัด เลย 42130,17.3008854,101.7755983,ศรีสงคราม,วังสะพุง,เลย
25,BigC วัดลาดปลาดุก,15055,Big C Market,Supermarket,เลขที่ 92/30 หมู่ 6 ตำบล บางรักพัฒนา อำเภอ บางบัวทอง จังหวัด นนทบุรี 11110,13.9064074,100.4004952,บางรักพัฒนา,บางบัวทอง,นนทบุรี
26,BigC วิเศษชัยชาญ,15040,Big C Market,Supermarket,เลขที่ 387 หมู่ 7 ตำบล ศาลเจ้าโรงทอง อำเภอ วิเศษชัยชาญ จังหวัด อ่างทอง 14110,14.5996598,100.3442884,ศาลเจ้าโรงทอง,วิเศษชัยชาญ,อ่างทอง
27,BigC สมเด็จ,15056,Big C Market,Supermarket,เลขที่ 440 หมู่ 5 ตำบล สมเด็จ อำเภอ สมเด็จ จังหวัด กาฬสินธุ์ 46150,16.688126,103.7377863,สมเด็จ,สมเด็จ,กาฬสินธุ์
28,BigC สระบุรี,15001,Big C Market,Supermarket,เลขที่ 57/5 ถนนสุดบรรทัด ตำบลปากเพรียว อำเภอเมืองสระบุรี จังหวัดสระบุรี 18000,14.52400,100.9176,ปากเพรียว,เมืองสระบุรี,สระบุรี
29,BigC สวนหลวง,15006,Big C Market,Supermarket,"เลขที่ 314, 314/1-4, ถนน เฉลิมพระเกียรติ ร.9  ประเวศ, กรุงเทพมหานคร 10250",13.6864153,100.6683683,หนองบอน,ประเวศ,กรุงเทพมหานคร
30,BigC สวรรคโลก,15030,Big C Market,Supermarket,เลขที่ 56 หมู่ 3 ตำบล ย่านยาว อำเภอ สวรรคโลก จังหวัด สุโขทัย  64110,"17.293326,",99.837147,ย่านยาว,สวรรคโลก,สุโขทัย
31,BigC สายไหม,15003,Big C Market,Supermarket,เลขที่ 89-89/3 หมู่ 3 แขวง สายไหม เขต สายไหม จังหวัด กรุงเทพฯ 10220,13.9219043,100.666523,สายไหม,สายไหม,กรุงเทพมหานคร
32,BigC สิชล (นครศรี),15026,Big C Market,Supermarket,เลขที่ 205/3 หมู่ 1 ตำบล สิชล อำเภอ สิชล จังหวัด นครศรีธรรมราช  80120,8.999628,99.887551,สิชล,สิชล,นครศรีธรรมราช
33,BigC สีคิ้ว,15038,Big C Market,Supermarket,เลขที่ 307 หมู่ 9 ตำบล สีคิ้ว อำเภอ สีคิ้ว จังหวัด นครราชสีมา 30140,14.8836204,101.7225864,สีคิ้ว,สีคิ้ว,นครราชสีมา
34,BigC หทัยราษฎร์,15009,Big C Market,Supermarket,"เลขที่ 458,458/1-2 ถนนเลียบคลองสอง แขวงบางชัน เขตคลองสามวา กรุงเทพฯ 10510",13.860382599794471,100.720714330673,บางชัน,คลองสามวา,กรุงเทพมหานคร
35,BigC หนองม่วง,15047,Big C Market,Supermarket,เลขที่ 85/17 หมู่ 6 ตำบล หนองม่วง อำเภอ หนองม่วง จังหวัด ลพบุรี 15170,15.217492,100.6618623,หนองม่วง,หนองม่วง,ลพบุรี
36,BigC หล่มสัก,15010,Big C Market,Supermarket,เลขที่ 70 ถนนสามัคคีชัย ตำบลหล่มสัก อำเภอหล่มสัก จังหวัดเพชรบูรณ์ 67110,16.77458,101.23353,หล่มสัก,หล่มสัก,เพชรบูรณ์
37,BigC ห้วยแถลง,15051,Big C Market,Supermarket,เลขที่ 158 หมู่ 6 ตำบล ห้วยแถลง อำเภอ ห้วยแถลง จังหวัด นครราชสีมา 30240,14.9871938,102.63815,ห้วยแถลง,ห้วยแถลง,นครราชสีมา
38,BigC หัวหิน,15020,Big C Market,Supermarket,เลขที่ 28/128 ซอย หมู่บ้านเขาน้อย ตำบล หัวหิน อำเภอ หัวหิน จังหวัด ประจวบคีรีขันธ์ 77110,12.57624,99.94426,หัวหิน,หัวหิน,ประจวบคีรีขันธ์
39,BigC เกาะช้าง,15054,Big C Market,Supermarket,เลขที่ 13/56 หมู่ 4 ตำบล เกาะช้าง อำเภอ เกาะช้าง จังหวัด ตราด 23170,12.083167,102.2782253,เกาะช้าง,เกาะช้าง,ตราด
40,BigC เกาะพะงัน,15022,Big C Market,Supermarket,เลขที่ 112/42 หมู่ 1 ตำบล เกาะพะงัน อำเภอ เกาะพะงัน จังหวัด สุราษฎร์ธานี 84280,9.709063,100.000743,เกาะพะงัน,เกาะพะงัน,สุราษฎร์ธานี
41,BigC เชียงคาน (เลย),15023,Big C Market,Supermarket,เลขที่ 9 หมู่ 6 ตำบล เชียงคาน อำเภอ เชียงคาน จังหวัด เลย  42110,17.883983,101.654448,เชียงคาน,เชียงคาน,เลย
42,BigC เทพกษัตรีย์,15011,Big C Market,Supermarket,เลขที่ 888 หมู่ 2 ตำบล รัษฎา อำเภอ เมืองภูเก็ต จังหวัด ภูเก็ต 83000,7.90940,98.3922,รัษฎา,เมืองภูเก็ต,ภูเก็ต
43,BigC เสลภูมิ,15033,Big C Market,Supermarket,เลขที่ 144 หมู่ 11 ตำบล ขวัญเมือง อำเภอ เสลภูมิ จังหวัด ร้อยเอ็ด 45120,16.0237291,103.9445603,ขวัญเมือง,เสลภูมิ,ร้อยเอ็ด
44,BigC โกสุมพิสัย,15032,Big C Market,Supermarket,เลขที่ 89 หมู่ 23 ตำบล หัวขวาง อำเภอ โกสุมพิสัย จังหวัด มหาสารคาม 44140,16.2761383,102.9082852,หัวขวาง,โกสุมพิสัย,มหาสารคาม
45,BigC โชคชัย 4,15060,Big C Market,Supermarket,อาคาร C-101 เลขที่ 139/27-28 ซอย ลาดพร้าว 53 (โชคชัย4) แขวง สะพานสอง เขต วังทองหลาง จังหวัด กรุงเทพมหานคร 10310,13.7978144,100.5929446,สะพานสอง,วังทองหลาง,กรุงเทพมหานคร
46,BigC โซ่พิสัย,15046,Big C Market,Supermarket,เลขที่ 232 หมู่ 3 ตำบล โซ่ อำเภอ โซ่พิสัย  จังหวัด บึงกาฬ 38170,18.0745051,103.4478113,โซ่,โซ่พิสัย,บึงกาฬ
47,BigC โนนสูง,15044,Big C Market,Supermarket,เลขที่ 98 ถนนโนนสูง-มิตรภาพ ตำบลโนนสูง อำเภอโนนสูง จังหวัดนครราชสีมา 30160,15.1732469,102.2444423,โนนสูง,โนนสูง,นครราชสีมา
