,name,store_id,name_store,store_type,address,lat,lng,subdistrict,district,province
0,เมืองทองธานี คอสโม,89,Maxvalu,Supermarket,101-101/1 ถนนป๊อบปูล่า ตำบลบ้านใหม่ อำเภอปากเกร็ด  จังหวัดนนทบุรี  11120,13.9119124,100.5501734,บ้านใหม่,ปากเกร็ด,นนทบุรี
1,พหลโยธิน 58,88,Maxvalu,Supermarket,99/99  หมู่ที่ 6  แขวงสายไหม เขตสายไหม  กรุงเทพมหานคร 10220,13.9372158,100.6254468,สายไหม,สายไหม,กรุงเทพมหานคร
2,หทัยราษฎร์ เดอะ โกรฟ,84,Maxvalu,Supermarket,88 หมู่ที่ 11  ตำบลลาดสวาย อำเภอลำลูกกา จังหวัดปทุมธานี,13.9217357,100.6925461,ลาดสวาย,ลำลูกกา,ปทุมธานี
3,ศรีราชา อาทาระ,83,Maxvalu,Supermarket,222/6 ถนนศรีราชานคร 3 ตำบลศรีราชา อำเภอศรีราชา จังหวัดชลบุรี,13.1681204,100.9273198,ศรีราชา,ศรีราชา,ชลบุรี
4,พัฒนาการ,1,Maxvalu,Supermarket,2559 ถนนพัฒนาการ แขวงสวนหลวง เขตสวนหลวง กรุงเทพฯ 10250,13.735631,100.642616,สวนหลวง,สวนหลวง,กรุงเทพมหานคร
5,นวมินทร์,2,Maxvalu,Supermarket,700 ถนนนวมินทร์ แขวงคลองกุ่ม เขตบึงกุ่ม กรุงเทพมหานคร 10230,13.818885,100.654316,คลองกุ่ม,บึงกุ่ม,กรุงเทพมหานคร
6,ประชาอุทิศ,4,Maxvalu,Supermarket,11/12 หมู่ที่ 1 ถนนประชาอุทิศ แขวงทุ่งครุเขตทุ่งครุ กรุงเทพมหานคร 10140,13.63982,100.500835,ทุ่งครุ,ทุ่งครุ,กรุงเทพมหานคร
7,สุขุมวิท 71,5,Maxvalu,Supermarket,140 ถนน สุขุมวิท 71 แขวงพระโขนงเหนือ เขตวัฒนา กรุงเทพมหานคร 10110,13.718929,100.596579,พระโขนงเหนือ,วัฒนา,กรุงเทพมหานคร
8,รังสิตคลอง 2,6,Maxvalu,Supermarket,819/2 ถนนรังสิต - นครนายก ตำบลประชาธิปัติ อำเภอธัญบุรี จังหวัดปทุมธานี 12130,13.994291,100.656078,ประชาธิปัตย์,ธัญบุรี,ปทุมธานี
9,พระราม 3,7,Maxvalu,Supermarket,295 ถนนพระรามที่ 3 แขวงบางคอแหลม เขตบางคอแหลม กรุงเทพมหานคร 10120,13.691012,100.504432,บางคอแหลม,บางคอแหลม,กรุงเทพมหานคร
10,ปัญญา มาร์เก็ต,8,Maxvalu,Supermarket,95 ถนนปัญญาอินทรา แขวงคันนายาว เขตคันนายาว กรุงเทพมหานคร 10230,13.83184,100.675857,คันนายาว,คันนายาว,กรุงเทพมหานคร
11,หลักสี่,9,Maxvalu,Supermarket,78 ถนนแจ้งวัฒนะ แขวงอนุสาวรีย์ เขตบางเขน กรุงเทพมหานคร 10220,13.881009,100.590032,อนุสาวรีย์,บางเขน,กรุงเทพมหานคร
12,พาร์คเลน เอกมัย,10,Maxvalu,Supermarket,18 ซอยสุขุมวิท 61 (เศรษฐบุตร) แขวงคลองตันเหนือ เขตวัฒนา กรุงเทพมหานคร 10110,13.723335,100.584303,คลองตันเหนือ,วัฒนา,กรุงเทพมหานคร
13,เอกมัย รามอินทรา,11,Maxvalu,Supermarket,1448/20 ซอยลาดพร้าว 87 (จันทราสุข) แขวงคลองจั่น เขตบางกะปิ กรุงเทพมหานคร 10240,13.802127,100.618061,คลองจั่น,บางกะปิ,กรุงเทพมหานคร
14,ราชพฤกษ์,12,Maxvalu,Supermarket,"62/27 หมู่1 ถนนราชพฤกษ์, ตำบลอ้อมเกร็ด, อำเภอปากเกร็ด,จังหวัดนนทบุรี 11120",13.912334,100.44961,"อ้อมเกร็ด,","ปากเกร็ด,",นนทบุรี
15,เกตเวย์ เอกมัย,13,Maxvalu,Supermarket,982/22 ถนนสุขุมวิท แขวงพระโขนง เขตคลองเตย กรุงเทพมหานคร 10110,13.719359,100.585144,พระโขนง,คลองเตย,กรุงเทพมหานคร
16,วังหิน พลาซ่า ลากูน,14,Maxvalu,Supermarket,604 ถนนลาดพร้าว-วังหิน แขวงลาดพร้าว เขตลาดพร้าว กรุงเทพมหานคร 10230,13.819208,100.592129,ลาดพร้าว,ลาดพร้าว,กรุงเทพมหานคร
17,เกษตรนวมินทร์ เดอะวอล์ค,15,Maxvalu,Supermarket,511 ถนนประเสริฐมนูกิจ แขวงลาดพร้าว เขตลาดพร้าว กรุงเทพมหานคร 10230,13.828880999999999,100.628318,ลาดพร้าว,ลาดพร้าว,กรุงเทพมหานคร
18,ศรีราชา,16,Maxvalu,Supermarket,9/3 หมู่ 6 ตำบลสุรศักดิ์ อำเภอศรีราชา ชลบุรี 20110,13.154141,100.98348,สุรศักดิ์,ศรีราชา,ชลบุรี
19,ลาดปลาดุก,17,Maxvalu,Supermarket,97/2 หมู่ที่8 ตำบลบางรักพัฒนา อำเภอบางบัวทอง จังหวัดนนทบุรี 11110,13.909673,100.387048,บางรักพัฒนา,บางบัวทอง,นนทบุรี
20,พระราม 9 เดอะไนน์,19,Maxvalu,Supermarket,999/1 ถนนพระราม 9 แขวงสวนหลวง เขตสวนหลวง กรุงเทพมหานคร 10250,13.741433,100.62398,สวนหลวง,สวนหลวง,กรุงเทพมหานคร
21,รัชดา สุทธิสาร,20,Maxvalu,Supermarket,207 ถนนรัชดาภิเษก แขวงดินแดง เขตดินแดง กรุงเทพมหานคร 10400,13.786258,100.573681,ดินแดง,ดินแดง,กรุงเทพมหานคร
22,คู้บอน,21,Maxvalu,Supermarket,107 ถ.คู้บอน แขวงบางชัน เขตคลองสามวา กรุงเทพ 10510,13.857406,100.681629,บางชัน,คลองสามวา,กรุงเทพมหานคร
23,กัลปพฤกษ์ เมโทรเวสต์,22,Maxvalu,Supermarket,212 ถนนกัลปพฤกษ์ แขวงบางหว้า เขตภาษีเจริญ กรุงเทพ 10160,13.708983,100.45082,บางหว้า,ภาษีเจริญ,กรุงเทพมหานคร
24,เดอะซีน ทาวน์อินทาวน์,24,Maxvalu,Supermarket,1323 ซอยลาดพร้าว 94(ปัญจมิตร) ถนนลาดพร้าว แขวงพลับพลา เขต วังทองหลาง กรุงเทพ ฯ 10310,13.772873,100.609682,พลับพลา,วังทองหลาง,กรุงเทพมหานคร
25,ลาดพร้าว 101,25,Maxvalu,Supermarket,2354/7 ถ.ลาดพร้าว แขวงพลับพลา เขตวังทองหลาง 10310,13.788081,100.628629,พลับพลา,วังทองหลาง,กรุงเทพมหานคร
26,ลาดกระบัง วี มาร์เก็ต,28,Maxvalu,Supermarket,127/1 ถนนฉลองกรุง แขวงลำปลาทิว เขตลาดกระบัง กรุงเทพฯ 10520,13.7565951,100.7958537,ลำปลาทิว,ลาดกระบัง,กรุงเทพมหานคร
27,อิออน ศรีราชา ช้อปปิ้งเซ็นเตอร์,30,Maxvalu,Supermarket,165/133 หมู่ 10 ตำบลสุรศักดิ์ อำเภอ ศรีราชา จังหวัดชลบุรี 20110,13.1668542,100.9325663,สุรศักดิ์,ศรีราชา,ชลบุรี
