,name,store_id,name_store,store_type,address,lat,lng,subdistrict,district,province
0,รามอินทรา 39,91,Maxvalu tanjai,Convenience Stores,413 ถนนรามอินทรา แขวงอนุสาวรีย์ เขตบางเขน กรุงเทพมหานคร  10220,13.857851,100.6270705,อนุสาวรีย์,บางเขน,กรุงเทพมหานคร
1,รามคำแหง 49,90,Maxvalu tanjai,Convenience Stores,361 ถนนรามคำแหง แขวงหัวหมาก เขตบางกะปิ กรุงเทพมหานคร 10240,13.759365,100.617455,หัวหมาก,บางกะปิ,กรุงเทพมหานคร
2,ไอดีโอ อีสท์เกต,86,Maxvalu tanjai,Convenience Stores,4371/3 ถนนสุขุวิท แขวงบางนา เขตบางนา กรุงเทพมหาคร,13.6655712,100.601911,บางนา,บางนา,กรุงเทพมหานคร
3,ไอดีโอ วงศ์สว่าง,85,Maxvalu tanjai,Convenience Stores,"789/560 ถนนกรุงเทพ - นนทบุรี แขวงบางซื่อ เขตบางซื่อ
กรุงเทพมหานคร",13.8189522,100.5299516,บางซื่อ,บางซื่อ,กรุงเทพมหานคร
4,ไอดีโอ คิว สามย่าน,82,Maxvalu tanjai,Convenience Stores,660/1602 ถ.พระรามที่4 แขวงมหาพฤฒาราม เขตบางรัก กรุงเทพมหานคร 10500,13.7333573,100.5266977,มหาพฤฒาราม,บางรัก,กรุงเทพมหานคร
5,จรัญ 39 ไอดีโอ,81,Maxvalu tanjai,Convenience Stores,531/5  ถนนจรัญสนิทวงศ์  แขวงบางขุนศรี เขตบางกอกน้อย  กรุงเทพ 10700,13.7648268,100.4678398,บางขุนศรี,บางกอกน้อย,กรุงเทพมหานคร
6,พระราม 4 จัสมิน,80,Maxvalu tanjai,Convenience Stores,4338  ถนนพระรามที่ 4  แขวงพระโขนง เขตคลองเตย  กรุงเทพ,13.7126076,100.5814635,พระโขนง,คลองเตย,กรุงเทพมหานคร
7,พัฒนาการ 20,32,Maxvalu tanjai,Convenience Stores,206 ซอยพัฒนาการ 20 ถนนพัฒนาการ แขวงสวนหลวง เขตสวนหลวง กรุงเทพฯ 10250,13.730766,100.607399,สวนหลวง,สวนหลวง,กรุงเทพมหานคร
8,สุขุมวิท103 ไอดีโอ,39,Maxvalu tanjai,Convenience Stores,"9/2,9/3,9/5,9/6,9/7 ซอยอุดมสุข แขวงบางนา เขตบางนา กรุงเทพ ฯ 10260",13.680729,100.610325,บางนา,บางนา,กรุงเทพมหานคร
9,พหลโยธิน ไอดีโอ,41,Maxvalu tanjai,Convenience Stores,698/1-698/5 ถนนพหลโยธิน แขวงสามเสนใน เขตพญาไท กรุงเทพ ฯ 10400,13.794989,100.550466,สามเสนใน,พญาไท,กรุงเทพมหานคร
10,เพลินจิต โอเอซีส,43,Maxvalu tanjai,Convenience Stores,888/39 ถนนเพลินจิต แขวงลุมพินี เขตปทุมวัน กรุงเทพ ฯ 10330,13.741699,100.548978,ลุมพินี,ปทุมวัน,กรุงเทพมหานคร
11,พระโขนง จัสมิน,44,Maxvalu tanjai,Convenience Stores,1511/1-1511/4 ถนนสุขุมวิท แขวงพระโขนงเหนือ เขตวัฒนา กรุงเทพมหานคร 10110,13.715398,100.591228,พระโขนงเหนือ,วัฒนา,กรุงเทพมหานคร
12,ห้วยขวาง ไอดีโอ,47,Maxvalu tanjai,Convenience Stores,62 ถ. ประชาราษฎร์บำเพ็ญ แขวงห้วยขวางเขตห้วยขวาง กรุงเทพ ฯ 10310,13.778279,100.574416,ห้วยขวาง,ห้วยขวาง,กรุงเทพมหานคร
13,พหลโยธิน 34,62,Maxvalu tanjai,Convenience Stores,2020/14 - 2020/18 ถ.พหลโยธิน แขวงเสนานิคม เขตจตุจักร กรุงเทพมหานคร 10900,13.836523,100.573874,เสนานิคม,จตุจักร,กรุงเทพมหานคร
14,สุขุมวิท 23 จัสมินซิตี้,64,Maxvalu tanjai,Convenience Stores,2 ถนนสุขุมวิท23 แขวงคลองเตยเหนือ เขตวัฒนา กรุงเทพฯ 10110,13.735519,100.562923,คลองเตยเหนือ,วัฒนา,กรุงเทพมหานคร
15,สุขุมวิท 81 ไอดีโอ,71,Maxvalu tanjai,Convenience Stores,2097/2 ถนนสุขุมวิท แขวงบางจาก เขตพระโขนง กรุงเทพฯ 10260,13.704378,100.602389,บางจาก,พระโขนง,กรุงเทพมหานคร
16,พระราม 9 ไอดีโอ,72,Maxvalu tanjai,Convenience Stores,คอนโดไอดีโอ โมบิ พระราม9 90/1 - 90/3 ถ.พระราม 9 แขวงห้วยขวาง เขตห้วยขวาง กรุงเทพมหานคร 10310,13.755713,100.565669,ห้วยขวาง,ห้วยขวาง,กรุงเทพมหานคร
17,สาทร ไอดีโอ,73,Maxvalu tanjai,Convenience Stores,คอนโดไอดีโอ สาทร-ตากสิน ชั้นที่ 1 เลขที่ 134/1 ถ.กรุงธนบุรี แขวงบางลำภูล่าง เขตคลองสาน กทม. 10600,13.720357,100.502672,บางลำภูล่าง,คลองสาน,กรุงเทพมหานคร
18,สุขุมวิท 64 เอลลิโอ­,75,Maxvalu tanjai,Convenience Stores,95/1 ซ.สุขุมวิท 64 ถ.สุขุมวิท แขวงบางจาก เขตพระโขนง กรุงเทพ 10260,13.6850282,100.6018257,บางจาก,พระโขนง,กรุงเทพมหานคร
19,สาทร ท่าพระ ไอดีโอ­,76,Maxvalu tanjai,Convenience Stores,"221/3, 221/4, 221/5 ถนนตากสิน เพชรเกษม แขวงบุคคโล เขตธนบุรี กรุงเทพ 10600",13.720057,100.486026,บุคคโล,ธนบุรี,กรุงเทพมหานคร
