,name,store_id,name_store,store_type,address,lat,lng,subdistrict,district,province
0,BigC ท่าอิฐ,15063,Big C Foodplace,Speciality Store,เลขที่ 49/12 หมู่ที่ 2 ตำบล ไทรม้า อำเภอ เมืองนนทบุรี จังหวัด นนทบุรี 11000,13.8827422724,100.4584047167,ไทรม้า,เมืองนนทบุรี,นนทบุรี
1,BigC บีเจซี,15065,Big C Foodplace,Speciality Store,เลขที่ 99/1 ซอย แสงจันทร์ – รูเบีย แขวง พระโขนง เขต คลองเตย จังหวัด กรุงเทพมหานคร 10110,13.71468447,100.5864061,พระโขนง,คลองเตย,กรุงเทพมหานคร
2,BigC สามย่านมิตรทาวน์,15062,Big C Foodplace,Speciality Store,"เลขที่ 944/1,ห้อง B1U001, ชั้น B1, ถนน พระราม 4 แขวง วังใหม่ เขต ปทุมวัน จังหวัด กรุงเทพมหานคร 10330",13.7343039,100.5283227,วังใหม่,ปทุมวัน,กรุงเทพมหานคร
3,BigC สุขาภิบาล 5,15004,Big C Foodplace,Speciality Store,"เลขที่ 98,98/1-3 ถนน สุขาภิบาล 5 แขวง ออเงิน เขต สายไหม จังหวัด กรุงเทพฯ 10220",13.8881428,100.6549538,ออเงิน,สายไหม,กรุงเทพมหานคร
4,BigC หนามแดง,15064,Big C Foodplace,Speciality Store,เลขที่ 25/17 หมู่ที่ 2 ตำบล บางแก้ว อำเภอ บางพลี จังหวัด สมุทรปราการ 10540,13.6242078317,100.6425935296,บางแก้ว,บางพลี,สมุทรปราการ
5,BigC เกตเวย์ บางซื่อ,15061,Big C Foodplace,Speciality Store,"อาคาร ศูนย์การค้าเกตเวย์ แอท บางซื่อ ห้องเลขที่ G001 ชั้น G เลขที่ 162/1-2,168/10 ถนน ประชาราษฎร์ 2 แขวง บางซื่อเขต บางซื่อ จังหวัด กรุงเทพมหานคร 10800",13.8059334,100.5217635,บางซื่อ,บางซื่อ,กรุงเทพมหานคร
6,BigC เคหะร่มเกล้า,15008,Big C Foodplace,Speciality Store,เลขที่ 8/1-3 ถ.เคหะร่มเกล้า แขวงคลองสองต้นนุ่น เขตลาดกระบัง กรุงเทพ 10520,13.765244,100.724533,คลองสองต้นนุ่น,ลาดกระบัง,กรุงเทพมหานคร
