,name,store_id,name_store,store_type,address,lat,lng,subdistrict,district,province
0,โลตัส Go Fresh แม่สะเรียง,6649-th,Lotus market,Supermarket,-,18.16773,97.935494,ตำบลบ้านกาศ,อำเภอแม่สะเรียง,จังหวัดแม่ฮ่องสอน
1,โลตัส Go Fresh โพธิ์แจ้,6647-th,Lotus market,Supermarket,15/15 ม.4 ตำบลคอกกระบือ อำเภอเมืองสมุทรสาคร จังหวัดสมุทรสาคร 74000 ,13.614067,100.345626,คอกกระบือ,เมืองสมุทรสาคร,สมุทรสาคร
2,โลตัส Go Fresh วิภาวดี 64,6645-th,Lotus market,Supermarket,"เลขที่ 69, 69/1 ซ.วิภาวดี รังสิต 64 แยก 2 แขวงตลาดบางเขน เขตหลักสี่ กรุงเทพมหานคร 10210 ",13.87414081,100.5787153,ตลาดบางเขน,หลักสี่,กรุงเทพมหานคร
3,โลตัส Go Fresh เทิง,6648-th,Lotus market,Supermarket,เลขที่ 259 หมู่2 ตำบลเวียง อำเภอเทิง จังหวัดเชียงราย 57160 ,19.69098,100.17971,เวียง,เทิง,เชียงราย
4,โลตัส Go Fresh มัยลาภ,6644-th,Lotus market,Supermarket,เลขที่ 243 ซ.ประเสริฐมนูกิจ 29 ถ.ประเสริฐมนูกิจ แขวงจรเข้บัว เขตลาดพร้าว กรุงเทพมหานคร 10230 ,13.850574,100.627668,จรเข้บัว,ลาดพร้าว,กรุงเทพมหานคร
5,โลตัส Go Freshบรมราชชนนี 2,6646-th,Lotus market,Supermarket,เลขที่ 51 ถ.บรมราชชนนี แขวงศาลาธรรมสพน์ เขตทวีวัฒนา กรุงเทพมหานคร 10170 ,13.783701,100.397742,ศาลาธรรมสพน์,ทวีวัฒนา,กรุงเทพมหานคร
6,โลตัส Go Fresh บางคูวัต,6643-th,Lotus market,Supermarket,23/5 หมู่ 2 ตำบลบางคูวัด อำเภอเมืองปทุมธานี จังหวัดปทุมธานี 12000 ,13.956760880000001,100.4969433,บางคูวัด,เมืองปทุมธานี,ปทุมธานี
7,โลตัส รังสิต คลอง1,6641-th,Lotus market,Supermarket,560 ถนนเลียบคลองรังสิต ตำบลประชาธิปัตย์ อำเภอธัญบุรี จังหวัดปทุมธานี 12130 ,13.98594513,100.63156,ประชาธิปัตย์,ธัญบุรี,ปทุมธานี
8,โลตัส โก เฟรช ศรีวารี,6640-th,Lotus market,Supermarket,27/11 ม.8 ตำบลบางโฉลง อำเภอบางพลี จังหวัดสมุทราปราการ 10540 ,13.635179,100.771817,บางโฉลง,บางพลี,สมุทราปราการ
9,โลตัส บ้านทุ่ม,6639-th,Lotus market,Supermarket,442 ม. 12 ตำบลบ้านทุ่ม อำเภอเมือง จังหวัดขอนแก่น 40000 ,16.450615,102.712461,บ้านทุ่ม,เมือง,ขอนแก่น
10,โลตัส ลาดยาว,6638-th,Lotus market,Supermarket,818 ม. 6 ต. ลาดยาว อำเภอลาดยาว จังหวัดนครสวรรค์ 60150 ,15.750145,99.793551,ลาดยาว,ลาดยาว,นครสวรรค์
11,โลตัส ภูเขียว,6637-th,Lotus market,Supermarket,899 ม. 2 ตำบลผักบัง อำเภอภูเขียว จังหวัดชัยภูมิ 36110 ,16.363841999999998,102.140019,ผักบัง,ภูเขียว,ชัยภูมิ
12,โลตัส เกษตรวิสัย,6636-th,Lotus market,Supermarket,30 ม.1 ตำบลเกษตรวิสัย อำเภอเกษตรวิสัย จังหวัดร้อยเอ็ด 45150 ,15.661601,103.579881,เกษตรวิสัย,เกษตรวิสัย,ร้อยเอ็ด
13,โลตัส วานรนิวาส,6635-th,Lotus market,Supermarket,264 ม.9 ตำบลดอนสวรรค์ อำเภอวานรนิวาส จังหวัดสกลนคร 47120 ,17.625924,103.752236,ดอนสวรรค์,วานรนิวาส,สกลนคร
14,โลตัส สอยดาว,6634-th,Lotus market,Supermarket,228 ม.1 ตำบลปะดง อำเภอสอยดาว จังหวัดจันทบุรี 22180 ,13.129472,102.211182,ปะดง,สอยดาว,จันทบุรี
15,โลตัส หนองบัวแดง,6633-th,Lotus market,Supermarket,542 ม.13 ตำบลหนองบัวแดง อำเภอหนองบัวแดง จังหวัดชัยภูมิ 36210 ,16.077399,101.80625,หนองบัวแดง,หนองบัวแดง,ชัยภูมิ
16,โลตัส ศรีบุญเรือง,6632-th,Lotus market,Supermarket,340 ม.6 ตำบลหันนางาม อำเภอศรีบุญเรือง จังหวัดหนองบัวลำภู 39180 ,16.965069,102.266922,หันนางาม,ศรีบุญเรือง,หนองบัวลำภู
17,โลตัส โก เฟรช ลาดหลุมแก้ว,6631-th,Lotus market,Supermarket,86/7 ม.3 ตำบลระแหง อำเภอลาดหลุมแก้ว จังหวัดปทุมธานี 12140 ,14.041447,100.425405,ระแหง,ลาดหลุมแก้ว,ปทุมธานี
18,โลตัส เขมราฐ,6630-th,Lotus market,Supermarket,104/1 ม.7 ถ.อรุณประเสริฐ ตำบลเขมราฐ อำเภอเขมราฐ จังหวัดอุบลราชธานี 34170 ,16.038725,105.219389,เขมราฐ,เขมราฐ,อุบลราชธานี
19,โลตัส กิ่งแก้ว,6629-th,Lotus market,Supermarket,235 ม.12 ตำบลราชาเทวะ อำเภอบางพลี จังหวัดสมุทราปราการ 10540 ,13.659723,100.716879,ราชาเทวะ,บางพลี,สมุทราปราการ
20,โลตัส โก เฟรช จรัญสนิทวงศ์ 15,6628-th,Lotus market,Supermarket,291 ถ.จรัญสนิทวงค์ แขวงวัดท่าพระ เขตบางกอกใหญ่ จังหวัดกรุงเทพมหานคร 10600 ,13.742112,100.469716,วัดท่าพระ,บางกอกใหญ่,กรุงเทพมหานคร
21,โลตัส นครไทย,6627-th,Lotus market,Supermarket,3/3 ม.13 ตำบลนครไทย อำเภอนครไทย จังหวัดพิษณุโลก 65120 ,17.093226,100.831333,นครไทย,นครไทย,พิษณุโลก
22,โลตัส แม่ขะจาน,6626-th,Lotus market,Supermarket,368 ม.10 ตำบลแม่เจดีย์ อำเภอเวียงป่าเป้า จังหวัดเชียงราย 57170 ,19.215964,99.517785,แม่เจดีย์,เวียงป่าเป้า,เชียงราย
23,โลตัส เกาะช้าง,6625-th,Lotus market,Supermarket,44/13 ม.4 ตำบลเกาะช้าง อำเภอเกาะช้าง จังหวัดตราด 23170 ,12.084809,102.278444,เกาะช้าง,เกาะช้าง,ตราด
24,โลตัส โก เฟรช เสรีไทย,6624-th,Lotus market,Supermarket,115/20 ถ.เสรีไทย แขวงคลองกุ่ม เขตบึงกุ่ม กทม. 10240 ,13.784619,100.673705,คลองกุ่ม,บึงกุ่ม,กทม.
25,โลตัส รัตนบุรี,6623-th,Lotus market,Supermarket,299 ม.9 ตำบลไผ่ อำเภอรัตนบุรี จังหวัดสุรินทร์ 32130 ,15.319921,103.863066,ไผ่,รัตนบุรี,สุรินทร์
26,โลตัส ครบุรี,6622-th,Lotus market,Supermarket,91 ม.4 ตำบลบ้านใหม่ อำเภอครบุรี จังหวัดนครราชสีมา 30250 ,14.525475,102.25175,บ้านใหม่,ครบุรี,นครราชสีมา
27,โลตัส อ่าวนาง,6620-th,Lotus market,Supermarket,696 ม.2 ตำบลอ่าวนาง อำเภอเมืองกระบี่ จังหวัดกระบี่ 81000 ,8.040443,98.835246,อ่าวนาง,เมืองกระบี่,กระบี่
28,โลตัส โก เฟรช ลาดพร้าว 101,6619-th,Lotus market,Supermarket,202 ถ.ลาดพร้าว 101 แขวงคลองจั่น เขตบางกะปิ กทม. 10240 ,13.786732,100.630326,คลองจั่น,บางกะปิ,กทม.
29,โลตัส โก เฟรช เมืองสุโขทัย,6618-th,Lotus market,Supermarket,55/2 ม.4 ตำบลธานี อำเภอเมืองสุโขทัย จังหวัดสุโขทัย 64000 ,17.02539,99.821087,ธานี,เมืองสุโขทัย,สุโขทัย
30,โลตัส พรเจริญ,6616-th,Lotus market,Supermarket,355 ม.1 ตำบลพรเจริญ อำเภอพรเจริญ จังหวัดบึงกาฬ 38180 ,18.032952,103.708345,พรเจริญ,พรเจริญ,บึงกาฬ
31,โลตัส เซกา,6615-th,Lotus market,Supermarket,423 ม.16 ตำบลเซกา อำเภอเซกา จังหวัดบึงกาฬ 38150 ,17.930196,103.96285,เซกา,เซกา,บึงกาฬ
32,โลตัส ท่าใหม่,6613-th,Lotus market,Supermarket,28/1 ถ. เทศบาลสาย 4 ตำบลท่าใหม่ อำเภอท่าใหม่ จังหวัดจันทบุรี 22120 ,12.626353,102.005915,ท่าใหม่,ท่าใหม่,จันทบุรี
33,โลตัส สรรคบุรี,6612-th,Lotus market,Supermarket,272 ม.8 ตำบลแพรกศรีราชา อำเภอสรรคบุรี จังหวัดชัยนาท 17140 ,15.04644,100.153719,แพรกศรีราชา,สรรคบุรี,ชัยนาท
34,โลตัส ไพศาลี,6611-th,Lotus market,Supermarket,501 ม.5 ตำบลไพศาลี อำเภอไพศาลี จังหวัดนครสวรรค์ 60220 ,15.594193,100.652731,ไพศาลี,ไพศาลี,นครสวรรค์
35,โลตัส โก เฟรช พระแสง,6610-th,Lotus market,Supermarket,328/23 ม.1 ตำบลอิปัน อำเภอพระแสง จังหวัดสุราษฎร์ธานี 84210 ,8.571533,99.23189,อิปัน,พระแสง,สุราษฎร์ธานี
36,โลตัส บางคล้า,6609-th,Lotus market,Supermarket,116/17 ม.1 ตำบลท่าทองหลาง อำเภอบางคล้า จังหวัดฉะเชิงเทรา 24110 ,13.708135,101.210308,ท่าทองหลาง,บางคล้า,ฉะเชิงเทรา
37,โลตัส วังสามหมอ,6608-th,Lotus market,Supermarket,111 ม.11 ตำบลวังสามหมอ อำเภอวังสามหมอ จังหวัดอุดรธานี 41280 ,16.947674,103.421032,วังสามหมอ,วังสามหมอ,อุดรธานี
38,โลตัส เขาสวนกวาง,6607-th,Lotus market,Supermarket,417 ม.11 ต. คำม่วง อำเภอเขาสวนกวาง จังหวัดขอนแก่น 40280 ,16.846052,102.854799,คำม่วง,เขาสวนกวาง,ขอนแก่น
39,โลตัส ปากคาด,6606-th,Lotus market,Supermarket,173 ม.1 ตำบลปากคาด อำเภอปากคาด จังหวัดบึงกาฬ 38190 ,18.298194,103.299784,ปากคาด,ปากคาด,บึงกาฬ
40,โลตัส โก เฟรช กรุงเทพกรีฑา,6605-th,Lotus market,Supermarket,131/1 ถ. กรุงเทพกรีฑา แขวงสะพานสูง เขตสะพานสูง กทม. 10240 ,13.742416,100.681418,สะพานสูง,สะพานสูง,กทม.
41,โลตัส ศรีสงคราม,6604-th,Lotus market,Supermarket,407 ม.6 ตำบลศรีสงคราม อำเภอศรีสงคราม จังหวัดนครพนม 48150 ,17.618651,104.246252,ศรีสงคราม,ศรีสงคราม,นครพนม
42,โลตัส อินทร์บุรี,6603-th,Lotus market,Supermarket,164 ม.6 ตำบลอินทร์บุรี อำเภออินทร์บุรี จังหวัดสิงห์บุรี 16110 ,15.014759,100.33521,อินทร์บุรี,อินทร์บุรี,สิงห์บุรี
43,โลตัส ชนบท,6602-th,Lotus market,Supermarket,336 ม.3 ตำบลชนบท อำเภอชนบท จังหวัดขอนแก่น 40180 ,16.090325,102.616121,ชนบท,ชนบท,ขอนแก่น
44,โลตัส บ้านโฮ่ง,6601-th,Lotus market,Supermarket,431 ม.1 ตำบลบ้านโฮ่ง อำเภอบ้านโฮ่ง จังหวัดลำพูน 51130 ,18.301216,98.817252,บ้านโฮ่ง,บ้านโฮ่ง,ลำพูน
45,โลตัส บุณฑริก,6600-th,Lotus market,Supermarket,198 ม.2 ตำบลบัวงาม อำเภอบุณฑริก จังหวัดอุบลราชธานี 34230 ,14.762313,105.397126,บัวงาม,บุณฑริก,อุบลราชธานี
46,โลตัส บรรพตพิสัย,6599-th,Lotus market,Supermarket,528/15 ม.7 ตำบลเจริญผล อำเภอบรรพตพิสัย จังหวัดนครสวรรค์ 60180 ,15.947429,99.984409,เจริญผล,บรรพตพิสัย,นครสวรรค์
47,โลตัส เขาพนม,6598-th,Lotus market,Supermarket,256/1 ม.5 ถ.เหนือคลอง-ชัยบุรี ตำบลเขาพนม อำเภอเขาพนม จังหวัดกระบี่ 81140 ,8.278782,99.050344,เขาพนม,เขาพนม,กระบี่
48,โลตัส วัดไพร่ฟ้า ,6597-th,Lotus market,Supermarket,105/1 ม.5 ตำบลบางเดื่อ อำเภอเมืองปทุมธานี จังหวัดปทุมธานี 12000 ,13.980502,100.513756,บางเดื่อ,เมืองปทุมธานี,ปทุมธานี
49,โลตัส ดอนทอง,6595-th,Lotus market,Supermarket,663/21 ถ.ศุขประยูร ตำบลหน้าเมือง อำเภอเมืองฉะเชิงเทรา จังหวัดฉะเชิงเทรา 24000 ,13.665998,101.09309,หน้าเมือง,เมืองฉะเชิงเทรา,ฉะเชิงเทรา
50,โลตัส ขุนหาญ,6594-th,Lotus market,Supermarket,89 ม.6 ถ.ขุนหาญ-ศรีสะเกษ ตำบลสิ อำเภอขุนหาญ จังหวัดศรีสะเกษ 33150 ,14.626231,104.420884,สิ,ขุนหาญ,ศรีสะเกษ
51,โลตัส โก เฟรช หัวหิน - หัวนา,6593-th,Lotus market,Supermarket,129/14 ซ.ม.บ้านหนองแก ตำบลหนองแก อำเภอหัวหิน จังหวัดประจวบคีรีขันธ์ 77110 ,12.533219,99.961416,หนองแก,หัวหิน,ประจวบคีรีขันธ์
52,โลตัส หนองบัว,6592-th,Lotus market,Supermarket,199/9 ม.3 ตำบลหนองกลับ อำเภอหนองบัว จังหวัดนครสวรรค์ 60110 ,15.866518,100.596164,หนองกลับ,หนองบัว,นครสวรรค์
53,โลตัส แปลงยาว,6591-th,Lotus market,Supermarket,232 ม.8 ตำบลแปลงยาว อำเภอแปลงยาว จังหวัดฉะเชิงเทรา 24190 ,13.585416,101.289356,แปลงยาว,แปลงยาว,ฉะเชิงเทรา
54,โลตัส ระยอง ทาวน์,6590-th,Lotus market,Supermarket,102/24 ม.2 ตำบลทับมา อำเภอเมืองระยอง จังหวัดระยอง 21150 ,12.700050000000001,101.221226,ทับมา,เมืองระยอง,ระยอง
55,โลตัส กันทรารมย์,6589-th,Lotus market,Supermarket,400 ม.14 ตำบลดูน อำเภอกันทรารมย์ จังหวัดศรีสะเกษ 33130 ,15.099324,104.583142,ดูน,กันทรารมย์,ศรีสะเกษ
56,โลตัส ป่าพะยอม,6588-th,Lotus market,Supermarket,508 ม.1 ตำบลบ้านพร้าว อำเภอป่าพะยอม จังหวัดพัทลุง 93110 ,7.836024,99.939257,บ้านพร้าว,ป่าพะยอม,พัทลุง
57,โลตัส ตลาดบ้านใหม่,6587-th,Lotus market,Supermarket,12/27 ถ.ฉะเชิงเทรา-บางน้ำเปรี้ยว ตำบลหน้าเมือง อำเภอเมืองฉะเชิงเทรา จังหวัดฉะเชิงเทรา 24000 ,13.702145,101.092378,หน้าเมือง,เมืองฉะเชิงเทรา,ฉะเชิงเทรา
58,โลตัส ปงสนุก,6586-th,Lotus market,Supermarket,45/1 ถ.จามเทวี ตำบลเวียงเหนือ อำเภอเมืองลำปาง จังหวัดลำปาง 52000 ,18.297325,99.496479,เวียงเหนือ,เมืองลำปาง,ลำปาง
59,โลตัส โก เฟรช เสมาฟ้าคราม,6585-th,Lotus market,Supermarket,97 ซ.รังสิต-นครนายก 46 ตำบลประชาธิปัตย์ อำเภอธัญบุรี จังหวัดปทุมธานี 12130 ,13.976975,100.644414,ประชาธิปัตย์,ธัญบุรี,ปทุมธานี
60,โลตัส หนองสองห้อง,6584-th,Lotus market,Supermarket,405 ม.1 ตำบลหนองสองห้อง อำเภอหนองสองห้อง จังหวัดขอนแก่น 40190 ,15.734311,102.788767,หนองสองห้อง,หนองสองห้อง,ขอนแก่น
61,โลตัส ห้วยยอด,6582-th,Lotus market,Supermarket,481 ถ.เพชรเกษม ตำบลห้วยยอด อำเภอห้วยยอด จังหวัดตรัง 92130 ,7.7953589999999995,99.623536,ห้วยยอด,ห้วยยอด,ตรัง
62,โลตัส เกาะโพธิ์,6580-th,Lotus market,Supermarket,100 ม.4 ตำบลท่าบุญมี อำเภอเกาะจันทร์ จังหวัดชลบุรี 20240 ,13.396162,101.279981,ท่าบุญมี,เกาะจันทร์,ชลบุรี
63,โลตัส ลำทับ,6579-th,Lotus market,Supermarket,680 ม.5 ต. ลำทับ อำเภอลำทับ จังหวัดกระบี่ 81120 ,8.06566,99.302337,ลำทับ,ลำทับ,กระบี่
64,โลตัส ห้างฉัตร,6578-th,Lotus market,Supermarket,216/1 ม.6 ตำบลห้างฉัตร อำเภอห้างฉัตร จังหวัดลำปาง 52190 ,18.319262,99.357985,ห้างฉัตร,ห้างฉัตร,ลำปาง
65,โลตัส โก เฟรช ท่าตะโก,6577-th,Lotus market,Supermarket,634 ม.1 ตำบลท่าตะโก อำเภอท่าตะโก จังหวัดนครสวรรค์ 60160 ,15.639956,100.485889,ท่าตะโก,ท่าตะโก,นครสวรรค์
66,โลตัส ศรีเชียงใหม่,6576-th,Lotus market,Supermarket,200 ม.3 ตำบลพานพร้าว อำเภอศรีเชียงใหม่ จังหวัดหนองคาย 43130 ,17.955552,102.575732,พานพร้าว,ศรีเชียงใหม่,หนองคาย
67,โลตัส เวียงสา,6575-th,Lotus market,Supermarket,725 ม.4 ตำบลกลางเวียง อำเภอเวียงสา จังหวัดน่าน 55110 ,18.568184,100.739687,กลางเวียง,เวียงสา,น่าน
68,โลตัส กระบี่ ทาวน์,6574-th,Lotus market,Supermarket,315 ถ.มหาราช ตำบลปากน้ำ อำเภอเมืองกระบี่ จังหวัดกระบี่ 81000 ,8.075865,98.908685,ปากน้ำ,เมืองกระบี่,กระบี่
69,โลตัส พุนพิน,6573-th,Lotus market,Supermarket,300/5 ถ.ธราธิบดี ตำบลท่าข้าม อำเภอพุนพิน จังหวัดสุราษฎร์ธานี 84130 ,9.109853,99.242151,ท่าข้าม,พุนพิน,สุราษฎร์ธานี
70,โลตัส น้ำยืน,6572-th,Lotus market,Supermarket,200 ม.10 ตำบลสีวิเชียร อำเภอน้ำยืน จังหวัดอุบลราชธานี 34260 ,14.487124,105.006402,สีวิเชียร,น้ำยืน,อุบลราชธานี
71,โลตัส โก เฟรช ท่าแซะ,6571-th,Lotus market,Supermarket,17 ม.1 ตำบลท่าแซะ อำเภอท่าแซะ จังหวัดชุมพร 86140 ,10.659772,99.191366,ท่าแซะ,ท่าแซะ,ชุมพร
72,โลตัส คลองด่าน,6570-th,Lotus market,Supermarket,888/2 ม.13 ตำบลคลองด่าน อำเภอบางบ่อ จังหวัดสมุทรปราการ 10550 ,13.506001,100.830095,คลองด่าน,บางบ่อ,สมุทรปราการ
73,โลตัส วัฒนานคร,6569-th,Lotus market,Supermarket,561 ม.12 ตำบลวัฒนานคร อำเภอวัฒนานคร จังหวัดสระแก้ว 27160 ,13.74647,102.317864,วัฒนานคร,วัฒนานคร,สระแก้ว
74,โลตัส ด่านซ้าย,6567-th,Lotus market,Supermarket,541 ม. 3 ตำบลด่านซ้าย อำเภอด่านซ้าย จังหวัดเลย 42120 ,17.275555,101.156942,ด่านซ้าย,ด่านซ้าย,เลย
75,โลตัส สนามชัยเขต,6566-th,Lotus market,Supermarket,689 ม.14 ตำบลคู้ยายหมี อำเภอสนามชัยเขต จังหวัดฉะเชิงเทรา 24160 ,13.660034,101.436414,คู้ยายหมี,สนามชัยเขต,ฉะเชิงเทรา
76,โลตัส โก เฟรช โคราชเวส,6565-th,Lotus market,Supermarket,3093 ถ.สืบศิริ ตำบลในเมือง อำเภอเมืองนครราชสีมา จังหวัดนครราชสีมา 30000 ,14.957892,102.058755,ในเมือง,เมืองนครราชสีมา,นครราชสีมา
77,โลตัส โคกกลอย,6563-th,Lotus market,Supermarket,1/9 ม.1 ตำบลโคกกลอย อำเภอตะกั่วทุ่ง จังหวัดพังงา 82140 ,8.275356,98.304869,โคกกลอย,ตะกั่วทุ่ง,พังงา
78,โลตัส เหนือคลอง,6562-th,Lotus market,Supermarket,346/1 ม.2 ตำบลเหนือคลอง อำเภอเหนือคลอง จังหวัดกระบี่ 81130 ,8.065508,99.004373,เหนือคลอง,เหนือคลอง,กระบี่
79,โลตัส บางพระ,6561-th,Lotus market,Supermarket,111/1 ม. 2 ตำบลบางพระ อำเภอศรีราชา จังหวัดชลบุรี 20110 ,13.221687,100.939045,บางพระ,ศรีราชา,ชลบุรี
80,โลตัส แพรกษา,6560-th,Lotus market,Supermarket,502 ม.3 ตำบลแพรกษา อำเภอเมืองสมุทรปราการ จังหวัดสมุทรปราการ 10270 ,13.573355,100.639055,แพรกษา,เมืองสมุทรปราการ,สมุทรปราการ
81,โลตัส อากาศอำนวย,6559-th,Lotus market,Supermarket,440 ม. 17 ตำบลอากาศ อำเภออากาศอำนวย จังหวัดสกลนคร 47170 ,17.588509,103.980815,อากาศ,อากาศอำนวย,สกลนคร
82,โลตัส เถิน,6558-th,Lotus market,Supermarket,371 ม.12 ตำบลล้อมแรด อำเภอเถิน จังหวัดลำปาง 52160 ,17.622965,99.235565,ล้อมแรด,เถิน,ลำปาง
83,โลตัส คลองท่อม,6557-th,Lotus market,Supermarket,181/1 ม.2 ตำบลคลองท่อมใต้ อำเภอคลองท่อม จังหวัดกระบี่ 81120 ,7.932988,99.146332,คลองท่อมใต้,คลองท่อม,กระบี่
84,โลตัส ทุ่งตะโก,6556-th,Lotus market,Supermarket,107/25 ม.6 ตำบลทุ่งตะไคร อำเภอทุ่งตะโก จังหวัดชุมพร 86220 ,10.138843,99.093449,ทุ่งตะไคร,ทุ่งตะโก,ชุมพร
85,โลตัส น้ำพอง,6555-th,Lotus market,Supermarket,413 ม.10 ตำบลหนองกุง อำเภอน้ำพอง จังหวัดขอนแก่น 40140 ,16.713922,102.872722,หนองกุง,น้ำพอง,ขอนแก่น
86,โลตัส จอมเทียน,6554-th,Lotus market,Supermarket,263/174 ม. 12 ตำบลหนองปรือ อำเภอบางละมุง จังหวัดชลบุรี 20150 ,12.883369,100.906763,หนองปรือ,บางละมุง,ชลบุรี
87,โลตัส โก เฟรช ประชาอุทิศ,6553-th,Lotus market,Supermarket,42 ถ.ประชาอุทิศ แขวงทุ่งครุ เขตทุ่งครุ จังหวัดกรุงเทพมหานคร 10140 ,13.63885,100.50022,ทุ่งครุ,ทุ่งครุ,กรุงเทพมหานคร
88,โลตัส ม่วงสามสิบ,6552-th,Lotus market,Supermarket,209 ม. 1 ตำบลม่วงสามสิบ อำเภอม่วงสามสิบ จังหวัดอุบลราชธานี 34140 ,15.521341,104.719587,ม่วงสามสิบ,ม่วงสามสิบ,อุบลราชธานี
89,โลตัส โก เฟรช บ่อพลอย,6551-th,Lotus market,Supermarket,425/10 ม.1 ตำบลบ่อพลอย อำเภอบ่อพลอย จังหวัดกาญจนบุรี 71160 ,14.317929,99.517059,บ่อพลอย,บ่อพลอย,กาญจนบุรี
90,โลตัส กุดจับ,6550-th,Lotus market,Supermarket,197 ม.1 ตำบลเมืองเพีย อำเภอกุดจับ จังหวัดอุดรธานี 41250 ,17.420727,102.56913,เมืองเพีย,กุดจับ,อุดรธานี
91,โลตัส นาหว้า,6549-th,Lotus market,Supermarket,19/19 ม.1 ตำบลนาหว้า อำเภอนาหว้า จังหวัดนครพนม 48180 ,17.47569,104.100092,นาหว้า,นาหว้า,นครพนม
92,โลตัส จังโหลน,6548-th,Lotus market,Supermarket,33/22 ม.7 ถ.กาญจนวนิช ตำบลสำนักขาม อำเภอสะเดา จังหวัดสงขลา 90320 ,6.526973,100.417127,สำนักขาม,สะเดา,สงขลา
93,โลตัส รัตภูมิ,6547-th,Lotus market,Supermarket,445 ม.1 ตำบลกำแพงเพชร อำเภอรัตภูมิ จังหวัดสงขลา 90180 ,7.136859,100.263512,กำแพงเพชร,รัตภูมิ,สงขลา
94,โลตัส เพ็ญ,6546-th,Lotus market,Supermarket,285 ม. 11 ตำบลเพ็ญ อำเภอเพ็ญ จังหวัดอุดรธานี 41150 ,17.692412,102.910636,เพ็ญ,เพ็ญ,อุดรธานี
95,โลตัส บางสะพาน,6545-th,Lotus market,Supermarket,3 ม.5 ตำบลกำเนิดนพคุณ อำเภอบางสะพาน จังหวัดประจวบคีรีขันธ์ 77140 ,11.225459,99.495036,กำเนิดนพคุณ,บางสะพาน,ประจวบคีรีขันธ์
96,โลตัส ย่านตาขาว,6544-th,Lotus market,Supermarket,111/9 ม.1 ถ.ตรัง-ปะเหลียน ตำบลย่านตาขาว อำเภอย่านตาขาว จังหวัดตรัง 92140 ,7.378824,99.672842,ย่านตาขาว,ย่านตาขาว,ตรัง
97,โลตัส พานทอง,6543-th,Lotus market,Supermarket,250 ม. 10 ตำบลพานทอง อำเภอพานทอง จังหวัดชลบุรี 20160 ,13.462077,101.093717,พานทอง,พานทอง,ชลบุรี
98,โลตัส คำตากล้า,6542-th,Lotus market,Supermarket,250 ม. 11 ตำบลคำตากล้า อำเภอคำตากล้า จังหวัดสกลนคร 47250 ,17.856297,103.762617,คำตากล้า,คำตากล้า,สกลนคร
99,โลตัส กุดชุม,6541-th,Lotus market,Supermarket,395 ม.14 ตำบลกุดชุม อำเภอกุดชุม จังหวัดยโสธร 35140 ,16.02577,104.336935,กุดชุม,กุดชุม,ยโสธร
100,โลตัส ป่าติ้ว,6540-th,Lotus market,Supermarket,415 ม.6 ตำบลโพธิ์ไทร อำเภอป่าติ้ว จังหวัดยโสธร 35150 ,15.83316,104.394097,โพธิ์ไทร,ป่าติ้ว,ยโสธร
101,โลตัส เขื่องใน,6499-th,Lotus market,Supermarket,689 ม. 4 ตำบลเขื่องใน อำเภอเขื่องใน จังหวัดอุบลราชธานี 34150 ,15.39644,104.552089,เขื่องใน,เขื่องใน,อุบลราชธานี
102,โลตัส โก เฟรช พระแท่น,6498-th,Lotus market,Supermarket,115/4 ม.10 ตำบลพระแท่น อำเภอท่ามะกา จังหวัดกาญจนบุรี 71120 ,14.039377,99.788865,พระแท่น,ท่ามะกา,กาญจนบุรี
103,โลตัส โก เฟรช ตลาดเขต,6497-th,Lotus market,Supermarket,149 ม.5 ตำบลรางหวาย อำเภอพนมทวน จังหวัดกาญจนบุรี 71140 ,14.252649,99.819884,รางหวาย,พนมทวน,กาญจนบุรี
104,โลตัส โก เฟรช พรานกระต่าย,6496-th,Lotus market,Supermarket,82 ม.1 ตำบลถ้ำกระต่ายทอง อำเภอพรานกระต่าย จังหวัดกำแพงเพชร 62110 ,16.677131,99.590063,ถ้ำกระต่ายทอง,พรานกระต่าย,กำแพงเพชร
105,โลตัส ท้ายเหมือง,6495-th,Lotus market,Supermarket,3/60 ม.2 ตำบลท้ายเหมือง อำเภอท้ายเหมือง จังหวัดพังงา 82120 ,8.387799,98.27025,ท้ายเหมือง,ท้ายเหมือง,พังงา
106,โลตัส ควนขนุน,6494-th,Lotus market,Supermarket,228 ม.5 ตำบลควนขนุน อำเภอควนขนุน จังหวัดพัทลุง 93110 ,7.734662,100.011478,ควนขนุน,ควนขนุน,พัทลุง
107,โลตัส บ้านหมอ,6493-th,Lotus market,Supermarket,542 ม.11 ตำบลบ้านครัว อำเภอบ้านหมอ จังหวัดสระบุรี 18130 ,14.575917,100.771282,บ้านครัว,บ้านหมอ,สระบุรี
108,โลตัส โก เฟรช บางบัวทอง,6492-th,Lotus market,Supermarket,222-240 ม.3 ตำบลบางรักพัฒนา อำเภอบางบัวทอง จังหวัดนนทบุรี 11110 ,13.89754,100.429106,บางรักพัฒนา,บางบัวทอง,นนทบุรี
109,โลตัส ปัว,6491-th,Lotus market,Supermarket,192 ม.4 ตำบลวรนคร อำเภอปัว จังหวัดน่าน 55120 ,19.18014,100.919116,วรนคร,ปัว,น่าน
110,โลตัส ท่าอุเทน,6490-th,Lotus market,Supermarket,211/12 ม.1 ตำบลท่าอุเทน อำเภอท่าอุเทน จังหวัดนครพนม 48120 ,17.569715,104.603224,ท่าอุเทน,ท่าอุเทน,นครพนม
111,โลตัส โก เฟรช บางปะกง,6489-th,Lotus market,Supermarket,90 ม. 14 ตำบลบางวัว อำเภอบางปะกง จังหวัดฉะเชิงเทรา 24130 ,13.543288,100.973817,บางวัว,บางปะกง,ฉะเชิงเทรา
112,โลตัส ท่ามะเขือ,6488-th,Lotus market,Supermarket,1221 ม. 2 ตำบลท่ามะเขือ อำเภอคลองขลุง จังหวัดกำแพงเพชร 62120 ,16.229518,99.7335,ท่ามะเขือ,คลองขลุง,กำแพงเพชร
113,โลตัส ลานกระบือ,6487-th,Lotus market,Supermarket,39/9 ม. 6 ตำบลลานกระบือ อำเภอลานกระบือ จังหวัดกำแพงเพชร 62170 ,16.594102,99.853794,ลานกระบือ,ลานกระบือ,กำแพงเพชร
114,โลตัส นาแก,6486-th,Lotus market,Supermarket,666 ม. 4 ต. นาแก อำเภอนาแก จังหวัดนครพนม 48130 ,16.945734,104.507309,นาแก,นาแก,นครพนม
115,โลตัส บ้านแพง,6485-th,Lotus market,Supermarket,111 ม. 3 ตำบลบ้านเเพง อำเภอบ้านเเพง จังหวัดนครพนม 48140 ,17.960449,104.211436,บ้านเเพง,บ้านเเพง,นครพนม
116,โลตัส โก เฟรช ตะพานหิน,6483-th,Lotus market,Supermarket,599/1 ม. 3 ตำบลห้วยเกตุ อำเภอตะพานหิน จังหวัดพิจิตร 66110 ,16.21783,100.410284,ห้วยเกตุ,ตะพานหิน,พิจิตร
117,โลตัส บ้านนา,6482-th,Lotus market,Supermarket,307 ม.10 ตำบลบ้านนา อำเภอบ้านนา จังหวัดนครนายก 26110 ,14.258204,101.074521,บ้านนา,บ้านนา,นครนายก
118,โลตัส ปลวกแดง,6481-th,Lotus market,Supermarket,629 ม. 1 ตำบลปลวกแดง อำเภอปลวกแดง จังหวัดระยอง 21140 ,12.979466,101.212596,ปลวกแดง,ปลวกแดง,ระยอง
119,โลตัส จุน,6480-th,Lotus market,Supermarket,151/1 ม. 6 ตำบลห้วยข้าวก่ำ อำเภอจุน จังหวัดพะเยา 56150 ,19.343353,100.121729,ห้วยข้าวก่ำ,จุน,พะเยา
120,โลตัส บ้านดุง,6479-th,Lotus market,Supermarket,68 ถ. บริบาลดำริ ต. ศรีสุทโธ อำเภอบ้านดุง จังหวัดอุดรธานี 41190 ,17.674935,103.253375,ศรีสุทโธ,บ้านดุง,อุดรธานี
121,โลตัส ขลุง,6477-th,Lotus market,Supermarket,53/4 ม. 1 ตำบลวันยาว อำเภอขลุง จังหวัดจันทบุรี 22110 ,12.456719,102.233973,วันยาว,ขลุง,จันทบุรี
122,โลตัส บ้านหมี่,6476-th,Lotus market,Supermarket,186 ม.5 ตำบลโพนทอง อำเภอบ้านหมี่ จังหวัดลพบุรี 15110 ,15.045725,100.548766,โพนทอง,บ้านหมี่,ลพบุรี
123,โลตัส บางน้ำเปรี้ยว,6475-th,Lotus market,Supermarket,231 ม. 5 ตำบลโพรงอากาศ อำเภอบางน้ำเปรี้ยว จังหวัดฉะเชิงเทรา 24150 ,13.846889000000001,101.058049,โพรงอากาศ,บางน้ำเปรี้ยว,ฉะเชิงเทรา
124,โลตัส โพนพิสัย,6474-th,Lotus market,Supermarket,292 ม. 13 ตำบลจุมพล อำเภอโพนพิสัย จังหวัดหนองคาย 43120 ,18.025829,103.083526,จุมพล,โพนพิสัย,หนองคาย
125,โลตัส พิษณุโลก ทาวน์,6473-th,Lotus market,Supermarket,394/10 ถ.ศรีธรรมไตรปิฎก ตำบลในเมือง อำเภอเมืองพิษณุโลก จังหวัดพิษณุโลก 65000 ,16.799547,100.26407,ในเมือง,เมืองพิษณุโลก,พิษณุโลก
126,โลตัส อ่างศิลา,6472-th,Lotus market,Supermarket,163/24 ม. 3 ตำบลเสม็ด อำเภอเมืองชลบุรี จังหวัดชลบุรี 20000 ,13.333707,100.934695,เสม็ด,เมืองชลบุรี,ชลบุรี
127,โลตัส โก เฟรช รามอินทรา 109,6457-th,Lotus market,Supermarket,811 ถ.พระยาสุเรนทร์ แขวงบางชัน เขตคลองสามวา กทม. 10510 ,13.835774,100.696213,บางชัน,คลองสามวา,กทม.
128,โลตัส พุทธมณฑลสาย4,6471-th,Lotus market,Supermarket,97 ม.6 ตำบลกระทุ่มล้ม อำเภอสามพราน จังหวัดนครปฐม 73110 ,13.738544,100.330552,กระทุ่มล้ม,สามพราน,นครปฐม
129,โลตัส กระนวน,6469-th,Lotus market,Supermarket,400 ม. 10 ตำบลหนองโก อำเภอกระนวน จังหวัดขอนแก่น 40170 ,16.702035,103.082616,หนองโก,กระนวน,ขอนแก่น
130,โลตัส เลิงนกทา,6468-th,Lotus market,Supermarket,568 ม. 13 ตำบลสามแยก อำเภอเลิงนกทา จังหวัดยโสธร 35120 ,16.201133,104.555825,สามแยก,เลิงนกทา,ยโสธร
131,โลตัส พังโคน,6467-th,Lotus market,Supermarket,482 ม. 8 ตำบลพังโคน อำเภอพังโคน จังหวัดสกลนคร 47160 ,17.390095,103.712376,พังโคน,พังโคน,สกลนคร
132,โลตัส กะทู้,6465-th,Lotus market,Supermarket,47 ม.5 ตำบลกะทู้ อำเภอกะทู้ จังหวัดภูเก็ต 83120 ,7.913139,98.336435,กะทู้,กะทู้,ภูเก็ต
133,โลตัส หนองแค,6464-th,Lotus market,Supermarket,118 ถ.พหลโยธินสายใหม่ ตำบลหนองแค อำเภอหนองแค จังหวัดสระบุรี 18140 ,14.348219,100.869092,หนองแค,หนองแค,สระบุรี
134,โลตัส โก เฟรช พระนั่งเกล้า,6463-th,Lotus market,Supermarket,204/18 ม.6 ตำบลบางกะสอ อำเภอเมืองนนทบุรี จังหวัดนนทบุรี 11000 ,13.866532,100.48291,บางกะสอ,เมืองนนทบุรี,นนทบุรี
135,โลตัส โก เฟรช จามจุรี สแควร์,6462-th,Lotus market,Supermarket,317 ถ.พญาไท แขวงปทุมวัน เขตปทุมวัน กทม. 10330 ,13.732233,100.531475,ปทุมวัน,ปทุมวัน,กทม.
136,โลตัส บัวใหญ่,6461-th,Lotus market,Supermarket,11/4 ถ.เทศบาล 12 ตำบลบัวใหญ่ อำเภอบัวใหญ่ จังหวัดนครราชสีมา 30120 ,15.593745,102.429281,บัวใหญ่,บัวใหญ่,นครราชสีมา
137,โลตัส สุวรรณภูมิ,6460-th,Lotus market,Supermarket,100 ม.20 ตำบลสระคู อำเภอสุวรรณภูมิ จังหวัดร้อยเอ็ด 45130 ,15.602659,103.806642,สระคู,สุวรรณภูมิ,ร้อยเอ็ด
138,โลตัส ละงู,6459-th,Lotus market,Supermarket,1473 ม.3 ตำบลกำแพง อำเภอละงู จังหวัดสตูล 91110 ,6.896862,99.78996,กำแพง,ละงู,สตูล
139,โลตัส เพชรบุรี,6456-th,Lotus market,Supermarket,189/7 ม.6 ตำบลบ้านหม้อ อำเภอเมืองเพชรบุรี จังหวัดเพชรบุรี 76000 ,13.102528,99.939161,บ้านหม้อ,เมืองเพชรบุรี,เพชรบุรี
140,โลตัส ลำลูกกา คลอง 4,6455-th,Lotus market,Supermarket,70 ม.6 ตำบลลาดสวาย อำเภอลำลูกกา จังหวัดปทุมธานี 12150 ,13.979834,100.685824,ลาดสวาย,ลำลูกกา,ปทุมธานี
141,โลตัส หนองไผ่,6454-th,Lotus market,Supermarket,100 ม.5 ตำบลหนองไผ่ อำเภอหนองไผ่ จังหวัดเพชรบูรณ์ 67140 ,15.993094,101.065766,หนองไผ่,หนองไผ่,เพชรบูรณ์
142,โลตัส ดี เซ็นเตอร์,6453-th,Lotus market,Supermarket,"200,200/1 ถ.บำรุงราษฏร์ ตำบลในเมือง อำเภอเมืองกำแพงเพชร จังหวัดกำแพงเพชร 62000 ",16.471376,99.533995,ในเมือง,เมืองกำแพงเพชร,กำแพงเพชร
143,โลตัส ชุมแสง,6452-th,Lotus market,Supermarket,123/59 ถ.แสงราษฎรใต้ ตำบลชุมแสง อำเภอชุมแสง จังหวัดนครสวรรค์ 60120 ,15.887505,100.304842,ชุมแสง,ชุมแสง,นครสวรรค์
144,โลตัส หนองหาน,6451-th,Lotus market,Supermarket,92 ม.11 ตำบลหนองหาน อำเภอหนองหาน จังหวัดอุดรธานี 41130 ,17.360937,103.112737,หนองหาน,หนองหาน,อุดรธานี
145,โลตัส ราไวย์,6450-th,Lotus market,Supermarket,6/43 ม.5 ตำบลราไวย์ อำเภอเมือง จังหวัดภูเก็ต 83130 ,7.8158449999999995,98.340185,ราไวย์,เมือง,ภูเก็ต
146,โลตัส อ่าวลึก,6449-th,Lotus market,Supermarket,15/9 ม.2 ตำบลอ่าวลึกเหนือ อำเภออ่าวลึก จังหวัดกระบี่ 81110 ,8.391094,98.741806,อ่าวลึกเหนือ,อ่าวลึก,กระบี่
147,โลตัส เจ้าฟ้า,6448-th,Lotus market,Supermarket,75/22 ม.2 ตำบลวิชิต อำเภอเมือง จังหวัดภูเก็ต 83000 ,7.859564,98.364731,วิชิต,เมือง,ภูเก็ต
148,โลตัส เกาะพะงัน,6447-th,Lotus market,Supermarket,209/9 ม.1 ตำบลเกาะพะงัน อำเภอเกาะพะงัน จังหวัดสุราษฎร์ธานี 84280 ,9.71174,99.990647,เกาะพะงัน,เกาะพะงัน,สุราษฎร์ธานี
149,โลตัส พิบูลมังสาหาร,6445-th,Lotus market,Supermarket,42/27 ถ.สถิตย์นิมานการ ตำบลพิบูล อำเภอพิบูลมังสาหาร จังหวัดอุบลราชธานี 34110 ,15.240732,105.234105,พิบูล,พิบูลมังสาหาร,อุบลราชธานี
150,โลตัส บางปะอิน,6444-th,Lotus market,Supermarket,15/3 ม.10 ถ.อุดมสรยุทธ ตำบลบ้านเลน อำเภอบางปะอิน จังหวัดพระนครศรีอยุธยา 13160 ,14.222887,100.575555,บ้านเลน,บางปะอิน,พระนครศรีอยุธยา
151,โลตัส โก เฟรช ลำปลายมาศ,6443-th,Lotus market,Supermarket,828/1 ม.9 ตำบลลำปลายมาศ อำเภอลำปลายมาศ จังหวัดบุรีรัมย์ 31130 ,15.025214,102.83574,ลำปลายมาศ,ลำปลายมาศ,บุรีรัมย์
152,โลตัส กันตัง,6441-th,Lotus market,Supermarket,290/2 ถ.ตรังคภูมิ ตำบลกันตัง อำเภอกันตัง จังหวัดตรัง 92100 ,7.408187,99.522668,กันตัง,กันตัง,ตรัง
153,โลตัส เชิงทะเล,6439-th,Lotus market,Supermarket,474 ถ.ศรีสุนทร ตำบลเชิงทะเล อำเภอถลาง จังหวัดภูเก็ต 83110 ,7.986034,98.301216,เชิงทะเล,ถลาง,ภูเก็ต
154,โลตัส โก เฟรช เซ็นทรัล พัทยา,6438-th,Lotus market,Supermarket,353/52 ม.9 ตำบลหนองปรือ อำเภอบางละมุง จังหวัดชลบุรี 20150 ,12.933996,100.903708,หนองปรือ,บางละมุง,ชลบุรี
155,โลตัส ปากพนัง,6437-th,Lotus market,Supermarket,185/21 ถ.พานิชสัมพันธ์ ตำบลปากพนัง อำเภอปากพนัง จังหวัดนครศรีธรรมราช 80140 ,8.336937,100.202082,ปากพนัง,ปากพนัง,นครศรีธรรมราช
156,โลตัส ป่าซาง,6436-th,Lotus market,Supermarket,259 ม.3 ตำบลป่าซาง อำเภอป่าซาง จังหวัดลำพูน 51120 ,18.513175,98.942392,ป่าซาง,ป่าซาง,ลำพูน
157,โลตัส ดำเนินสะดวก,6435-th,Lotus market,Supermarket,313 ม.4 ตำบลท่านัด อำเภอดำเนินสะดวก จังหวัดราชบุรี 70130 ,13.533659,99.965547,ท่านัด,ดำเนินสะดวก,ราชบุรี
158,โลตัส บ่อสร้าง,6433-th,Lotus market,Supermarket,179/4 ม.2 ตำบลต้นเปา อำเภอสันกำแพง จังหวัดเชียงใหม่ 50130 ,18.764375,99.079097,ต้นเปา,สันกำแพง,เชียงใหม่
159,โลตัส ปักธงชัย,6432-th,Lotus market,Supermarket,50 ม.12 ตำบลเมืองปัก อำเภอปักธงชัย จังหวัดนครราชสีมา 30150 ,14.714437,102.021428,เมืองปัก,ปักธงชัย,นครราชสีมา
160,โลตัส ท่าม่วง,6430-th,Lotus market,Supermarket,99 ม.4 ตำบลท่าม่วง อำเภอท่าม่วง จังหวัดกาญจนบุรี 71110 ,13.978331,99.626081,ท่าม่วง,ท่าม่วง,กาญจนบุรี
161,โลตัส สองพี่น้อง,6429-th,Lotus market,Supermarket,90/11 ถ.บางลี่- หนองวัลย์เปรียง ตำบลสองพี่น้อง อำเภอสองพี่น้อง จังหวัดสุพรรณบุรี 72110 ,14.227912,100.029398,สองพี่น้อง,สองพี่น้อง,สุพรรณบุรี
162,โลตัส โก เฟรช บ้านเพ,6427-th,Lotus market,Supermarket,310/15 ม. 2 ตำบลเพ อำเภอเมืองระยอง จังหวัดระยอง 21160 ,12.630185,101.445699,เพ,เมืองระยอง,ระยอง
163,โลตัส พาน,6426-th,Lotus market,Supermarket,2567 ม. 1 ตำบลเมืองพาน อำเภอพาน จังหวัดเชียงราย 57120 ,19.552067,99.746769,เมืองพาน,พาน,เชียงราย
164,โลตัส สันทราย,6425-th,Lotus market,Supermarket,1 ม. 10 ตำบลสันทรายน้อย อำเภอสันทราย จังหวัดเชียงใหม่ 50210 ,18.831661,99.039195,สันทรายน้อย,สันทราย,เชียงใหม่
165,โลตัส ปากเกร็ด,6423-th,Lotus market,Supermarket,121/11 ม.3 ตำบลปากเกร็ด อำเภอปากเกร็ด จังหวัดนนทบุรี 11120 ,13.912473,100.496271,ปากเกร็ด,ปากเกร็ด,นนทบุรี
166,โลตัส แม่แตง,6422-th,Lotus market,Supermarket,239 ม. 2 ตำบลขี้เหล็ก อำเภอแม่แตง จังหวัดเชียงใหม่ 50150 ,19.090465,98.936034,ขี้เหล็ก,แม่แตง,เชียงใหม่
167,โลตัส สมุย,6421-th,Lotus market,Supermarket,88/3 1 ม.3 ตำบลอ่างทอง อำเภอเกาะสมุย จังหวัดสุราษฎร์ธานี 84140 ,9.536094,99.936683,อ่างทอง,เกาะสมุย,สุราษฎร์ธานี
168,โลตัส โพธาราม,6418-th,Lotus market,Supermarket,175 ถ.โพธาราม-บ้านเลือก ตำบลโพธาราม อำเภอโพธาราม จังหวัดราชบุรี 70120 ,13.699578,99.85873,โพธาราม,โพธาราม,ราชบุรี
169,โลตัส ท่ามะกา,6417-th,Lotus market,Supermarket,53/16 ม.3 ตำบลท่ามะกา อำเภอท่ามะกา จังหวัดกาญจนบุรี 71120 ,13.914814,99.768191,ท่ามะกา,ท่ามะกา,กาญจนบุรี
170,โลตัส บ้านแพ้ว,6416-th,Lotus market,Supermarket,331/1 ม.1 ตำบลหลักสาม อำเภอบ้านแพ้ว จังหวัดสมุทรสาคร 74120 ,13.58624,100.1083,หลักสาม,บ้านแพ้ว,สมุทรสาคร
171,โลตัส สวรรคโลก,6415-th,Lotus market,Supermarket,136/28 ถ.จรดวิถีถ่อง ตำบลเมืองสวรรคโลก อำเภอสวรรคโลก จังหวัดสุโขทัย 64100 ,17.305815,99.833591,เมืองสวรรคโลก,สวรรคโลก,สุโขทัย
172,โลตัส แก่งคอย,6414-th,Lotus market,Supermarket,45/3 ถ.สุดบรรทัด ตำบลแก่งคอย อำเภอแก่งคอย จังหวัดสระบุรี 18110 ,14.590368999999999,100.99474,แก่งคอย,แก่งคอย,สระบุรี
173,โลตัส สุรินทร์,6411-th,Lotus market,Supermarket,101 ถ.หนองดุม ตำบลในเมือง อำเภอเมือง จังหวัดสุรินทร์ 32000 ,14.890099,103.490571,ในเมือง,เมือง,สุรินทร์
174,โลตัส โก เฟรช วัชรพล,6409-th,Lotus market,Supermarket,3 ถ.วัชรพล แขวงท่าแร้ง เขตบางเขน กทม. 10230 ,13.854944,100.640529,ท่าแร้ง,บางเขน,กทม.
175,โลตัส พนัสนิคม,6407-th,Lotus market,Supermarket,1 ซอย1 ถ.ทุมมาวาส ตำบลพนัสนิคม อำเภอพนัสนิคม จังหวัดชลบุรี 20140 ,13.450579,101.180297,พนัสนิคม,พนัสนิคม,ชลบุรี
176,โลตัส ขอนแก่น,6406-th,Lotus market,Supermarket,69/9 ถ.กลางเมือง ตำบลในเมือง อำเภอเมือง จังหวัดขอนแก่น 40000. ,16.423141,102.833477,ในเมือง,เมือง,ขอนแก่น
177,โลตัส ปิ่นเกล้า,6404-th,Lotus market,Supermarket,125 ถ.สมเด็จพระปิ่นเกล้า แขวงบางยี่ขัน เขตบางพลัด กทม. 10700 ,13.771503,100.484332,บางยี่ขัน,บางพลัด,กทม.
178,โลตัส โก เฟรช ไชน่าทาวน์,6403-th,Lotus market,Supermarket,663-665 อาคารพิชัยญาติ ถ.มังกร แขวงจักรวรรดิ์ เขตสัมพันธวงศ์ กทม. 10110 ,13.741732,100.508271,จักรวรรดิ์,สัมพันธวงศ์,กทม.
179,โลตัส มหาสารคาม,6402-th,Lotus market,Supermarket,103 ถ.เลียบคลองสมถวิล ตำบลตลาด อำเภอเมือง จังหวัดมหาสารคาม 44000 ,16.179449,103.301366,ตลาด,เมือง,มหาสารคาม
180,โลตัส พงษ์เพชร,6401-th,Lotus market,Supermarket,99/9 ม.3 ตำบลบางเขน อำเภอเมือง จังหวัดนนทบุรี 11000 ,13.85494,100.5441,บางเขน,เมือง,นนทบุรี
181,"""โลตัส พิชัย, อุตรดิตถ์""",3502-th,Lotus market,Supermarket,391/5 ม.3 ตำบลในเมือง อำเภอพิชัย จังหวัดอุตรดิตถ์ 53120 ,17.296926,100.085301,ในเมือง,พิชัย,อุตรดิตถ์
182,"""โลตัส จตุรพักตรพิมาน, ร้อยเอ็ด""",3020-th,Lotus market,Supermarket,535 ม.1 ตำบลหัวช้าง อำเภอจตุรพักตรพิมาน จังหวัดร้อยเอ็ด 45180 ,15.840961,103.555929,หัวช้าง,จตุรพักตรพิมาน,ร้อยเอ็ด
183,"""โลตัส ยางตลาด, กาฬสินธ์""",3016-th,Lotus market,Supermarket,203 ม.20 ตำบลยางตลาด อำเภอยางตลาด จังหวัดกาฬสินธ์ 46120 ,16.393014,103.35576,ยางตลาด,ยางตลาด,กาฬสินธ์
184,"""โลตัส คลองถนน, นนทบุรี""",3015-th,Lotus market,Supermarket,43/6 ม.8 ตำบลเสาธงหิน อำเภอบางใหญ่ จังหวัดนนทบุรี 11140 ,13.892905,100.387758,เสาธงหิน,บางใหญ่,นนทบุรี
185,"""โลตัส พลิ้ว, จันทบุรี""",3014-th,Lotus market,Supermarket,70/25 ม.7 ตำบลพลิ้ว อำเภอแหลมสิงห์ จังหวัดจันทบุรี 22190 ,12.500627,102.148763,พลิ้ว,แหลมสิงห์,จันทบุรี
186,"""โลตัส พยุห์, ศรีสะเกษ """,3013-th,Lotus market,Supermarket,309 ม.1 ตำบลพยุห์ อำเภอพยุห์ จังหวัดศรีสะเกษ 33230 ,14.939441,104.39512,พยุห์,พยุห์,ศรีสะเกษ
187,"""โลตัส นากลาง 2, หนองบัวลำภู""",3012-th,Lotus market,Supermarket,109/40 ม.11 ตำบลนากลาง อำเภอนากลาง จังหวัดหนองบัวลำภู 39170 ,17.302217,102.201481,นากลาง,นากลาง,หนองบัวลำภู
188,"""โลตัส บ้านม่วง, สกลนคร""",3011-th,Lotus market,Supermarket,210 ม.1 ตำบลม่วง อำเภอบ้านม่วง จังหวัดสกลนคร 47140 ,17.851819,103.579987,ม่วง,บ้านม่วง,สกลนคร
189,"""โลตัส วาริชภูมิ, สกลนคร""",3010-th,Lotus market,Supermarket,608 ม.1 ถนนผดุงวารีย์ ตำบลวาริชภูมิ อำเภอวาริชภูมิ จังหวัดสกลนคร 47150 ,17.287411,103.639028,วาริชภูมิ,วาริชภูมิ,สกลนคร
190,"""โลตัส เรณูนคร, นครพนม""",3008-th,Lotus market,Supermarket,414 ม.9 ตำบลโพนทอง อำเภอเรณูนคร จังหวัดนครพนม 48170 ,17.050552,104.681894,โพนทอง,เรณูนคร,นครพนม
191,"""โลตัส ท่าพระ, ขอนแก่น """,3006-th,Lotus market,Supermarket,458 ม.10 ตำบลท่าพระ อำเภอเมืองขอนแก่น จังหวัดขอนแก่น 40260 ,16.338606,102.801688,ท่าพระ,เมืองขอนแก่น,ขอนแก่น
192,"""โลตัส ศรีมหาโพธิ์, ปราจีนบุรี""",3005-th,Lotus market,Supermarket,209/40 ม.4 ตำบลศรีมหาโพธิ์ อำเภอศรีมหาโพธิ์ จังหวัดปราจีนบุรี 25140 ,13.968764,101.514688,ศรีมหาโพธิ์,ศรีมหาโพธิ์,ปราจีนบุรี
193,โลตัส วัชรพล 2 กรุงเทพ,2483-th,Lotus market,Supermarket,19/3 ถนนวัชรพล แขวงคลองถนน เขตสายไหม กรุงเทพมหานคร 10220 ,13.891354,100.642105,คลองถนน,สายไหม,กรุงเทพมหานคร
