,name,store_id,name_store,store_type,address,lat,lng,subdistrict,district,province
0,กระทุ่มแบน 2,144,CJ Express,Convenience Stores,เลขที่ 438/143 ถ.ดอนไก่ดี ตำบลตลาดกระทุ่มแบน อำเภอกระทุ่มแบน จังหวัดสมุทรสาคร 74110 ,13.653934,100.254921,ตลาดกระทุ่มแบน,กระทุ่มแบน,สมุทรสาคร
1,กำนันแม้น,198,CJ Express,Convenience Stores,เลขที่ 85/326 หมู่ 3 ตำบลบางขุนเทียน อำเภอจอมทอง จังหวัดกรุงเทพมหานคร 10150 ,13.68747,100.44397,บางขุนเทียน,จอมทอง,กรุงเทพมหานคร
2,กำแพงแสน,46,CJ Express,Convenience Stores,เลขที่ 244 หมู่ 1 ตำบลกำแพงแสน อำเภอกำแพงแสน จังหวัดนครปฐม 73140 ,14.0027,99.990913,กำแพงแสน,กำแพงแสน,นครปฐม
3,กุยบุรี,96,CJ Express,Convenience Stores,เลขที่ 809/2 หมู่1 ตำบลกุยบุรี อำเภอกุยบุรี จังหวัดประจวบคีรีขันธ์ 77150 ,12.068301,99.864418,กุยบุรี,กุยบุรี,ประจวบคีรีขันธ์
4,ข้างประปา,146,CJ Express,Convenience Stores,เลขที่ 11 ถ.เทศบาลบำรุง 2 ตำบลบ้านเหนือ อำเภอเมืองกาญจนบุรี จังหวัดกาญจนบุรี 71000 ,14.031952,99.522179,บ้านเหนือ,เมืองกาญจนบุรี,กาญจนบุรี
5,คลองครุ,97,CJ Express,Convenience Stores,เลขที่ 70/40 หมู่7 ตำบลท่าทราย อำเภอเมืองสมุทรสาคร จังหวัดสมุทรสาคร 74000 ,13.572399,100.269722,ท่าทราย,เมืองสมุทรสาคร,สมุทรสาคร
6,คลองตัน,164,CJ Express,Convenience Stores,เลขที่ 35/23 หมู่ 5 ตำบลคลองตัน อำเภอบ้านแพ้ว จังหวัดสมุทรสาคร 74120 ,13.658648,100.165039,คลองตัน,บ้านแพ้ว,สมุทรสาคร
7,คลองถนน,240,CJ Express,Convenience Stores,เลขที่ 44/23 หมู่ที่ 8 ตำบลเสาธงหิน อำเภอบางใหญ่ จังหวัดนนทบุรี 11140 ,13.893658,100.376556,เสาธงหิน,บางใหญ่,นนทบุรี
8,คลองวาฬ,145,CJ Express,Convenience Stores,เลขที่ 360/5 หมู่ 1 ตำบลคลองวาฬ อำเภอเมืองประจวบคีรีขันธ์ จังหวัดประจวบคีรีขันธ์ 77000 ,11.744265,99.787872,คลองวาฬ,เมืองประจวบคีรีขันธ์,ประจวบคีรีขันธ์
9,คลองใหม่,294,CJ Express,Convenience Stores,เลขที่ 127/2 หมู่ที่ 7 ตำบลคลองใหม่ อำเภอสามพราน จังหวัดนครปฐม 73110 ,13.748731,100.198502,คลองใหม่,สามพราน,นครปฐม
10,จอมบึง 1,8,CJ Express,Convenience Stores,เลขที่ 299/18 หมู่ 3 ตำบลจอมบึง อำเภอจอมบึง จังหวัดราชบุรี 70150 ,13.620983,99.593544,จอมบึง,จอมบึง,ราชบุรี
11,จอมบึง 2,30,CJ Express,Convenience Stores,เลขที่ 680 หมู่ 3 ตำบลจอมบึง อำเภอจอมบึง จังหวัดราชบุรี 70150 ,13.620807,99.596413,จอมบึง,จอมบึง,ราชบุรี
12,ช่องสะเดา,268,CJ Express,Convenience Stores,เลขที่ 234 หมู่ที่ 1 ตำบลช่องสะเดา อำเภอเมืองกาญจนบุรี จังหวัดกาญจนบุรี 71000 ,14.223445,99.238869,ช่องสะเดา,เมืองกาญจนบุรี,กาญจนบุรี
13,ชะอำ 1,35,CJ Express,Convenience Stores,เลขที่ 19/7 ถนนราษฎร์พลี1 ตำบลชะอำ อำเภอชะอำ จังหวัดเพชรบุรี 76120 ,12.796295,99.9674,ชะอำ,ชะอำ,เพชรบุรี
14,ชะอำ2,100,CJ Express,Convenience Stores,เลขที่ 499/25 ถ.นราธิป ตำบลชะอำ อำเภอชะอำ จังหวัดเพชรบุรี 76120 ,12.796846,99.974197,ชะอำ,ชะอำ,เพชรบุรี
15,ชัฎป่าหวาย,50,CJ Express,Convenience Stores,เลขที่ 5/20 หมู่ 1 ตำบลป่าหวาย อำเภอสวนผึ้ง จังหวัดราชบุรี 70180 ,13.548632,99.443733,ป่าหวาย,สวนผึ้ง,ราชบุรี
16,ชุมชนจันทรคามพิทักษ์,223,CJ Express,Convenience Stores,เลขที่ 51/3 ถ.สนามจันทร์ ตำบลสนามจันทร์ อำเภอเมืองนครปฐม จังหวัดนครปฐม 73000 ,13.810663,100.041862,สนามจันทร์,เมืองนครปฐม,นครปฐม
17,ซอยคุณพระ,250,CJ Express,Convenience Stores,เลขที่ 29/255 หมู่ที่ 6 ตำบลคลองหนึ่ง อำเภอคลองหลวง จังหวัดปทุมธานี 12120 ,14.049139,100.614555,คลองหนึ่ง,คลองหลวง,ปทุมธานี
18,ซอยวัดลาดปลาดุก,203,CJ Express,Convenience Stores,เลขที่ 36/21 หมู่ที่ 8 ตำบลบางคูรัด อำเภอบางบัวทอง จังหวัดนนทบุรี 11110 ,13.90902,100.353241,บางคูรัด,บางบัวทอง,นนทบุรี
19,ซอยวัดแก้วอินทร์,173,CJ Express,Convenience Stores,เลขที่ 1/11 หมู่ที่ 4 ตำบลบางแม่นาง อำเภอบางใหญ่ จังหวัดนนทบุรี 11140 ,13.872325,100.38298,บางแม่นาง,บางใหญ่,นนทบุรี
20,ซอยวัดไทร,195,CJ Express,Convenience Stores,เลขที่ 20/4 หมู่ 4 ตำบลท่าตำหนัก อำเภอนครชัยศรี จังหวัดนครปฐม 73120 ,13.784417,100.173042,ท่าตำหนัก,นครชัยศรี,นครปฐม
21,ซอยสุราษฎร์ (ลาดใหญ่),211,CJ Express,Convenience Stores,เลขที่ 61/12 หมู่ 12 ตำบลลาดใหญ่ อำเภอเมืองสมุทรสงคราม จังหวัดสมุทรสงคราม 75000 ,13.418395,100.007133,ลาดใหญ่,เมืองสมุทรสงคราม,สมุทรสงคราม
22,ซอยหมอศรี,625,CJ Express,Convenience Stores,เลขที่ 69 หมู่ที่ 5 ตำบลไร่ขิง อำเภอสามพราน จังหวัดนครปฐม 73210 ,13.721036,100.268494,ไร่ขิง,สามพราน,นครปฐม
23,ดอนตะโก,119,CJ Express,Convenience Stores,เลขที่ 252/7 หมู่ 3 ตำบลดอนตะโก อำเภอเมืองราชบุรี จังหวัดราชบุรี 70000 ,13.522816,99.815369,ดอนตะโก,เมืองราชบุรี,ราชบุรี
24,ดอนตูม,12,CJ Express,Convenience Stores,เลขที่ 186 หมู่ 1 ตำบลสามง่าม อำเภอดอนตูม จังหวัดนครปฐม 73150 ,13.959921,100.078995,สามง่าม,ดอนตูม,นครปฐม
25,ดอนทราย,128,CJ Express,Convenience Stores,เลขที่ 82/30 หมู่ 9 ตำบลดอนทราย อำเภอโพธาราม จังหวัดราชบุรี 70120 ,13.634111,99.850204,ดอนทราย,โพธาราม,ราชบุรี
26,ดอนยายหอม,127,CJ Express,Convenience Stores,เลขที่ 262/4 หมู่ 3 ตำบลดอนยายหอม อำเภอเมืองนครปฐม จังหวัดนครปฐม 73000 ,13.737213,100.082077,ดอนยายหอม,เมืองนครปฐม,นครปฐม
27,ดอนเจดีย์,17,CJ Express,Convenience Stores,เลขที่ 385 หมู่ 5 ตำบลดอนเจดีย์ อำเภอดอนเจดีย์ จังหวัดสุพรรณบุรี 72170 ,14.633714,100.016983,ดอนเจดีย์,ดอนเจดีย์,สุพรรณบุรี
28,ด่านช้าง 1,16,CJ Express,Convenience Stores,เลขที่ 205-207 หมู่ 5 ตำบลหนองมะค่าโมง อำเภอด่านช้าง จังหวัดสุพรรณบุรี 72180 ,14.84098,99.690903,หนองมะค่าโมง,ด่านช้าง,สุพรรณบุรี
29,ด่านช้าง 2,19,CJ Express,Convenience Stores,เลขที่ 444-446 หมู่ 5 ตำบลหนองมะค่าโมง อำเภอด่านช้าง จังหวัดสุพรรณบุรี 72180 ,14.841664,99.690895,หนองมะค่าโมง,ด่านช้าง,สุพรรณบุรี
30,ด่านทับตะโก,89,CJ Express,Convenience Stores,เลขที่ 91 หมู่1 ตำบลด่านทับตะโก อำเภอจอมบึง จังหวัดราชบุรี 70150 ,13.686951,99.452866,ด่านทับตะโก,จอมบึง,ราชบุรี
31,ด่านมะขามเตี้ย,70,CJ Express,Convenience Stores,เลขที่ 302 หมู่1 ตำบลด่านมะขามเตี้ย อำเภอด่านมะขามเตี้ย จังหวัดกาญจนบุรี 71260 ,13.849837,99.410454,ด่านมะขามเตี้ย,ด่านมะขามเตี้ย,กาญจนบุรี
32,ดำเนินสะดวก 1,25,CJ Express,Convenience Stores,เลขที่ 162 หมู่ 4 ตำบลท่านัด อำเภอดำเนินสะดวก จังหวัดราชบุรี 70130 ,13.532216,99.967148,ท่านัด,ดำเนินสะดวก,ราชบุรี
33,ต้นสน,53,CJ Express,Convenience Stores,เลขที่ 44 ถนนราชดำเนิน ตำบลพระปฐมเจดีย์ อำเภอเมืองนครปฐม จังหวัดนครปฐม 73000 ,13.819967,100.055969,พระปฐมเจดีย์,เมืองนครปฐม,นครปฐม
34,ตลาดจินดา,292,CJ Express,Convenience Stores,เลขที่ 145 หมู่ที่ 2 ตำบลตลาดจินดา อำเภอสามพราน จังหวัดนครปฐม 73110 ,13.681722,100.087173,ตลาดจินดา,สามพราน,นครปฐม
35,ตลาดจีพัฒนา-ผักไห่,218,CJ Express,Convenience Stores,เลขที่ 123 หมู่ 4 ตำบลผักไห่ อำเภอผักไห่ จังหวัดพระนครศรีอยุธยา 13120 ,14.457016,100.36824,ผักไห่,ผักไห่,พระนครศรีอยุธยา
36,ตลาดนครหลวง,224,CJ Express,Convenience Stores,เลขที่ 231/44 หมู่ 1 ตำบลนครหลวง อำเภอนครหลวง จังหวัดพระนครศรีอยุธยา 13260 ,14.458228,100.613365,นครหลวง,นครหลวง,พระนครศรีอยุธยา
37,ตลาดน้ำดำเนิน2,99,CJ Express,Convenience Stores,เลขที่ 399 หมู่9 ตำบลดำเนินสะดวก อำเภอดำเนินสะดวก จังหวัดราชบุรี 70130 ,13.523006,99.970398,ดำเนินสะดวก,ดำเนินสะดวก,ราชบุรี
38,ตลาดบางคูลัด,214,CJ Express,Convenience Stores,เลขที่ 59/14 หมู่ที่ 4 ตำบลบางใหญ่ อำเภอบางใหญ่ จังหวัดนนทบุรี 11140 ,13.840795,100.364372,บางใหญ่,บางใหญ่,นนทบุรี
39,ตลาดบางน้อย,207,CJ Express,Convenience Stores,เลขที่ 17 หมู่ 7 ตำบลกระดังงา อำเภอบางคนที จังหวัดสมุทรสงคราม 75120 ,13.460792,99.945328,กระดังงา,บางคนที,สมุทรสงคราม
40,ตลาดปลาแม่กลอง 1,122,CJ Express,Convenience Stores,เลขที่ 204/2 ถ.แหลมใหญ่ ตำบลแม่กลอง อำเภอเมืองสมุทรสงคราม จังหวัดสมุทรสงคราม 75000 ,13.380969,99.98101,แม่กลอง,เมืองสมุทรสงคราม,สมุทรสงคราม
41,ตลาดพระเงิน,180,CJ Express,Convenience Stores,เลขที่ 95/1-2 หมู่ที่ 10 ตำบลบางม่วง อำเภอบางใหญ่ จังหวัดนนทบุรี 11140 ,13.832303,100.406151,บางม่วง,บางใหญ่,นนทบุรี
42,ตลาดภิลัยวัลย์,216,CJ Express,Convenience Stores,เลขที่ 276/556 หมู่ที่ 3 ตำบลบ่อวิน อำเภอศรีราชา จังหวัดชลบุรี 20110 ,13.031118,101.108139,บ่อวิน,ศรีราชา,ชลบุรี
43,ตลาดแคราย,197,CJ Express,Convenience Stores,เลขที่ 176/5 หมู่ 1 ตำบลแคราย อำเภอกระทุ่มแบน จังหวัดสมุทรสาคร 74110 ,13.645196,100.337479,แคราย,กระทุ่มแบน,สมุทรสาคร
44,ตลาดโพธาราม,239,CJ Express,Convenience Stores,เลขที่ 209 ถนนโชคชัย ตำบลโพธาราม อำเภอโพธาราม จังหวัดราชบุรี 70120 ,13.692866,99.847664,โพธาราม,โพธาราม,ราชบุรี
45,ตลาดโรงสี,293,CJ Express,Convenience Stores,เลขที่ 107/10 หมู่ที่ 2 ตำบลบางสมัคร อำเภอบางปะกง จังหวัดฉะเชิงเทรา 24130 ,13.54039,100.961494,บางสมัคร,บางปะกง,ฉะเชิงเทรา
46,ถ.สุชัยท่าทราย,171,CJ Express,Convenience Stores,เลขที่ 55/266 หมู่ 6 ตำบลท่าทราย อำเภอเมืองสมุทรสาคร จังหวัดสมุทรสาคร 74000 ,13.555683,100.26313,ท่าทราย,เมืองสมุทรสาคร,สมุทรสาคร
47,ถนนใหญ่,273,CJ Express,Convenience Stores,เลขที่ 160 หมู่ที่ 2 ตำบลถนนใหญ่ อำเภอเมืองลพบุรี จังหวัดลพบุรี 15000 ,14.825792,100.629539,ถนนใหญ่,เมืองลพบุรี,ลพบุรี
48,ทองผาภูมิ,22,CJ Express,Convenience Stores,เลขที่ 203/94 หมู่ 1 ตำบลท่าขนุน อำเภอทองผาภูมิ จังหวัดกาญจนบุรี 71180 ,14.739851,98.632515,ท่าขนุน,ทองผาภูมิ,กาญจนบุรี
49,ทองเอน,248,CJ Express,Convenience Stores,เลขที่ 3/10 หมู่ที่ 2 ตำบลทองเอน อำเภออินทร์บุรี จังหวัดสิงห์บุรี 16110 ,15.024222,100.3675,ทองเอน,อินทร์บุรี,สิงห์บุรี
50,ทับสะแก,85,CJ Express,Convenience Stores,เลขที่ 311/2 หมู่10 ตำบลทับสะแก อำเภอทับสะแก จังหวัดประจวบคีรีขันธ์ 77130 ,11.501599,99.616615,ทับสะแก,ทับสะแก,ประจวบคีรีขันธ์
51,ท่าขนุนทองผาภูมิ,183,CJ Express,Convenience Stores,เลขที่ 167/19 หมู่ 1 ตำบลท่าขนุน อำเภอทองผาภูมิ จังหวัดกาญจนบุรี 71180 ,14.748215,98.629456,ท่าขนุน,ทองผาภูมิ,กาญจนบุรี
52,ท่าข้าม,230,CJ Express,Convenience Stores,เลขที่ 541/2 ถ.อนามัยงามเจริญ ตำบลแขวงท่าข้าม อำเภอเขตบางขุนเทียน จังหวัดกรุงเทพมหานคร 10150 ,13.6503,100.449005,ท่าข้าม,บางขุนเทียน,กรุงเทพมหานคร
53,ท่าฉลอม 1,84,CJ Express,Convenience Stores,เลขที่ 705/51 ถ.สุทธิวาตวิถี ตำบลท่าฉลอม อำเภอเมืองสมุทรสาคร จังหวัดสมุทรสาคร 74000 ,13.534238,100.267395,ท่าฉลอม,เมืองสมุทรสาคร,สมุทรสาคร
54,ท่าฉลอม 2,156,CJ Express,Convenience Stores,84/20 หมู่ 7 ตำบลท่าจีน อำเภอเมืองสมุทรสาคร จังหวัดสมุทรสาคร 74000 ,13.530134,100.259048,ท่าจีน,เมืองสมุทรสาคร,สมุทรสาคร
55,ท่าช้าง,21,CJ Express,Convenience Stores,เลขที่ 307 หมู่ 5 ตำบลเขาพระ อำเภอเดิมบางนางบวช จังหวัดสุพรรณบุรี 72120 ,14.864383,100.083084,เขาพระ,เดิมบางนางบวช,สุพรรณบุรี
56,ท่าชุมพล,323,CJ Express,Convenience Stores,เลขที่ 253 หมู่ที่ 2 ตำบลท่าชุมพล อำเภอโพธาราม จังหวัดราชบุรี 70120 ,13.697,99.844475,ท่าชุมพล,โพธาราม,ราชบุรี
57,ท่าตะคร้อ,141,CJ Express,Convenience Stores,เลขที่ 377 หมู่ 2 ตำบลท่าตะคร้อ อำเภอหนองหญ้าปล้อง จังหวัดเพชรบุรี 76160 ,13.115668,99.728836,ท่าตะคร้อ,หนองหญ้าปล้อง,เพชรบุรี
58,ท่าทราย,109,CJ Express,Convenience Stores,เลขที่ 37/32 หมู่ 2 ตำบลท่าทราย อำเภอเมืองสมุทรสาคร จังหวัดสมุทรสาคร 74000 ,13.554188,100.222351,ท่าทราย,เมืองสมุทรสาคร,สมุทรสาคร
59,ท่าพี่เลี้ยง,28,CJ Express,Convenience Stores,เลขที่ 250 ถ.ประชาธิปไตย ตำบลท่าพี่เลี้ยง อำเภอเมืองสุพรรณบุรี จังหวัดสุพรรณบุรี 72000 ,14.480614,100.121468,ท่าพี่เลี้ยง,เมืองสุพรรณบุรี,สุพรรณบุรี
60,ท้ายตลาดดอนเจดีย์,190,CJ Express,Convenience Stores,เลขที่ 1802 หมู่ 5 ตำบลดอนเจดีย์ อำเภอดอนเจดีย์ จังหวัดสุพรรณบุรี 72170 ,14.633352,100.013977,ดอนเจดีย์,ดอนเจดีย์,สุพรรณบุรี
61,ท้ายหาด,103,CJ Express,Convenience Stores,เลขที่ 45 หมู่ 2 ตำบลท้ายหาด อำเภอเมืองสมุทรสงคราม จังหวัดสมุทรสงคราม 75000 ,13.395757,99.983139,ท้ายหาด,เมืองสมุทรสงคราม,สมุทรสงคราม
62,ท่ายาง 1,41,CJ Express,Convenience Stores,เลขที่ 333/2 หมู่ 1 ตำบลท่ายาง อำเภอท่ายาง จังหวัดเพชรบุรี 76130 ,12.973265,99.897102,ท่ายาง,ท่ายาง,เพชรบุรี
63,ท่ายาง 2,114,CJ Express,Convenience Stores,เลขที่ 293 หมู่ 1 ตำบลท่ายาง อำเภอท่ายาง จังหวัดเพชรบุรี 76130 ,12.972563,99.891968,ท่ายาง,ท่ายาง,เพชรบุรี
64,ท่าราบ,112,CJ Express,Convenience Stores,เลขที่ 83/5 ถ.บริพัตร ตำบลท่าราบ อำเภอเมืองเพชรบุรี จังหวัดเพชรบุรี 76000 ,13.094508,99.950844,ท่าราบ,เมืองเพชรบุรี,เพชรบุรี
65,ท่าวัด ,2,CJ Express,Convenience Stores,เลขที่ 18 ถ.ท่าวัด ตำบลโพธาราม อำเภอโพธาราม จังหวัดราชบุรี 70120 ,13.695413,99.849571,โพธาราม,โพธาราม,ราชบุรี
66,ท่าเรือ,4,CJ Express,Convenience Stores,เลขที่ 517 ถ.แสงชูโตเก่า ตำบลท่าเรือ อำเภอท่ามะกา จังหวัดกาญจนบุรี 71120 ,13.959252,99.749367,ท่าเรือ,ท่ามะกา,กาญจนบุรี
67,ท่าแซะ,88,CJ Express,Convenience Stores,เลขที่ 305 หมู่6 ถ.เพชรเกษม-ท่าแซะ ฝั่งขวา ตำบลท่าแซะ อำเภอท่าแซะ จังหวัดชุมพร 86140 ,10.6652,99.178284,ท่าแซะ,ท่าแซะ,ชุมพร
68,ทุ่งคอก,274,CJ Express,Convenience Stores,เลขที่ 836 หมู่ที่ 10 ตำบลทุ่งคอก อำเภอสองพี่น้อง จังหวัดสุพรรณบุรี 72110 ,14.177513,99.935295,ทุ่งคอก,สองพี่น้อง,สุพรรณบุรี
69,ทุ่งพระเมรุ,138,CJ Express,Convenience Stores,เลขที่ 241 ถ.ทวาราวดี ตำบลห้วยจรเข้ อำเภอเมืองนครปฐม จังหวัดนครปฐม 73000 ,13.814034,100.065804,ห้วยจรเข้,เมืองนครปฐม,นครปฐม
70,นราภิรมย์,285,CJ Express,Convenience Stores,เลขที่ 229 หมู่ที่ 3 ตำบลนราภิรมย์ อำเภอบางเลน จังหวัดนครปฐม 73130 ,13.9235,100.255997,นราภิรมย์,บางเลน,นครปฐม
71,นิคมสหรัฐนคร,217,CJ Express,Convenience Stores,เลขที่ 199/39 หมู่ 4 ตำบลบางพระครู อำเภอนครหลวง จังหวัดพระนครศรีอยุธยา 13260 ,14.488391,100.600349,บางพระครู,นครหลวง,พระนครศรีอยุธยา
72,บ่อพลอย,150,CJ Express,Convenience Stores,เลขที่ 999/2-3 หมู่ 1 ตำบลบ่อพลอย อำเภอบ่อพลอย จังหวัดกาญจนบุรี 71160 ,14.325918,99.517372,บ่อพลอย,บ่อพลอย,กาญจนบุรี
73,บ่อพลับ,159,CJ Express,Convenience Stores,เลขที่ 383 ถ.ทหารบก ตำบลบ่อพลับ อำเภอเมืองนครปฐม จังหวัดนครปฐม 73000 ,13.826818,100.065346,บ่อพลับ,เมืองนครปฐม,นครปฐม
74,บางกระดี่ ซอย 3,181,CJ Express,Convenience Stores,เลขที่ 37 ถ.บางกระดี่ ตำบลแขวงแสมดำ อำเภอเขตบางขุนเทียน จังหวัดกรุงเทพมหานคร 10150 ,13.630278,100.400284,แสมดำ,บางขุนเทียน,กรุงเทพมหานคร
75,บางกระดี่ ซอย 30,170,CJ Express,Convenience Stores,เลขที่ 168/2 ถ.บางกระดี่ ตำบลแขวงแสมดำ อำเภอเขตบางขุนเทียน จังหวัดกรุงเทพมหานคร 10150 ,13.606872,100.403175,แสมดำ,บางขุนเทียน,กรุงเทพมหานคร
76,บางนกแขวก,75,CJ Express,Convenience Stores,เลขที่ 63/2 หมู่7 ตำบลบางนกแขวก อำเภอบางคนที จังหวัดสมุทรสงคราม 75120 ,13.493783,99.926346,บางนกแขวก,บางคนที,สมุทรสงคราม
77,บางน้ำจืด,130,CJ Express,Convenience Stores,เลขที่ 37/24 หมู่ 6 ตำบลบางน้ำจืด อำเภอเมืองสมุทรสาคร จังหวัดสมุทรสาคร 74000 ,13.627084,100.323311,บางน้ำจืด,เมืองสมุทรสาคร,สมุทรสาคร
78,บางบอน 5,177,CJ Express,Convenience Stores,เลขที่ 127/2 ถ.บางบอน 5 ตำบลแขวงบางบอน อำเภอเขตบางบอน จังหวัดกรุงเทพมหานคร 10150 ,13.649568,100.358078,บางบอน,บางบอน,กรุงเทพมหานคร
79,บางบาล,196,CJ Express,Convenience Stores,เลขที่ 127 หมู่ 1 ตำบลมหาพราหมณ์ อำเภอบางบาล จังหวัดพระนครศรีอยุธยา 13250 ,14.374296,100.486115,มหาพราหมณ์,บางบาล,พระนครศรีอยุธยา
80,บางปลา,140,CJ Express,Convenience Stores,เลขที่ 5/1292 หมู่ 7 ตำบลท่าทราย อำเภอเมืองสมุทรสาคร จังหวัดสมุทรสาคร 74000 ,13.5899,100.267517,ท่าทราย,เมืองสมุทรสาคร,สมุทรสาคร
81,บางปลาม้า,38,CJ Express,Convenience Stores,เลขที่ 39/21 หมู่ 5 ตำบลโคกคราม อำเภอบางปลาม้า จังหวัดสุพรรณบุรี 72150 ,14.402902,100.15995,โคกคราม,บางปลาม้า,สุพรรณบุรี
82,บางปู 59,260,CJ Express,Convenience Stores,เลขที่ 1029 หมู่ 7 ตำบลท้ายบ้านใหม่ อำเภอเมืองสมุทรปราการ จังหวัดสมุทรปราการ 10270 ,13.553583,100.621498,ท้ายบ้านใหม่,เมืองสมุทรปราการ,สมุทรปราการ
83,บางพระ,116,CJ Express,Convenience Stores,เลขที่ 28/41 หมู่ 1 ตำบลบางพระ อำเภอนครชัยศรี จังหวัดนครปฐม 73120 ,13.897426,100.21048,บางพระ,นครชัยศรี,นครปฐม
84,บางระจัน,281,CJ Express,Convenience Stores,เลขที่ 101/2 หมู่ที่ 8 ตำบลไม้ดัด อำเภอบางระจัน จังหวัดสิงห์บุรี 16130 ,14.885333,100.312309,ไม้ดัด,บางระจัน,สิงห์บุรี
85,บางละมุง,215,CJ Express,Convenience Stores,เลขที่ 2/11 หมู่ที่ 2 ตำบลโป่ง อำเภอบางละมุง จังหวัดชลบุรี 20150 ,12.953057,100.98391,โป่ง,บางละมุง,ชลบุรี
86,บางลี่,39,CJ Express,Convenience Stores,เลขที่ 101/5 ถ.บางลี่-หนองวัลย์เปรียง ตำบลสองพี่น้อง อำเภอสองพี่น้อง จังหวัดสุพรรณบุรี 72110 ,14.227799,100.031502,สองพี่น้อง,สองพี่น้อง,สุพรรณบุรี
87,บางศรีเมือง,208,CJ Express,Convenience Stores,เลขที่ 134/57 หมู่ที่ 1 ตำบลบางศรีเมือง อำเภอเมืองนนทบุรี จังหวัดนนทบุรี 11000 ,13.836706,100.471779,บางศรีเมือง,เมืองนนทบุรี,นนทบุรี
88,บางหลวง,142,CJ Express,Convenience Stores,เลขที่ 238 หมู่ 6 ตำบลบางหลวง อำเภอบางเลน จังหวัดนครปฐม 73130 ,14.119808,100.117233,บางหลวง,บางเลน,นครปฐม
89,บางแพ,45,CJ Express,Convenience Stores,เลขที่ 167/5 หมู่ 5 ตำบลบางแพ อำเภอบางแพ จังหวัดราชบุรี 70160 ,13.690147,99.931152,บางแพ,บางแพ,ราชบุรี
90,บางไทร,266,CJ Express,Convenience Stores,เลขที่ 102/1 หมู่ที่ 4 ตำบลบางไทร อำเภอบางไทร จังหวัดพระนครศรีอยุธยา 13190 ,14.209874,100.496292,บางไทร,บางไทร,พระนครศรีอยุธยา
91,บ้านกุ่ม,321,CJ Express,Convenience Stores,เลขที่ 105 หมู่ที่ 3 ตำบลบ้านกุ่ม อำเภอเมืองเพชรบุรี จังหวัดเพชรบุรี 76000 ,13.121167,99.94706,บ้านกุ่ม,เมืองเพชรบุรี,เพชรบุรี
92,บ้านคลองกรำ,220,CJ Express,Convenience Stores,เลขที่ 366 หมู่ที่ 1 ตำบลตาสิทธิ์ อำเภอปลวกแดง จังหวัดระยอง 21140 ,13.016542,101.202293,ตาสิทธิ์,ปลวกแดง,ระยอง
93,บ้านควาย,277,CJ Express,Convenience Stores,เลขที่ 180/3 หมู่ที่ 1 ตำบลวังน้ำซับ อำเภอศรีประจันต์ จังหวัดสุพรรณบุรี 72140 ,14.644011,100.148628,วังน้ำซับ,ศรีประจันต์,สุพรรณบุรี
94,บ้านคา,137,CJ Express,Convenience Stores,เลขที่ 43/7 หมู่ 1 ตำบลบ้านคา อำเภอบ้านคา จังหวัดราชบุรี 70180 ,13.4287,99.408226,บ้านคา,บ้านคา,ราชบุรี
95,บ้านฆ้อง,131,CJ Express,Convenience Stores,เลขที่ 121/1 หมู่ 2 ตำบลบ้านฆ้อง อำเภอโพธาราม จังหวัดราชบุรี 70120 ,13.687416,99.869301,บ้านฆ้อง,โพธาราม,ราชบุรี
96,บ้านบ่อ,102,CJ Express,Convenience Stores,เลขที่ 2/15 หมู่ 2 ตำบลบ้านบ่อ อำเภอเมืองสมุทรสาคร จังหวัดสมุทรสาคร 74000 ,13.5133,100.18483,บ้านบ่อ,เมืองสมุทรสาคร,สมุทรสาคร
97,บ้านปรก,69,CJ Express,Convenience Stores,เลขที่ 10 หมู่6 ตำบลบ้านปรก อำเภอเมืองสมุทรสงคราม จังหวัดสมุทรสงคราม 75000 ,13.419405,99.979416,บ้านปรก,เมืองสมุทรสงคราม,สมุทรสงคราม
98,บ้านลาด,42,CJ Express,Convenience Stores,เลขที่ 53 หมู่7 ตำบลบ้านลาด อำเภอบ้านลาด จังหวัดเพชรบุรี 76150 ,13.053301,99.91835,บ้านลาด,บ้านลาด,เพชรบุรี
99,บ้านหม้อ,95,CJ Express,Convenience Stores,เลขที่ 248/1 ถ.ดำเนินเกษม ตำบลคลองกระแชง อำเภอเมืองเพชรบุรี จังหวัดเพชรบุรี 76000 ,13.103131,99.947258,คลองกระแชง,เมืองเพชรบุรี,เพชรบุรี
100,บ้านเก่า,286,CJ Express,Convenience Stores,เลขที่ 168 หมู่ที่ 1 ตำบลบ้านเก่า อำเภอเมืองกาญจนบุรี จังหวัดกาญจนบุรี 71000 ,13.974724,99.312721,บ้านเก่า,เมืองกาญจนบุรี,กาญจนบุรี
101,บ้านเบิก,251,CJ Express,Convenience Stores,เลขที่ 119 หมู่ที่ 8 ตำบลบ้านเบิก อำเภอท่าวุ้ง จังหวัดลพบุรี 15150 ,14.731803,100.506874,บ้านเบิก,ท่าวุ้ง,ลพบุรี
102,บ้านเพ,165,CJ Express,Convenience Stores,เลขที่ 206/31 หมู่ที่ 2 ตำบลเพ อำเภอเมืองระยอง จังหวัดระยอง 21160 ,12.625564,101.431114,เพ,เมืองระยอง,ระยอง
103,บ้านแพ้ว 2,107,CJ Express,Convenience Stores,เลขที่ 335/53 หมู่ 1 ตำบลหลักสาม อำเภอบ้านแพ้ว จังหวัดสมุทรสาคร 74000 ,13.586932000000001,100.106834,หลักสาม,บ้านแพ้ว,สมุทรสาคร
104,บ้านแลง,227,CJ Express,Convenience Stores,เลขที่ 111/72 หมู่ที่ 6 ตำบลเชิงเนิน อำเภอเมืองระยอง จังหวัดระยอง 21000 ,12.68612,101.300911,เชิงเนิน,เมืองระยอง,ระยอง
105,บ้านแหลม 1,62,CJ Express,Convenience Stores,เลขที่ 10/5 หมู่7 ตำบลบ้านแหลม อำเภอบ้านแหลม จังหวัดเพชรบุรี 76110 ,13.214153,99.979538,บ้านแหลม,บ้านแหลม,เพชรบุรี
106,บ้านไร่ชาวเหนือ,58,CJ Express,Convenience Stores,เลขที่ 351 หมู่ 4 ตำบลบ้านไร่ อำเภอดำเนินสะดวก จังหวัดราชบุรี 70130 ,13.602391,99.90789,บ้านไร่,ดำเนินสะดวก,ราชบุรี
107,บ้านไร่ราชบุรี,300,CJ Express,Convenience Stores,223/2 ถนนมนตรีสุริยวงศ์ ตำบลหน้าเมือง อำเภอเมืองราชบุรี จังหวัดราชบุรี 70000 ,13.536667,99.837753,หน้าเมือง,เมืองราชบุรี,ราชบุรี
108,บึงกระจับ,339,CJ Express,Convenience Stores,เลขที่ 24/12 หมู่ที่ 5 ตำบลหนองอ้อ อำเภอบ้านโป่ง จังหวัดราชบุรี 70110 ,13.800826,99.919487,หนองอ้อ,บ้านโป่ง,ราชบุรี
109,ประปานาสร้าง,74,CJ Express,Convenience Stores,เลขที่ 9/1 ถ.นาสร้าง ตำบลนครปฐม อำเภอเมืองนครปฐม จังหวัดนครปฐม 73000 ,13.827185,100.05278,นครปฐม,เมืองนครปฐม,นครปฐม
110,ประสาทสิทธิ์,63,CJ Express,Convenience Stores,เลขที่ 413 หมู่ 5 ตำบลประสาทสิทธิ์ อำเภอดำเนินสะดวก จังหวัดราชบุรี 70130 ,13.552351999999999,100.039482,ประสาทสิทธิ์,ดำเนินสะดวก,ราชบุรี
111,ปราณบุรี,67,CJ Express,Convenience Stores,เลขที่ 16/52 หมู่2 ตำบลเขาน้อย อำเภอปราณบุรี จังหวัดประจวบคีรีขันธ์ 77120 ,12.383987,99.90477,เขาน้อย,ปราณบุรี,ประจวบคีรีขันธ์
112,ปากคลอง ระยอง,111,CJ Express,Convenience Stores,เลขที่ 166/5 ถนนตากสินมหาราช ตำบลท่าประดู่ อำเภอเมืองระยอง จังหวัดระยอง 21000 ,12.662969,101.271622,ท่าประดู่,เมืองระยอง,ระยอง
113,ปากท่อ 1 ใหม่,270,CJ Express,Convenience Stores,เลขที่ 399 หมู่ที่ 1 ตำบลปากท่อ อำเภอปากท่อ จังหวัดราชบุรี 70140 ,13.373,99.84478,ปากท่อ,ปากท่อ,ราชบุรี
114,ปากท่อ 3,143,CJ Express,Convenience Stores,เลขที่ 404 หมู่ 4 ตำบลดอนทราย อำเภอปากท่อ จังหวัดราชบุรี 70140 ,13.366604,99.82238,ดอนทราย,ปากท่อ,ราชบุรี
115,ปากท่อ2,56,CJ Express,Convenience Stores,เลขที่ 134/1 หมู่ 4 ตำบลดอนทราย อำเภอปากท่อ จังหวัดราชบุรี 70140 ,13.366814,99.823784,ดอนทราย,ปากท่อ,ราชบุรี
116,ปากน้ำปราณ,153,CJ Express,Convenience Stores,เลขที่ 429/17 หมู่ 2 ตำบลปากน้ำปราณ อำเภอปราณบุรี จังหวัดประจวบคีรีขันธ์ 77120 ,12.399581,99.990654,ปากน้ำปราณ,ปราณบุรี,ประจวบคีรีขันธ์
117,ปากแพรก,65,CJ Express,Convenience Stores,เลขที่ 17/12 ถ.พัฒนากาญจน์ ตำบลปากแพรก อำเภอเมืองกาญจนบุรี จังหวัดกาญจนบุรี 71000 ,14.015266,99.544724,ปากแพรก,เมืองกาญจนบุรี,กาญจนบุรี
118,ปากแรต,91,CJ Express,Convenience Stores,เลขที่ 13/17 ถ.ค่ายหลวง ตำบลบ้านโป่ง อำเภอบ้านโป่ง จังหวัดราชบุรี 70110 ,13.818198,99.8666,บ้านโป่ง,บ้านโป่ง,ราชบุรี
119,ป่าโมก,77,CJ Express,Convenience Stores,เลขที่ 984/ข หมู่2 ตำบลป่าโมก อำเภอป่าโมก จังหวัดอ่างทอง 14130 ,14.493542,100.446098,ป่าโมก,ป่าโมก,อ่างทอง
120,พนมทวน,125,CJ Express,Convenience Stores,เลขที่ 442 หมู่ 3 ตำบลพนมทวน อำเภอพนมทวน จังหวัดกาญจนบุรี 71140 ,14.130458,99.697182,พนมทวน,พนมทวน,กาญจนบุรี
121,พระประแดงสุขสวัสดิ์ 78,162,CJ Express,Convenience Stores,เลขที่ 27/88 หมู่ที่ 7 ตำบลบางจาก อำเภอพระประแดง จังหวัดสมุทรปราการ 10130 ,13.610403,100.53788,บางจาก,พระประแดง,สมุทรปราการ
122,พัฒนานิคม,263,CJ Express,Convenience Stores,เลขที่ 58/26 หมู่ที่ 1 ตำบลช่องสาริกา อำเภอพัฒนานิคม จังหวัดลพบุรี 15140 ,14.775781,100.920288,ช่องสาริกา,พัฒนานิคม,ลพบุรี
123,พันเสด็จใน,299,CJ Express,Convenience Stores,เลขที่ 999/19 หมู่ที่ 6 ตำบลบ่อวิน อำเภอศรีราชา จังหวัดชลบุรี 20110 ,13.057925,101.102196,บ่อวิน,ศรีราชา,ชลบุรี
124,พุทธมณฑลสาย 7,185,CJ Express,Convenience Stores,เลขที่ 59/54 หมู่ 2 ตำบลท่าตลาด อำเภอสามพราน จังหวัดนครปฐม 73110 ,13.748629,100.229797,ท่าตลาด,สามพราน,นครปฐม
125,มณีกาญจน์,236,CJ Express,Convenience Stores,เลขที่ 210/1 หมู่ 1 ตำบลลุ่มสุ่ม อำเภอไทรโยค จังหวัดกาญจนบุรี 71150 ,14.118962,99.142593,ลุ่มสุ่ม,ไทรโยค,กาญจนบุรี
126,ม่วงชุม,158,CJ Express,Convenience Stores,เลขที่ 5/6 หมู่ 2 ตำบลม่วงชุม อำเภอท่าม่วง จังหวัดกาญจนบุรี 71110 ,13.950481,99.622849,ม่วงชุม,ท่าม่วง,กาญจนบุรี
127,ม่วงเฒ่า,245,CJ Express,Convenience Stores,เลขที่ 8/5 หมู่ที่ 8 ตำบลองค์พระ อำเภอด่านช้าง จังหวัดสุพรรณบุรี 72180 ,14.780639,99.356003,องค์พระ,ด่านช้าง,สุพรรณบุรี
128,มะขามคู่,229,CJ Express,Convenience Stores,เลขที่ 364 หมู่ที่ 2 ตำบลมะขามคู่ อำเภอนิคมพัฒนา จังหวัดระยอง 21180 ,12.886991,101.098846,มะขามคู่,นิคมพัฒนา,ระยอง
129,มะขามล้ม,275,CJ Express,Convenience Stores,เลขที่ 114 หมู่ที่ 4 ตำบลมะขามล้ม อำเภอบางปลาม้า จังหวัดจังหวดสุพรรณบุรี 72150 ,14.383961,100.061996,มะขามล้ม,บางปลาม้า,สุพรรณบุรี
130,มาบตาพุด,166,CJ Express,Convenience Stores,เลขที่ 94/111 ถนนเนินพยอม ตำบลมาบตาพุด อำเภอเมืองระยอง จังหวัดระยอง 21000 ,12.723718,101.169785,มาบตาพุด,เมืองระยอง,ระยอง
131,ยางเกาะ,205,CJ Express,Convenience Stores,เลขที่ 134/1 หมู่ 1 ตำบลกลอนโด อำเภอด่านมะขามเตี้ย จังหวัดกาญจนบุรี 71260 ,13.890732,99.466278,กลอนโด,ด่านมะขามเตี้ย,กาญจนบุรี
132,ย่านยาว,168,CJ Express,Convenience Stores,เลขที่ 86/7 หมู่ 1 ตำบลย่านยาว อำเภอสามชุก จังหวัดสุพรรณบุรี 72130 ,14.721763,100.110619,ย่านยาว,สามชุก,สุพรรณบุรี
133,รังสิตคลอง 11,423,CJ Express,Convenience Stores,เลขที่ 102 หมู่ที่ 1 ตำบลบึงน้ำรักษ์ อำเภอธัญบุรี จังหวัดปทุมธานี 12110 ,14.062238,100.853821,บึงน้ำรักษ์,ธัญบุรี,ปทุมธานี
134,รังสิตคลอง 3,243,CJ Express,Convenience Stores,เลขที่ 20/19 หมู่ที่ 10 ตำบลลาดสวาย อำเภอลำลูกกา จังหวัดปทุมธานี 12150 ,13.978098,100.666466,ลาดสวาย,ลำลูกกา,ปทุมธานี
135,รังสิตคลอง 7,652,CJ Express,Convenience Stores,เลขที่ 163/8 หมู่ที่ 1 ตำบลลำผักกูด อำเภอธัญบุรี จังหวัดปทุมธานี 12110 ,14.031314,100.764229,ลำผักกูด,ธัญบุรี,ปทุมธานี
136,รังสิตคลอง 9,244,CJ Express,Convenience Stores,เลขที่ 68/6 หมูที่ 3 ตำบลลำผักกูด อำเภอธัญบุรี จังหวัดปทุมธานี 12110 ,14.041194,100.796997,ลำผักกูด,ธัญบุรี,ปทุมธานี
137,รางหวาย,238,CJ Express,Convenience Stores,เลขที่ 159 หมู่ 15 ตำบลรางหวาย อำเภอพนมทวน จังหวัดกาญจนบุรี 71140 ,14.204479,99.765594,รางหวาย,พนมทวน,กาญจนบุรี
138,ลาดปลาเค้า,94,CJ Express,Convenience Stores,เลขที่ 37/6 หมู่9 ตำบลบางแขม อำเภอเมืองนครปฐม จังหวัดนครปฐม 73000 ,13.799099,100.034996,บางแขม,เมืองนครปฐม,นครปฐม
139,ลาดหญ้า,44,CJ Express,Convenience Stores,เลขที่ 140/37 หมู่ 1 ตำบลลาดหญ้า อำเภอเมืองกาญจนบุรี จังหวัดกาญจนบุรี 71000 ,14.099432,99.419479,ลาดหญ้า,เมืองกาญจนบุรี,กาญจนบุรี
140,ลาดใหญ่,209,CJ Express,Convenience Stores,เลขที่ 90/46 หมู่ 3 ตำบลลาดใหญ่ อำเภอเมืองสมุทรสงคราม จังหวัดสมุทรสงคราม 75000 ,13.429531,100.0215,ลาดใหญ่,เมืองสมุทรสงคราม,สมุทรสงคราม
141,ลานสัก,37,CJ Express,Convenience Stores,เลขที่ 183/3 หมู่ 1 ตำบลลานสัก อำเภอลานสัก จังหวัดอุทัยธานี 61160 ,15.46986,99.537132,ลานสัก,ลานสัก,อุทัยธานี
142,ลำพยา,121,CJ Express,Convenience Stores,เลขที่ 35/1 หมู่ 3 ตำบลลำพยา อำเภอเมืองนครปฐม จังหวัดนครปฐม 73000 ,13.823124,100.028984,ลำพยา,เมืองนครปฐม,นครปฐม
143,ลูกแก,10,CJ Express,Convenience Stores,เลขที่ 38/3 หมู่ 7 ตำบลดอนขมิ้น อำเภอท่ามะกา จังหวัดกาญจนบุรี 71120 ,13.870631,99.818748,ดอนขมิ้น,ท่ามะกา,กาญจนบุรี
144,วงเวียนอัมพวา,200,CJ Express,Convenience Stores,เลขที่ 101/2 ถ.สมุทรสงคราม-บางแพ ตำบลอัมพวา อำเภออัมพวา จังหวัดสมุทรสงคราม 75110 ,13.419614,99.96312,อัมพวา,อัมพวา,สมุทรสงคราม
145,วังศาลา,113,CJ Express,Convenience Stores,เลขที่ 4/19 หมู่ 2 ตำบลวังศาลา อำเภอท่าม่วง จังหวัดกาญจนบุรี 71110 ,13.955066,99.691261,วังศาลา,ท่าม่วง,กาญจนบุรี
146,วัดกาหลง,167,CJ Express,Convenience Stores,เลขที่ 52/25 หมู่ 2 ตำบลกาหลง อำเภอเมืองสมุทรสาคร จังหวัดสมุทรสาคร 74000 ,13.492698,100.12455,กาหลง,เมืองสมุทรสาคร,สมุทรสาคร
147,วัดด่านสำโรง,241,CJ Express,Convenience Stores,เลขที่ 169 หมู่ที่ 3 ตำบลสำโรงเหนือ อำเภอเมืองสมุทรปราการ จังหวัดสมุทรปราการ 10270 ,13.640445,100.611465,สำโรงเหนือ,เมืองสมุทรปราการ,สมุทรปราการ
148,วัดตาก้อง,287,CJ Express,Convenience Stores,เลขที่ 147/2 หมู่ที่ 10 ตำบลตาก้อง อำเภอเมืองนครปฐม จังหวัดนครปฐม 73000 ,13.887472,100.058556,ตาก้อง,เมืองนครปฐม,นครปฐม
149,วัดตาลล้อม,267,CJ Express,Convenience Stores,เลขที่ 206/1 ถนนเปรมใจราษฎร์ ตำบลแสนสุข อำเภอเมืองชลบุรี จังหวัดชลบุรี 20000 ,13.270778,100.938942,แสนสุข,เมืองชลบุรี,ชลบุรี
150,วัดตึก,182,CJ Express,Convenience Stores,เลขที่ 52 ถ.ธรรมคุณากร ตำบลโกรกกราก อำเภอเมืองสมุทรสาคร จังหวัดสมุทรสาคร 74000 ,13.533993,100.279655,โกรกกราก,เมืองสมุทรสาคร,สมุทรสาคร
151,วัดป้อม,191,CJ Express,Convenience Stores,เลขที่ 1022/7ก ถ.วิเชียนโชฏก ตำบลมหาชัย อำเภอเมืองสมุทรสาคร จังหวัดสมุทรสาคร 74000 ,13.545816,100.268784,มหาชัย,เมืองสมุทรสาคร,สมุทรสาคร
152,วัดป่าเลไลยก์,148,CJ Express,Convenience Stores,เลขที่ 310/1 ถ.มาลัยแมน ตำบลรั้วใหญ่ อำเภอเมืองสุพรรณบุรี จังหวัดสุพรรณบุรี 72000 ,14.475397,100.094696,รั้วใหญ่,เมืองสุพรรณบุรี,สุพรรณบุรี
153,วัดพระแท่น,187,CJ Express,Convenience Stores,เลขที่ 149/1 หมู่ 12 ตำบลพระแท่น อำเภอท่ามะกา จังหวัดกาญจนบุรี 71120 ,14.036248,99.794907,พระแท่น,ท่ามะกา,กาญจนบุรี
154,วัดห้วยมงคล,155,CJ Express,Convenience Stores,เลขที่ 234 หมู่ 13 ตำบลหินเหล็กไฟ อำเภอหัวหิน จังหวัดประจวบคีรีขันธ์ 77110 ,12.584012,99.841454,หินเหล็กไฟ,หัวหิน,ประจวบคีรีขันธ์
155,วัดเพลง,59,CJ Express,Convenience Stores,เลขที่ 59/1 หมู่ 5 ตำบลวัดเพลง อำเภออำภอวัดเพลง จังหวัดราชบุรี 70170 ,13.451315,99.886246,วัดเพลง,วัดเพลง,ราชบุรี
156,วัดแพรก 1,201,CJ Express,Convenience Stores,เลขที่ 10/11 หมู่ที่ 4 ตำบลปลายบาง อำเภอบางกรวย จังหวัดนนทบุรี 11130 ,13.820319,100.402344,ปลายบาง,บางกรวย,นนทบุรี
157,วัดโคก,271,CJ Express,Convenience Stores,เลขที่ 90/88 หมู่ที่ 4 ตำบลบ้านฉาง อำเภอเมืองปทุมธานี จังหวัดปทุมธานี 12000 ,13.999549,100.529648,บ้านฉาง,เมืองปทุมธานี,ปทุมธานี
158,วัดโคกขาม,106,CJ Express,Convenience Stores,เลขที่ 207/15ก ถ.เดิมบาง ตำบลมหาชัย อำเภอเมืองสมุทรสาคร จังหวัดสมุทรสาคร 74000 ,13.553518,100.293983,มหาชัย,เมืองสมุทรสาคร,สมุทรสาคร
159,วัดโคกเกตุ,212,CJ Express,Convenience Stores,เลขที่ 45/4 หมู่ 4 ตำบลปลายโพงพาง อำเภออัมพวา จังหวัดสมุทรสงคราม 75110 ,13.39229,99.927139,ปลายโพงพาง,อัมพวา,สมุทรสงคราม
160,วัดใหญ่บางปลากด,161,CJ Express,Convenience Stores,เลขที่ 269 หมู่ที่ 2 ตำบลในคลองบางปลากด อำเภอพระสมุทรเจดีย์ จังหวัดสมุทรปราการ 10290 ,13.593141,100.564789,ในคลองบางปลากด,พระสมุทรเจดีย์,สมุทรปราการ
161,วัดไทรใหญ่,233,CJ Express,Convenience Stores,เลขที่ 73/11 หมู่ที่ 5 ตำบลไทรน้อย อำเภอไทรน้อย จังหวัดนนทบุรี 11150 ,13.976834,100.311333,ไทรน้อย,ไทรน้อย,นนทบุรี
162,วัดไผ่ล้อม,132,CJ Express,Convenience Stores,เลขที่ 18/2 ถ.ไผ่เตย ตำบลห้วยจรเข้ อำเภอเมืองนครปฐม จังหวัดนครปฐม 73000 ,13.81795,100.068779,ห้วยจรเข้,เมืองนครปฐม,นครปฐม
163,วัดไร่ขิง,72,CJ Express,Convenience Stores,เลขที่ 69/28 หมู่6 ตำบลท่าตลาด อำเภอสามพราน จังหวัดนครปฐม 73110 ,13.742185,100.255447,ท่าตลาด,สามพราน,นครปฐม
164,วิเศษชัยชาญ,237,CJ Express,Convenience Stores,เลขที่ 223/1 หมู่ 7 ตำบลศาลเจ้าโรงทอง อำเภอวิเศษชัยชาญ จังหวัดอ่างทอง 14110 ,14.597069,100.352341,ศาลเจ้าโรงทอง,วิเศษชัยชาญ,อ่างทอง
165,ศรีบัวบาน,296,CJ Express,Convenience Stores,เลขที่ 193 หมู่ที่ 3 ตำบลรั้วใหญ่ อำเภอเมืองสุพรรณบุรี จังหวัดสุพรรณบุรี 72000 ,14.460152,100.115387,รั้วใหญ่,เมืองสุพรรณบุรี,สุพรรณบุรี
166,ศรีประจันต์,194,CJ Express,Convenience Stores,เลขที่ 31/2 หมู่ 2 ตำบลบ้านกร่าง อำเภอศรีประจันต์ จังหวัดสุพรรณบุรี 72140 ,14.6209,100.141624,บ้านกร่าง,ศรีประจันต์,สุพรรณบุรี
167,ศาลายา,105,CJ Express,Convenience Stores,เลขที่ 179/10 หมู่ 5 ตำบลศาลายา อำเภอพุทธมณฑล จังหวัดนครปฐม 73170 ,13.830099,100.311569,ศาลายา,พุทธมณฑล,นครปฐม
168,สระกระโจม,154,CJ Express,Convenience Stores,เลขที่ 52/1 หมู่ 3 ตำบลสระกระโจม อำเภอดอนเจดีย์ จังหวัดสุพรรณบุรี 72170 ,14.633623,99.87645,สระกระโจม,ดอนเจดีย์,สุพรรณบุรี
169,สระพัฒนา,284,CJ Express,Convenience Stores,เลขที่ 27 หมู่ที่ 2 ตำบลสระพัฒนา อำเภอกำแพงแสน จังหวัดนครปฐม 73140 ,14.079873,100.017677,สระพัฒนา,กำแพงแสน,นครปฐม
170,สระยายโสม,283,CJ Express,Convenience Stores,เลขที่ 576 หมู่ที่ 3 ตำบลสระยายโสม อำเภออู่ทอง จังหวัดสุพรรณบุรี 72160 ,14.277278,99.898109,สระยายโสม,อู่ทอง,สุพรรณบุรี
171,สระโบสถ์,262,CJ Express,Convenience Stores,เลขที่ 139 หมู่ที่ 6 ตำบลสระโบสถ์ อำเภอสระโบสถ์ จังหวัดลพบุรี 15240 ,15.21132,100.831612,สระโบสถ์,สระโบสถ์,ลพบุรี
172,สวนป่าน-สระกระเทียม ,242,CJ Express,Convenience Stores,เลขที่ 115 หมู่ 1 ตำบลสวนป่าน อำเภอเมืองนครปฐม จังหวัดนครปฐม 73000 ,13.764659,99.963066,สวนป่าน,เมืองนครปฐม,นครปฐม
173,สวนผัก,174,CJ Express,Convenience Stores,เลขที่ 7/18 หมู่ที่ 5 ตำบลมหาสวัสดิ์ อำเภอบางกรวย จังหวัดนนทบุรี 11130 ,13.801284,100.440865,มหาสวัสดิ์,บางกรวย,นนทบุรี
174,สวนผึ้ง,82,CJ Express,Convenience Stores,เลขที่ 140/3 หมู่1 ตำบลสวนผึ้ง อำเภอสวนผึ้ง จังหวัดราชบุรี 70180 ,13.543483,99.338867,สวนผึ้ง,สวนผึ้ง,ราชบุรี
175,สวนส้ม,178,CJ Express,Convenience Stores,เลขที่ 11/24 หมู่ 8 ตำบลบ้านเกาะ อำเภอเมืองสมุทรสาคร จังหวัดสมุทรสาคร 74000 ,13.56983,100.212814,บ้านเกาะ,เมืองสมุทรสาคร,สมุทรสาคร
176,สวนแตง,23,CJ Express,Convenience Stores,เลขที่ 474/4 หมู่ 4 ตำบลสวนแตง อำเภอเมืองสุพรรณบุรี จังหวัดสุพรรณบุรี 72000 ,14.431455,99.99778,สวนแตง,เมืองสุพรรณบุรี,สุพรรณบุรี
177,สะแกงาม,279,CJ Express,Convenience Stores,เลขที่ 304/4 ถนนสะแกงาม ตำบลแขวงแสมดำ อำเภอเขตบางขุนเทียน จังหวัดกรุงเทพมหานคร 10150 ,13.632778,100.42717,แสมดำ,บางขุนเทียน,กรุงเทพมหานคร
178,สังขละ,34,CJ Express,Convenience Stores,เลขที่ 129/1 หมู่ที่ 3 ตำบลหนองลู อำเภอสังขละบุรี จังหวัดกาญจนบุรี 71240 ,15.156331,98.45088200000001,หนองลู,สังขละบุรี,กาญจนบุรี
179,สามชุก,24,CJ Express,Convenience Stores,เลขที่ 857/2 หมู่ 2 ตำบลสามชุก อำเภอสามชุก จังหวัดสุพรรณบุรี 72130 ,14.753733,100.093018,สามชุก,สามชุก,สุพรรณบุรี
180,สามพราน,13,CJ Express,Convenience Stores,เลขที่ 236/9 หมู่ 8 ตำบลสามพราน อำเภอสามพราน จังหวัดนครปฐม 73110 ,13.725421,100.214096,สามพราน,สามพราน,นครปฐม
181,สามร้อยยอด,81,CJ Express,Convenience Stores,เลขที่ 644 หมู่3 ตำบลไร่เก่า อำเภอสามร้อยยอด จังหวัดประจวบคีรีขันธ์ 77180 ,12.215934,99.862801,ไร่เก่า,สามร้อยยอด,ประจวบคีรีขันธ์
182,สามแยกไผ่หนอง,221,CJ Express,Convenience Stores,เลขที่ 182/1 หมู่ 1 ตำบลท่าช้าง อำเภอนครหลวง จังหวัดพระนครศรีอยุธยา 13260 ,14.495561,100.650337,ท่าช้าง,นครหลวง,พระนครศรีอยุธยา
183,สามโก้,172,CJ Express,Convenience Stores,เลขที่ 40 หมู่ 6 ตำบลสามโก้ อำเภอสามโก้ จังหวัดอ่างทอง 14160 ,14.605167999999999,100.242752,สามโก้,สามโก้,อ่างทอง
184,สินสาคร,124,CJ Express,Convenience Stores,เลขที่ 27 หมู่ 2 ตำบลโคกขาม อำเภอเมืองสมุทรสาคร จังหวัดสมุทรสาคร 74000 ,13.566735,100.338066,โคกขาม,เมืองสมุทรสาคร,สมุทรสาคร
185,สิรินธร,110,CJ Express,Convenience Stores,เลขที่ 143/32 หมู่ 2 ตำบลสนามจันทร์ อำเภอเมืองนครปฐม จังหวัดนครปฐม 73000 ,13.80077,100.048645,สนามจันทร์,เมืองนครปฐม,นครปฐม
186,สี่แยกต้นสำโรง,129,CJ Express,Convenience Stores,เลขที่ 37/26 ถ.เจดีย์หัก ตำบลหน้าเมือง อำเภอเมืองราชบุรี จังหวัดราชบุรี 70000 ,13.541632,99.808418,หน้าเมือง,เมืองราชบุรี,ราชบุรี
187,สี่แยกวัดกลาง,225,CJ Express,Convenience Stores,เลขที่ 16 ถ.ถวิลราษฎรบูรณะ ตำบลบ่อพลับ อำเภอเมืองนครปฐม จังหวัดนครปฐม 73000 ,13.82713,100.064003,บ่อพลับ,เมืองนครปฐม,นครปฐม
188,สี่แยกเจ้าพระยา,226,CJ Express,Convenience Stores,เลขที่ 755 หมู่ 8 ตำบลเขาพระ อำเภอเดิมบางนางบวช จังหวัดสุพรรณบุรี 72120 ,14.864379,100.07785,เขาพระ,เดิมบางนางบวช,สุพรรณบุรี
189,หนองขอน,193,CJ Express,Convenience Stores,เลขที่ 62 หมู่ 1 ตำบลหินเหล็กไฟ อำเภอหัวหิน จังหวัดประจวบคีรีขันธ์ 77110 ,12.571517,99.905167,หินเหล็กไฟ,หัวหิน,ประจวบคีรีขันธ์
190,หนองขาว,228,CJ Express,Convenience Stores,เลขที่ 5/2 หมู่ 4 ตำบลหนองขาว อำเภอท่าม่วง จังหวัดกาญจนบุรี 71110 ,14.052659,99.628944,หนองขาว,ท่าม่วง,กาญจนบุรี
191,หนองคล้าใหม่,234,CJ Express,Convenience Stores,เลขที่ 109/360 หมู่ที่ 10 ตำบลบึง อำเภอศรีราชา จังหวัดชลบุรี 20110 ,13.088772,100.961723,บึง,ศรีราชา,ชลบุรี
192,หนองตากยา,149,CJ Express,Convenience Stores,เลขที่ 82 หมู่ 12 ตำบลหนองตากยา อำเภอท่าม่วง จังหวัดกาญจนบุรี 71110 ,13.78908,99.571365,หนองตากยา,ท่าม่วง,กาญจนบุรี
193,หนองบอนแดง,295,CJ Express,Convenience Stores,เลขที่ 25/19 หมู่ที่ 2 ตำบลหนองบอนแดง อำเภอบ้านบึง จังหวัดชลบุรี 20170 ,13.34711,101.152771,หนองบอนแดง,บ้านบึง,ชลบุรี
194,หนองปรือ,61,CJ Express,Convenience Stores,เลขที่ 320 หมู่1 ตำบลหนองปรือ อำเภอหนองปรือ จังหวัดกาญจนบุรี 71220 ,14.607791,99.456253,หนองปรือ,หนองปรือ,กาญจนบุรี
195,หนองฝ้าย,93,CJ Express,Convenience Stores,เลขที่ 70/4 หมู่1 ตำบลหนองฝ้าย อำเภอเลาขวัญ จังหวัดกาญจนบุรี 71210 ,14.676349,99.694031,หนองฝ้าย,เลาขวัญ,กาญจนบุรี
196,หนองพันกง,278,CJ Express,Convenience Stores,เลขที่ 84/1 หมู่ที่ 5 ตำบลตลิ่งชัน อำเภอเมืองสุพรรณบุรี จังหวัดสุพรรณบุรี 72000 ,14.562389,99.993721,ตลิ่งชัน,เมืองสุพรรณบุรี,สุพรรณบุรี
197,หนองมะค่าโมง,210,CJ Express,Convenience Stores,เลขที่ 1039 หมู่ 18 ตำบลหนองมะค่าโมง อำเภอด่านช้าง จังหวัดสุพรรณบุรี 72180 ,14.845549,99.689026,หนองมะค่าโมง,ด่านช้าง,สุพรรณบุรี
198,หนองส้ม,246,CJ Express,Convenience Stores,เลขที่ 227 หมู่ 4 ตำบลสระพัง อำเภอเขาย้อย จังหวัดเพชรบุรี 76140 ,13.266424,99.825981,สระพัง,เขาย้อย,เพชรบุรี
199,หนองหญ้าปล้อง,134,CJ Express,Convenience Stores,เลขที่ 429 หมู่ 4 ตำบลหนองหญ้าปล้อง อำเภอหนองหญ้าปล้อง จังหวัดเพชรบุรี 76160 ,13.161338,99.69825,หนองหญ้าปล้อง,หนองหญ้าปล้อง,เพชรบุรี
200,หนองหญ้าไซ,49,CJ Express,Convenience Stores,เลขที่ 575 หมู่ 13 ตำบลหนองหญ้าไซ อำเภอหนองหนองหญ้าไซ จังหวัดสุพรรณบุรี 72240 ,14.775132,99.908615,หนองหญ้าไซ,หนองหญ้าไซ,สุพรรณบุรี
201,หนองแขม,199,CJ Express,Convenience Stores,เลขที่ 31/26 หมู่ 7 ตำบลสวนหลวง อำเภอกระทุ่มแบน จังหวัดสมุทรสาคร 74110 ,13.676283,100.326645,สวนหลวง,กระทุ่มแบน,สมุทรสาคร
202,หนองโพ,76,CJ Express,Convenience Stores,เลขที่ 153 หมู่ 9 ตำบลหนองโพ อำเภอโพธาราม จังหวัดราชบุรี 70120 ,13.737917,99.9151,หนองโพ,โพธาราม,ราชบุรี
203,หน้าราชภัฎเพชรบุรี,169,CJ Express,Convenience Stores,เลขที่ 65/4 หมู่ 5 ตำบลโพไร่หวาน อำเภอเมืองเพชรบุรี จังหวัดเพชรบุรี 76000 ,13.069846,99.974449,โพไร่หวาน,เมืองเพชรบุรี,เพชรบุรี
204,หน้าวัดศรัทธาธรรม,179,CJ Express,Convenience Stores,เลขที่ 155/1 หมู่ 5 ตำบลบางจะเกร็ง อำเภอเมืองสมุทรสงคราม จังหวัดสมุทรสงคราม 75000 ,13.377607,99.994759,บางจะเกร็ง,เมืองสมุทรสงคราม,สมุทรสงคราม
205,หน้าวัดสามกระบือเผือก,176,CJ Express,Convenience Stores,เลขที่ 5/7 หมู่ 4 ตำบลสามควายเผือก อำเภอเมืองงนครปฐม จังหวัดนครปฐม 73000 ,13.829029,100.10508,สามควายเผือก,เมืองนครปฐม,นครปฐม
206,หน้าอำเภอบ้านแหลม 2,232,CJ Express,Convenience Stores,เลขที่ 2/21 หมู่ 4 ตำบลบ้านแหลม อำเภอบ้านแหลม จังหวัดเพชรบุรี 76110 ,13.201801,99.980507,บ้านแหลม,บ้านแหลม,เพชรบุรี
207,หน้าเขื่อน ,120,CJ Express,Convenience Stores,เลขที่ 979/80 หมู่ 3 ตำบลท่าม่วง อำเภอท่าม่วง จังหวัดกาญจนบุรี 71110 ,13.974873,99.63208,ท่าม่วง,ท่าม่วง,กาญจนบุรี
208,หน้าเคหะเอื้ออาทร,175,CJ Express,Convenience Stores,เลขที่ 29 หมู่ 5 ตำบลสวนหลวง อำเภอกระทุ่มแบน จังหวัดสมุทรสาคร 74110 ,13.671854,100.309586,สวนหลวง,กระทุ่มแบน,สมุทรสาคร
209,หมื่นหาญ,36,CJ Express,Convenience Stores,เลขที่ 234 236 ถนนหมื่นหาญ ตำบลท่าพี่เลี้ยง อำเภอเมืองสุพรรณบุรี จังหวัดสุพรรณบุรี 72000 ,14.467483,100.120415,ท่าพี่เลี้ยง,เมืองสุพรรณบุรี,สุพรรณบุรี
210,หมู่บ้านมหาชัยเมืองทอง,157,CJ Express,Convenience Stores,เลขที่ 24/10 24/283-284 หมู่ 3 ตำบลบางหญ้าแพรก อำเภอเมืองสมุทรสาคร จังหวัดสมุทรสาคร 74000 ,13.525739,100.294746,บางหญ้าแพรก,เมืองสมุทรสาคร,สมุทรสาคร
211,หมู่บ้านรุ่งอรุณ (วัดแพรก 2),202,CJ Express,Convenience Stores,เลขที่ 95/110 หมู่ที่ 3 ตำบลปลายบาง อำเภอบางกรวย จังหวัดนนทบุรี 11130 ,13.814248,100.393364,ปลายบาง,บางกรวย,นนทบุรี
212,ห้วยกรด,213,CJ Express,Convenience Stores,เลขที่ 292 หมู่ 9 ตำบลห้วยกรด อำเภอสรรคบุรี จังหวัดชัยนาท 17140 ,15.094537,100.202827,ห้วยกรด,สรรคบุรี,ชัยนาท
213,ห้วยกระบอก,86,CJ Express,Convenience Stores,เลขที่ 117/12 หมู่ 9 ตำบลกรับใหญ่ อำเภอบ้านโป่ง จังหวัดราชบุรี 70110 ,13.949712,99.881462,กรับใหญ่,บ้านโป่ง,ราชบุรี
214,ห้วยกระเจา,269,CJ Express,Convenience Stores,เลขที่ 287 หมู่ที่ 2 ตำบลห้วยกระเจา อำเภอห้วยกระเจา จังหวัดกาญจนบุรี 71170 ,14.331773,99.645615,ห้วยกระเจา,ห้วยกระเจา,กาญจนบุรี
215,ห้วยกะปิ 17,261,CJ Express,Convenience Stores,เลขที่ 59/42 หมู่ที่ 5 ตำบลห้วยกะปิ อำเภอเมืองชลบุรี จังหวัดชลบุรี 20000 ,13.297503,100.949799,ห้วยกะปิ,เมืองชลบุรี,ชลบุรี
216,ห้วยจรเข้,57,CJ Express,Convenience Stores,เลขที่ 19/1 หมู่ 6 ตำบลห้วยจรเข้ อำเภอเมืองนครปฐม จังหวัดนครปฐม 73000 ,13.801116,100.0672,ห้วยจรเข้,เมืองนครปฐม,นครปฐม
217,ห้วยชินสีห์,66,CJ Express,Convenience Stores,เลขที่ 143/4 หมู่7 ตำบลอ่างทอง อำเภอเมือง จังหวัดราชบุรี 70000 ,13.45679,99.796516,อ่างทอง,เมืองราชบุรี,ราชบุรี
218,ห้วยพลู,15,CJ Express,Convenience Stores,เลขที่ 278/1 หมู่ 1 ตำบลห้วยพลู อำเภอนครชัยศรี จังหวัดนครปฐม 73120 ,13.868265,100.209297,ห้วยพลู,นครชัยศรี,นครปฐม
219,ห้วยยาง,282,CJ Express,Convenience Stores,เลขที่ 15/7 หมู่ที่ 5 ตำบลห้วยยาง อำเภอทับสะแก จังหวัดประจวบคีรีขันธ์ 77130 ,11.603241,99.662376,ห้วยยาง,ทับสะแก,ประจวบคีรีขันธ์
220,ห้วยใหญ่,249,CJ Express,Convenience Stores,เลขที่ 54/1 หมู่ที่ 3 ตำบลห้วยใหญ่ อำเภอบางละมุง จังหวัดชลบุรี 20150 ,12.864222,100.946861,ห้วยใหญ่,บางละมุง,ชลบุรี
221,หวายเหนียว,204,CJ Express,Convenience Stores,เลขที่ 65/5 หมู่ 1 ตำบลหวายเหนียว อำเภอท่ามะกา จังหวัดกาญจนบุรี 71120 ,13.915959,99.759163,หวายเหนียว,ท่ามะกา,กาญจนบุรี
222,หันคา,47,CJ Express,Convenience Stores,เลขที่ 403 หมู่ 1 ตำบลหันคา อำเภอหันคา จังหวัดชัยนาท 17130 ,14.98451,100.009766,หันคา,หันคา,ชัยนาท
223,หัวกุญแจ,264,CJ Express,Convenience Stores,เลขที่ 9/90 หมู่ที่ 1 ตำบลคลองกิ่ว อำเภอบ้านบึง จังหวัดชลบุรี 20170 ,13.254222,101.155586,คลองกิ่ว,บ้านบึง,ชลบุรี
224,อ้อมน้อย,139,CJ Express,Convenience Stores,เลขที่ 393/285 หมู่ 2 ตำบลอ้อมน้อย อำเภอกระทุ่มแบน จังหวัดสมุทรสาคร 74110 ,13.688849,100.283234,อ้อมน้อย,กระทุ่มแบน,สมุทรสาคร
225,อ่าวน้อย,206,CJ Express,Convenience Stores,เลขที่ 770 หมู่ 6 ตำบลอ่าวน้อย อำเภอเมืองประจวบคีรีขันธ์ จังหวัดประจวบคีรีขันธ์ 77000 ,11.912665,99.755173,อ่าวน้อย,เมืองประจวบคีรีขันธ์,ประจวบคีรีขันธ์
226,อู่ทอง,20,CJ Express,Convenience Stores,เลขที่ 67-71 หมู่ 6 ตำบลอู่ทอง อำเภออู่ทอง จังหวัดสุพรรณบุรี 72160 ,14.376435,99.896278,อู่ทอง,อู่ทอง,สุพรรณบุรี
227,เกตุม,108,CJ Express,Convenience Stores,เลขที่ 67/15 หมู่ 6 ตำบลบางโทรัด อำเภอเมืองสมุทรสาคร จังหวัดสมุทรสาคร 74000 ,13.512708,100.15181,บางโทรัด,เมืองสมุทรสาคร,สมุทรสาคร
228,เกาะหลัก,115,CJ Express,Convenience Stores,เลขที่ 43/1 ถ.เกาะหลัก ตำบลประจวบคีรีขันธ์ อำเภอเมืองประจวบคีรีขันธ์ จังหวัดประจวบคีรีขันธ์ 77000 ,11.7971,99.791763,ประจวบคีรีขันธ์,เมืองประจวบคีรีขันธ์,ประจวบคีรีขันธ์
229,เขาขวาง,78,CJ Express,Convenience Stores,เลขที่ 163 หมู่6 ตำบลนางแก้ว อำเภอโพธาราม จังหวัดราชบุรี 70120 ,13.712901,99.768517,นางแก้ว,โพธาราม,ราชบุรี
230,เขางู,55,CJ Express,Convenience Stores,เลขที่ 240 หมู่ 5 ตำบลเจดีย์หัก อำเภอเมืองราชบุรี จังหวัดราชบุรี 70000 ,13.564096,99.777664,เจดีย์หัก,เมืองราชบุรี,ราชบุรี
231,เขาตะเกียบ,117,CJ Express,Convenience Stores,เลขที่ 1/282 ซอยหมู่บ้านตะเกียบ ตำบลหนองแก อำเภอหัวหิน จังหวัดประจวบคีรีขันธ์ 7711 ,12.526287,99.971336,หนองแก,หัวหิน,ประจวบคีรีขันธ์
232,เขาลูกช้าง,152,CJ Express,Convenience Stores,เลขที่ 311 หมู่ 6 ตำบลท่าไม้รวก อำเภอท่ายาง จังหวัดเพชรบุรี 76130 ,12.812874,99.798874,ท่าไม้รวก,ท่ายาง,เพชรบุรี
233,เขาวัง,43,CJ Express,Convenience Stores,เลขที่ 152 หมู่ 10 ตำบลเจดีย์หัก อำเภอเมืองราชบุรี จังหวัดราชบุรี 70000 ,13.527719,99.789299,เจดีย์หัก,เมืองราชบุรี,ราชบุรี
234,เขื่อนเพชร,104,CJ Express,Convenience Stores,เลขที่ 108/8 หมู่ 6 ตำบลท่าคอย อำเภอท่ายาง จังหวัดเพชรบุรี 74130 ,12.911753,99.8582,ท่าคอย,ท่ายาง,เพชรบุรี
235,เจดีย์หัก,29,CJ Express,Convenience Stores,เลขที่ 225/3 หมู่ 11 ตำบลเจดีย์หัก อำเภอเมืองราชบุรี จังหวัดราชบุรี 70000 ,13.542567,99.800285,เจดีย์หัก,เมืองราชบุรี,ราชบุรี
236,เฉี่ยวโอชา,83,CJ Express,Convenience Stores,เลขที่ 100 ถ.พิทักษ์ชาติ ตำบลประจวบคีรีขันธ์ อำเภอเมืองประจวบคีรีขันธ์ จังหวัดประจวบคีรีขันธ์ 77000 ,11.809233,99.796097,ประจวบคีรีขันธ์,เมืองประจวบคีรีขันธ์,ประจวบคีรีขันธ์
237,เทพกุญชร 42,258,CJ Express,Convenience Stores,เลขที่ 49/127 หมู่ที่ 14 ตำบลคลองหนึ่ง อำเภอคลองหลวง จังหวัดปทุมธานี 12120 ,14.125442,100.623726,คลองหนึ่ง,คลองหลวง,ปทุมธานี
238,เทียนดัด 1,79,CJ Express,Convenience Stores,เลขที่ 99/5 หมู่1 ตำบลบ้านใหม่ อำเภอสามพราน จังหวัดนครปฐม 73110 ,13.700531999999999,100.243248,บ้านใหม่,สามพราน,นครปฐม
239,เทียนดัด 2,123,CJ Express,Convenience Stores,เลขที่ 43/10 หมู่ 1 ตำบลบ้านใหม่ อำเภอสามพราน จังหวัดนครปฐม 73110 ,13.702479,100.245667,บ้านใหม่,สามพราน,นครปฐม
240,เนินขาม,259,CJ Express,Convenience Stores,เลขที่ 155 หมู่ 8 ตำบลเนินขาม อำเภอเนินขาม จังหวัดชัยนาท 17130 ,14.953111,99.943024,เนินขาม,เนินขาม,ชัยนาท
241,เพชรเกษม 77,265,CJ Express,Convenience Stores,เลขที่ 6 ซอยเพชรเกษม 77 ตำบลแขวงหนองค้างพลู อำเภอเขตหนองแขม จังหวัดกรุงเทพมหานคร 10160 ,13.703278,100.36042,หนองค้างพลู,หนองแขม,กรุงเทพมหานคร
242,เพชรเกษม 91,288,CJ Express,Convenience Stores,154/388 หมู่ที่ 6 ตำบลสวนหลวง อำเภอกระทุ่มแบน จังหวัดสมุทรสาคร 74110 ,13.68975,100.319084,สวนหลวง,กระทุ่มแบน,สมุทรสาคร
243,เมืองทอง,40,CJ Express,Convenience Stores,เลขที่ 99/4 ถ.สมบูรณ์กุล ตำบลหน้าเมือง อำเภอเมืองราชบุรี จังหวัดราชบุรี 70000 ,13.52673,99.81485,หน้าเมือง,เมืองราชบุรี,ราชบุรี
244,เยื้องวัดท่าฉลอม(วัดช่องลม),160,CJ Express,Convenience Stores,เลขที่ 27/36 หมู่ 4 ตำบลบางหญ้าแพรก อำเภอเมืองสมุทรสาคร จังหวัดสมุทรสาคร 74000 ,13.522294,100.263435,บางหญ้าแพรก,เมืองสมุทรสาคร,สมุทรสาคร
245,เลาขวัญ,151,CJ Express,Convenience Stores,เลขที่ 54/1 หมู่ 1 ตำบลเลาขวัญ อำเภอเลาขวัญ จังหวัดกาญจนบุรี 71210 ,14.593242,99.775955,เลาขวัญ,เลาขวัญ,กาญจนบุรี
246,เหนือวัง,51,CJ Express,Convenience Stores,เลขที่ 18 ถนนข้างวัง ตำบลพระปฐมเจดีย์ อำเภอเมืองนครปฐม จังหวัดนครปฐม 73000 ,13.823861,100.048248,พระปฐมเจดีย์,เมืองนครปฐม,นครปฐม
247,เอื้ออาทรกันตนา,192,CJ Express,Convenience Stores,เลขที่ 50/13 หมู่ที่ 2 ตำบลบางใหญ่ อำเภอบางใหญ่ จังหวัดนนทบุรี 11140 ,13.843743,100.38842,บางใหญ่,บางใหญ่,นนทบุรี
248,แก่งกระจาน,98,CJ Express,Convenience Stores,เลขที่ 512 หมู่1 ตำบลแก่งกระจาน อำเภอแก่งกระจาน จังหวัดเพชรบุรี 76170 ,12.908179,99.653717,แก่งกระจาน,แก่งกระจาน,เพชรบุรี
249,แควอ้อม,184,CJ Express,Convenience Stores,เลขที่ 25/3 หมู่ 8 ตำบลแควอ้อม อำเภออัมพวา จังหวัดสมุทรสงคราม 75110 ,13.430771,99.944862,แควอ้อม,อัมพวา,สมุทรสงคราม
250,แม่กลอง 2,126,CJ Express,Convenience Stores,เลขที่ 7/81-84 ซอยบางประจัน ถ.เอกชัย ตำบลแม่กลอง อำเภอเมืองสมุทรสงคราม จังหวัดสมุทรสงคราม 75000 ,13.411364,100.003021,แม่กลอง,เมืองสมุทรสงคราม,สมุทรสงคราม
251,แยกวังสารภี,186,CJ Express,Convenience Stores,เลขที่ 118/13 หมู่ 8 ตำบลปากแพรก อำเภอเมืองกาญจนบุรี จังหวัดกาญจนบุรี 71000 ,14.030759,99.557739,ปากแพรก,เมืองกาญจนบุรี,กาญจนบุรี
252,แยกอนุสาวรีย์สามพราน,189,CJ Express,Convenience Stores,เลขที่ 29/64 หมู่ 1 ตำบลท่าตลาด อำเภอสามพราน จังหวัดนครปฐม 73110 ,13.742649,100.215096,ท่าตลาด,สามพราน,นครปฐม
253,โกรกกราก 1,71,CJ Express,Convenience Stores,เลขที่ 72/13 ถ.ธรรมคุณากร ตำบลโกรกกราก อำเภอเมืองสมุทรสาคร จังหวัดสมุทรสาคร 74000 ,13.534031,100.279732,โกรกกราก,เมืองสมุทรสาคร,สมุทรสาคร
254,โกรกกราก 2,80,CJ Express,Convenience Stores,เลขที่ 124/2 ถ.เจษฎาวิถี ตำบลมหาชัย อำเภอเมืองสมุทรสาคร จังหวัดสมุทรสาคร 74000 ,13.546432,100.28463,มหาชัย,เมืองสมุทรสาคร,สมุทรสาคร
255,โคกพระ ,289,CJ Express,Convenience Stores,เลขที่ 43/4 หมู่ที่ 4 ตำบลบางระกำ อำเภอนครชัยศรี จังหวัดนครปฐม 73120 ,13.7475,100.122108,บางระกำ,นครชัยศรี,นครปฐม
256,โคกสำโรง,280,CJ Express,Convenience Stores,เลขที่ 180 ถนนสุระนารายณ์ ตำบลโคกสำโรง อำเภอโคกสำโรง จังหวัดลพบุรี 15120 ,15.066524,100.723869,โคกสำโรง,โคกสำโรง,ลพบุรี
257,โป่งดุสิต,64,CJ Express,Convenience Stores,เลขที่ 110/19 ถ.หลังสถานี ตำบลบ้านโป่ง อำเภอบ้านโป่ง จังหวัดราชบุรี 70110 ,13.807995,99.874115,บ้านโป่ง,บ้านโป่ง,ราชบุรี
258,โพธิ์การ้อง,133,CJ Express,Convenience Stores,เลขที่ 1/4 ถ.โพธิ์การ้อง ตำบลท่าราบ อำเภอเมืองเพชรบุรี จังหวัดเพชรบุรี 76000 ,13.109431,99.95575,ท่าราบ,เมืองเพชรบุรี,เพชรบุรี
259,โพรงมะเดื่อ,276,CJ Express,Convenience Stores,เลขที่ 18/23 หมู่ที่ 14 ตำบลโพรงมะเดื่อ อำเภอเมืองนครปฐม จังหวัดนครปฐม 73000 ,13.870582,99.956787,โพรงมะเดื่อ,เมืองนครปฐม,นครปฐม
260,โพหัก,48,CJ Express,Convenience Stores,เลขที่ 192 หมู่ 3 ตำบลโพหัก อำเภอบางแพ จังหวัดราชบุรี 70160 ,13.641262,100.018837,โพหัก,บางแพ,ราชบุรี
261,โพไร่หวาน,68,CJ Express,Convenience Stores,เลขที่ 67/2 หมู่2 ตำบลโพธิ์ไร่หวาน อำเภอเมืองเพชรบุรี จังหวัดเพชรบุรี 76000 ,13.080609,99.965202,โพธิ์ไร่หวาน,เมืองเพชรบุรี,เพชรบุรี
262,ในคลองบางปลากดสุขสวัสดิ์ 76,222,CJ Express,Convenience Stores,เลขที่ 149/5 หมู่ที่ 10 ตำบลในคลองบางปลากด อำเภอพระสมุทรเจดีย์ จังหวัดสมุทรปราการ 10290 ,13.592041,100.521004,ในคลองบางปลากด,พระสมุทรเจดีย์,สมุทรปราการ
263,ไชโย,247,CJ Express,Convenience Stores,เลขที่ 246 หมู่ที่ 1 ตำบลจรร้อง อำเภอไชโย จังหวัดอ่างทอง 14140 ,14.666111,100.467972,จรร้อง,ไชโย,อ่างทอง
264,ไทรโยค,101,CJ Express,Convenience Stores,เลขที่ 399/4 หมู่ 3 ตำบลท่าเสา อำเภอไทรโยค จังหวัดกาญจนบุรี 71150 ,14.229499,99.06427,ท่าเสา,ไทรโยค,กาญจนบุรี
265,ไผ่กองดิน,297,CJ Express,Convenience Stores,เลขที่ 205 หมู่ที่ 4 ตำบลไผ่กองดิน อำเภอบางปลาม้า จังหวัดสุพรรณบุรี 72150 ,14.333088,100.247421,ไผ่กองดิน,บางปลาม้า,สุพรรณบุรี
266,ไผ่สามเกาะ,231,CJ Express,Convenience Stores,เลขที่ 127 หมู่ 17 ตำบลเขาขลุง อำเภอบ้านโป่ง จังหวัดราชบุรี 70110 ,13.802759,99.712921,เขาขลุง,บ้านโป่ง,ราชบุรี
