,name,store_id,name_store,store_type,address,lat,lng,subdistrict,district,province
0,CP Fresh Mart- ม.หรรษา,110455,CP Freshmart,Speciality Store,ชุมชนหรรษาที่ดินซอย 1 แขวงหนองค้างพลู เขตหนองแขม กรุงเทพมหานคร 10160,13.7042995744,100.33514672,หนองค้างพลู,หนองแขม,กรุงเทพมหานคร
1,CP Fresh Mart – พุทธบูชา 36,111241,CP Freshmart,Speciality Store,พุทธบูชา 36 แขวงบางมด เขตทุ่งครุ กรุงเทพมหานคร 10140,13.650022,100.481251,บางมด,ทุ่งครุ,กรุงเทพมหานคร
2,CP Fresh Mart – ธนินทร,110561,CP Freshmart,Speciality Store,ถนนวิภาวดีรังสิต แขวงสนามบิน เขตดอนเมือง กรุงเทพมหานคร 10210,13.94010287,100.612239,สนามบิน,ดอนเมือง,กรุงเทพมหานคร
3,CP Freshmart - สาขา ม.เกษตร,110933,CP Freshmart,Speciality Store,-,13.848184980009783,100.56705314567436,ลาดยาว,จตุจักร,กรุงเทพมหานคร
4,CP Fresh Mart - ถ.กลางเมือง-ขอนแก่น,112827,CP Freshmart,Speciality Store,ถนนกลางเมือง ตำบลในเมือง อำเภอเมืองขอนแก่น จังหวัดขอนแก่น 40000,16.425929,102.835059,ในเมือง,เมืองขอนแก่น,ขอนแก่น
5,CP Fresh Mart - วัดสิงห์-ชัยนาท,112897,CP Freshmart,Speciality Store,ถนนจันทนาราม ตำบลวัดสิงห์ อำเภอวัดสิงห์ จังหวัดชัยนาท 17120,15.261248,100.04235,วัดสิงห์,วัดสิงห์,ชัยนาท
6,CP Fresh Mart PS - อยุธยา,112812,CP Freshmart,Speciality Store,-,14.3493125,100.6056875,ธนู,อุทัย,พระนครศรีอยุธยา
7,CP Fresh Mart - อ่างทอง,112810,CP Freshmart,Speciality Store,ทางหลวงแผ่นดินหมายเลข 309 ตำบลย่านซื่อ อำเภอเมืองอ่างทอง จังหวัดอ่างทอง 14000,14.5977897,100.4554972,ย่านซื่อ,เมืองอ่างทอง,อ่างทอง
8,CP Fresh Mart วารินชำราบ - อุบลราชธานี,112807,CP Freshmart,Speciality Store,ถนนปทุมเทพภักดี ตำบลวารินชำราบ อำเภอวารินชำราบ จังหวัดอุบลราชธานี 34190,15.199836,104.865498,วารินชำราบ,วารินชำราบ,อุบลราชธานี
9,CP Fresh Mart - บุรีรัมย์,112806,CP Freshmart,Speciality Store,ถนนอนุวรรตน์ ตำบลในเมือง อำเภอเมืองบุรีรัมย์ จังหวัดบุรีรัมย์ 31000,14.999121,103.110849,ในเมือง,เมืองบุรีรัมย์,บุรีรัมย์
10,CP Freshmart - ระยอง,112803,CP Freshmart,Speciality Store,ถนนตากสินมหาราช ตำบลท่าประดู่ อำเภอเมืองระยอง จังหวัดระยอง 21000,12.6791053,101.2813889,ท่าประดู่,เมืองระยอง,ระยอง
11,MHMS ดอนจั่น-ไชยสถาน,111314,CP Freshmart,Speciality Store,ทางหลวงแผ่นดินหมายเลข 1317 ตำบลไชยสถาน อำเภอสารภี จังหวัดเชียงใหม่ 50140,18.760832,99.04298,ไชยสถาน,สารภี,เชียงใหม่
12,CP Fresh Mart- บัวทองธานี,110146,CP Freshmart,Speciality Store,ซอยหมู่บ้านบัวทองธานี ตำบลบางบัวทอง อำเภอบางบัวทอง จังหวัดนนทบุรี 11110,13.9349716694,100.410448236,บางบัวทอง,บางบัวทอง,นนทบุรี
13,CP Fresh Mart - ซ.ธนสิทธิ์ จุด 2,111334,CP Freshmart,Speciality Store,ซอยบางปลา 2 ตำบลบางปลา อำเภอบางพลี จังหวัดสมุทรปราการ 10540,13.57053,100.72073,บางปลา,บางพลี,สมุทรปราการ
14,CP Fresh Mart - ม.ภัสสร 345,111219,CP Freshmart,Speciality Store,-,13.9578888888889,100.498694444444,บางคูวัด,เมืองปทุมธานี,ปทุมธานี
15,CP Fresh Mart - สุขุมวิท 36,111378,CP Freshmart,Speciality Store,ซอยนภาศัพท์ แยก 5 แขวงคลองตัน เขตคลองเตย กรุงเทพมหานคร 10110,13.719,100.57609,คลองตัน,คลองเตย,กรุงเทพมหานคร
16,CP Fresh Mart - อิมเมจมอลล์,110750,CP Freshmart,Speciality Store,ถนนพุทธมณฑลสาย 4 ตำบลกระทุ่มล้ม อำเภอสามพราน จังหวัดนครปฐม 73220,13.759717,100.329117,กระทุ่มล้ม,สามพราน,นครปฐม
17,CP Fresh Mart- พระปิ่น 3,110132,CP Freshmart,Speciality Store,ซอยหมู่บ้านพระปิ่น 3 ตำบลบางแม่นาง อำเภอบางใหญ่ จังหวัดนนทบุรี 11140,13.858583,100.406944,บางแม่นาง,บางใหญ่,นนทบุรี
18,CP Fresh Mart - สำเร็จพัฒนา,111340,CP Freshmart,Speciality Store,ทางหลวงชนบทหมายเลข นบ.1011 ตำบลศาลากลาง อำเภอบางกรวย จังหวัดนนทบุรี 11130,13.813208,100.390146,ศาลากลาง,บางกรวย,นนทบุรี
19,CP Fresh Mart - พันท้ายนรสิงห์ ,110570,CP Freshmart,Speciality Store,ซอยหมู่บ้านวิเศษสุขนคร โครงการ 19 ตำบลพันท้ายนรสิงห์ อำเภอเมืองสมุทรสาคร จังหวัดสมุทรสาคร 74000,13.5812694416,100.370901923,พันท้ายนรสิงห์,เมืองสมุทรสาคร,สมุทรสาคร
20,CP Fresh Mart - ติวานนท์ 38,111373,CP Freshmart,Speciality Store,ซอยติวานนท์ 38 (ซอยทานสัมฤทธิ์) ตำบลท่าทราย อำเภอเมืองนนทบุรี จังหวัดนนทบุรี 11000,13.872528,100.522222,ท่าทราย,เมืองนนทบุรี,นนทบุรี
21,CP Fresh Mart - แฮปปี้แลนด์,110678,CP Freshmart,Speciality Store,ถนนแฮปปี้แลนด์สาย 1 แขวงคลองจั่น เขตบางกะปิ กรุงเทพมหานคร 10240,13.780307284,100.643102455,คลองจั่น,บางกะปิ,กรุงเทพมหานคร
22,CP Fresh Mart - พัฒนาการ 53 จุด 2,110923,CP Freshmart,Speciality Store,พัฒนาการ 53 (ซอยเมืองทอง 2) แขวงสวนหลวง เขตสวนหลวง กรุงเทพมหานคร 10250,13.7333153614,100.649192335,สวนหลวง,สวนหลวง,กรุงเทพมหานคร
23,CP Fresh Mart - บางกระดี่,111335,CP Freshmart,Speciality Store,บางกระดี่ 15 (ซอยดอกรัก) แขวงแสมดำ เขตบางขุนเทียน กรุงเทพมหานคร 10150,13.62177,100.401104,แสมดำ,บางขุนเทียน,กรุงเทพมหานคร
24,CP Fresh Mart- เคหะบางบัว,110153,CP Freshmart,Speciality Store,พหลโยธิน 49/1 แขวงตลาดบางเขน เขตหลักสี่ กรุงเทพมหานคร 10210,13.85953246,100.5826303,ตลาดบางเขน,หลักสี่,กรุงเทพมหานคร
25,CP Fresh Mart - ตลาดถนอมมิตร,111226,CP Freshmart,Speciality Store,-,13.8576111111111,100.643241666667,ท่าแร้ง,บางเขน,กรุงเทพมหานคร
26,CP Fresh Mart - ท่าอิฐ จุด 2,111384,CP Freshmart,Speciality Store,-,13.884975,100.459085,บางรักน้อย,เมืองนนทบุรี,นนทบุรี
27,CP Fresh Mart-ฉลองกรุง 53 ,111354,CP Freshmart,Speciality Store,ฉลองกรุง 53 แขวงลำปลาทิว เขตลาดกระบัง กรุงเทพมหานคร 10520,13.779115,100.804939,ลำปลาทิว,ลาดกระบัง,กรุงเทพมหานคร
28,CP Fresh Mart - ร่มเกล้า,111323,CP Freshmart,Speciality Store,เคหะร่มเกล้า 20 แขวงคลองสองต้นนุ่น เขตลาดกระบัง กรุงเทพมหานคร 10520,13.7704611,100.7321875,คลองสองต้นนุ่น,ลาดกระบัง,กรุงเทพมหานคร
29,CP Fresh Mart - ด่านสำโรง 40,111379,CP Freshmart,Speciality Store,-,13.6375885,100.6141785,สำโรงเหนือ,เมืองสมุทรปราการ,สมุทรปราการ
30,CP Fresh Mart - ตลาดประตูกรุงเทพ,111377,CP Freshmart,Speciality Store,พหลโยธิน 54/4 แยก 3-2 แขวงสายไหม เขตสายไหม กรุงเทพมหานคร 10220,13.9308742,100.6369094,สายไหม,สายไหม,กรุงเทพมหานคร
31,CP Fresh Mart - สาทร 11 ,110654,CP Freshmart,Speciality Store,สาทร 11 แยก 1 แขวงทุ่งวัดดอน เขตสาทร กรุงเทพมหานคร 10120,13.7176378836,100.527180305,ทุ่งวัดดอน,สาทร,กรุงเทพมหานคร
32,CP Fresh Mart - ราษฎร์พัฒนา,110704,CP Freshmart,Speciality Store,ซอย หมู่บ้านพาร์คเวย์ โฮม แขวงสะพานสูง เขตสะพานสูง กรุงเทพมหานคร 10240,13.7686994298,100.700975289,สะพานสูง,สะพานสูง,กรุงเทพมหานคร
33,CP Fresh Mart - กรีนวิลล์,110641,CP Freshmart,Speciality Store,กรีนวิลล์ 2 แขวงศาลาธรรมสพน์ เขตทวีวัฒนา กรุงเทพมหานคร 10170,13.792058879,100.394845335,ศาลาธรรมสพน์,ทวีวัฒนา,กรุงเทพมหานคร
34,พรไพศาล 11-นนทบุรี,111662,CP Freshmart,Speciality Store,สุขาประชาสรรค์ 3 ตำบลบางพูด อำเภอปากเกร็ด จังหวัดนนทบุรี 11120,13.9364214,100.5187118,บางพูด,ปากเกร็ด,นนทบุรี
35,CP Fresh Mart - เพชรบุรี 38/1,111380,CP Freshmart,Speciality Store,-,13.74527,100.57271,คลองตันเหนือ,วัฒนา,กรุงเทพมหานคร
36,CP Fresh Mart-ลำลูกกาคลอง 1,111343,CP Freshmart,Speciality Store,-,13.9618919,100.6374985,คูคต,ลำลูกกา,ปทุมธานี
37,CP Fresh Mart - ไทวัสดุ-ชัยพฤกษ์,111390,CP Freshmart,Speciality Store,ถนนราชพฤกษ์ ตำบลบางพลับ อำเภอปากเกร็ด จังหวัดนนทบุรี 11120,13.93425,100.4547778,บางพลับ,ปากเกร็ด,นนทบุรี
38,CP Fresh Mart- ม.เฟื่องฟ้า 11,110159,CP Freshmart,Speciality Store,ซอยหมู่บ้านเฟื่องฟ้าวิลล่า 11 ตำบลแพรกษาใหม่ อำเภอเมืองสมุทรปราการ จังหวัดสมุทรปราการ 10280,13.5891526082,100.658877834,แพรกษาใหม่,เมืองสมุทรปราการ,สมุทรปราการ
39,CP Fresh Mart - ตลาดไทยสมบูรณ์คลอง3-ปทุมธานี,111663,CP Freshmart,Speciality Store,ถนนเลียบคลองสาม ตำบลคลองสาม อำเภอคลองหลวง จังหวัดปทุมธานี 12120,14.046271,100.6632638,คลองสาม,คลองหลวง,ปทุมธานี
40,CP Fresh Mart - รามคำแหง 164 ( ม. เพอร์เฟค  เพลส),110776,CP Freshmart,Speciality Store,รามคำแหง 164 (ซอย ธนากร 2) แขวงมีนบุรี เขตมีนบุรี กรุงเทพมหานคร 10510,13.7954746783,100.710080672,มีนบุรี,มีนบุรี,กรุงเทพมหานคร
41,CP Fresh Mart -  เจริญกรุง 85,110889,CP Freshmart,Speciality Store,เจริญกรุง 85 (สุดประเสริฐ 9) แขวงวัดพระยาไกร เขตบางคอแหลม กรุงเทพมหานคร 10120,13.7067663797,100.507848035,วัดพระยาไกร,บางคอแหลม,กรุงเทพมหานคร
42,CP Fresh Mart - อยู่เจริญ คลอง4,110676,CP Freshmart,Speciality Store,ซอย  ตำบลบึงยี่โถ อำเภอธัญบุรี จังหวัดปทุมธานี 12130,13.9921370714,100.685333367,บึงยี่โถ,ธัญบุรี,ปทุมธานี
43,CP Fresh Mart - รามคำแหง 24,110843,CP Freshmart,Speciality Store,ถนนหัวหมาก (ซอยรามคำแหง 24) แขวงหัวหมาก เขตบางกะปิ กรุงเทพมหานคร 10240,13.75204194,100.634449,หัวหมาก,บางกะปิ,กรุงเทพมหานคร
44,CP Fresh Mart - ปั๊มคาลเท็กซ์ นครอินทร์,110754,CP Freshmart,Speciality Store,ทางเลียบถนนนครอินทร์ ตำบลบางขุนกอง อำเภอบางกรวย จังหวัดนนทบุรี 11130,13.8236406114,100.444051461,บางขุนกอง,บางกรวย,นนทบุรี
45,CP Fresh Mart- สุขุมวิท 93,110143,CP Freshmart,Speciality Store,ซอยสุขุมวิท 93 แขวงบางจาก เขตพระโขนง กรุงเทพมหานคร 10260,13.6991122777,100.605106878,บางจาก,พระโขนง,กรุงเทพมหานคร
46,CP Fresh Mart - รินทร์ทอง,111363,CP Freshmart,Speciality Store,-,13.951518,100.651668,คูคต,ลำลูกกา,ปทุมธานี
47,CP Fresh Mart โฉมใหม่ Lotus's Go Fresh อินทามระ 41,111349,CP Freshmart,Speciality Store,-,13.789697,100.567366,ดินแดง,ดินแดง,กรุงเทพมหานคร
48,CP FRESH MART สุขุมวิท 101/1,110530,CP Freshmart,Speciality Store,วชิรธรรมสาธิต 17 แขวงบางจาก เขตพระโขนง กรุงเทพมหานคร 10260,13.68463623,100.6192383,บางจาก,พระโขนง,กรุงเทพมหานคร
49,CP Fresh Mart- ไทรม้า,110154,CP Freshmart,Speciality Store,ถนนบ้านไทรม้า ตำบลบางรักน้อย อำเภอเมืองนนทบุรี จังหวัดนนทบุรี 11000,13.87049,100.461372,บางรักน้อย,เมืองนนทบุรี,นนทบุรี
50,CP Fresh Mart - โพธิ์แก้ว 3,111381,CP Freshmart,Speciality Store,ซอยโพธิ์แก้ว 3 แยก 2 แขวงคลองจั่น เขตบางกะปิ กรุงเทพมหานคร 10240,13.80041,100.63434,คลองจั่น,บางกะปิ,กรุงเทพมหานคร
51,CP FreshMart โฉมใหม่ Lotus’s Go Fresh  วิภาวดี 64 จุด 2,110945,CP Freshmart,Speciality Store,ซอยวิภาวดีรังสิต 64 แขวงตลาดบางเขน เขตหลักสี่ กรุงเทพมหานคร 10210,13.8754408199,100.577622269,ตลาดบางเขน,หลักสี่,กรุงเทพมหานคร
52,CP Fresh Mart - ซอยเย็นจิต,110706,CP Freshmart,Speciality Store,เย็นจิต 1 แขวงยานนาวา เขตสาทร กรุงเทพมหานคร 10120,13.7091837319,100.524096151,ยานนาวา,สาทร,กรุงเทพมหานคร
53,CP Fresh Mart- สุขสวัสดิ์ 26,110479,CP Freshmart,Speciality Store,สุขสวัสดิ์ 26 (ซอยกาญจนกุญชร) แขวงบางปะกอก เขตราษฎร์บูรณะ กรุงเทพมหานคร 10140,13.678503,100.492746,บางปะกอก,ราษฎร์บูรณะ,กรุงเทพมหานคร
54,CP Fresh Mart - ม.คุณาลัย ซ.เทศบาล 11,111020,CP Freshmart,Speciality Store,-,13.892672,100.389372,เสาธงหิน,บางใหญ่,นนทบุรี
55,CP Fresh Mart- พระปิ่น 5,110164,CP Freshmart,Speciality Store,ซอย 14 แขวงบางบอน เขตบางบอน กรุงเทพมหานคร 10150,13.6432719071,100.390096762,บางบอน,บางบอน,กรุงเทพมหานคร
56,คู้บอน 39,111636,CP Freshmart,Speciality Store,ถนนคู้บอน แขวงบางชัน เขตคลองสามวา กรุงเทพมหานคร 10510,13.85786,100.68535,บางชัน,คลองสามวา,กรุงเทพมหานคร
57,CP Fresh Mart- ทิพวัลย์,110035,CP Freshmart,Speciality Store,ซอยทิพวัล ตำบลเทพารักษ์ อำเภอเมืองสมุทรปราการ จังหวัดสมุทรปราการ 10270,13.6369921545,100.608076734,เทพารักษ์,เมืองสมุทรปราการ,สมุทรปราการ
58,CP Fresh Mart - สาทรคอนโด,110758,CP Freshmart,Speciality Store,ซอยศรีบำเพ็ญ แขวงทุ่งมหาเมฆ เขตสาทร กรุงเทพมหานคร 10120,13.71923176,100.5488058,ทุ่งมหาเมฆ,สาทร,กรุงเทพมหานคร
59,FMB-ซอยสามัคคี,111631,CP Freshmart,Speciality Store,ถนนสามัคคี ตำบลท่าทราย อำเภอเมืองนนทบุรี จังหวัดนนทบุรี 11000,13.88048,100.54408,ท่าทราย,เมืองนนทบุรี,นนทบุรี
60,CP Fresh  Mart - ลาซาล 30 ,110652,CP Freshmart,Speciality Store,ถนนลาซาล (ซอยสุขุมวิท 105) แขวงบางนา เขตบางนา กรุงเทพมหานคร 10260,13.6626845413,100.617046355,บางนา,บางนา,กรุงเทพมหานคร
61,CP Fresh Mart - ลาดกระบัง ซ.7,110930,CP Freshmart,Speciality Store,ถนนลาดกระบัง แขวงลาดกระบัง เขตลาดกระบัง กรุงเทพมหานคร 10520,13.7225124636,100.753154061,ลาดกระบัง,ลาดกระบัง,กรุงเทพมหานคร
62,CP Fresh Mart- วัดชัยฉิมพลี,110484,CP Freshmart,Speciality Store,ซอยบางแวก 73 แขวงบางแวก เขตภาษีเจริญ กรุงเทพมหานคร 10160,13.737244,100.432311,บางแวก,ภาษีเจริญ,กรุงเทพมหานคร
63,CP Fresh Mart - ซ.ภาณุรังษี,111372,CP Freshmart,Speciality Store,ถนนบางกรวย-ไทรน้อย ตำบลบางกรวย อำเภอบางกรวย จังหวัดนนทบุรี 11130,13.8061004,100.4900987,บางกรวย,บางกรวย,นนทบุรี
64,กู๊ด พาร์ค สรงประภา,111630,CP Freshmart,Speciality Store,วัดเวฬุวนาราม 3 แขวงดอนเมือง เขตดอนเมือง กรุงเทพมหานคร 10210,13.9281967,100.5691427,ดอนเมือง,ดอนเมือง,กรุงเทพมหานคร
65,CP Fresh Mart - เจริญนคร 37,111009,CP Freshmart,Speciality Store,ถนนส่วนบุคคล แขวงบางลำภูล่าง เขตคลองสาน กรุงเทพมหานคร 10600,13.7121237344,100.501857221,บางลำภูล่าง,คลองสาน,กรุงเทพมหานคร
66,CP Fresh Mart - เสนานิคม,111330,CP Freshmart,Speciality Store,ถนนเสนานิคม 1 แขวงลาดพร้าว เขตลาดพร้าว กรุงเทพมหานคร 10230,13.83164,100.60073,ลาดพร้าว,ลาดพร้าว,กรุงเทพมหานคร
67,CP Fresh Mart - เพชรบุรี 5 ,110616,CP Freshmart,Speciality Store,เพชรบุรี 5 (ซอยวิทยาลัยครูเพชรบุรี) แขวงทุ่งพญาไท เขตราชเทวี กรุงเทพมหานคร 10400,13.7563153049,100.529052614,ทุ่งพญาไท,ราชเทวี,กรุงเทพมหานคร
68,CP Fresh Mart - สี่แยกทศกัณฑ์ จุด 2,110970,CP Freshmart,Speciality Store,ถนนพุทธมณฑลสาย 2 แขวงบางไผ่ เขตบางแค กรุงเทพมหานคร 10160,13.743389,100.395217,บางไผ่,บางแค,กรุงเทพมหานคร
69,CP  Fresh Mart -  สวนผัก 32,110586,CP Freshmart,Speciality Store,ถนนสวนผัก แขวงตลิ่งชัน เขตตลิ่งชัน กรุงเทพมหานคร 10170,13.7980672196,100.436866716,ตลิ่งชัน,ตลิ่งชัน,กรุงเทพมหานคร
70,CP Fresh Mart - อนามัยงามเจริญ,111369,CP Freshmart,Speciality Store,ถนนอนามัยงามเจริญ แขวงท่าข้าม เขตบางขุนเทียน กรุงเทพมหานคร 10150,13.636698,100.449123,ท่าข้าม,บางขุนเทียน,กรุงเทพมหานคร
71,ประชาอุทิศ 90,111629,CP Freshmart,Speciality Store,ประชาอุทิศ 90 แขวงทุ่งครุ เขตทุ่งครุ กรุงเทพมหานคร 10140,13.610905,100.509895,ทุ่งครุ,ทุ่งครุ,กรุงเทพมหานคร
72,CP Fresh Mart-รัชดา66,111355,CP Freshmart,Speciality Store,ประชานุกูล 3 แขวงวงศ์สว่าง เขตบางซื่อ กรุงเทพมหานคร 10800,13.834803,100.532978,วงศ์สว่าง,บางซื่อ,กรุงเทพมหานคร
73,CP Fresh Mart -  กัลปพฤกษ์ ,110768,CP Freshmart,Speciality Store,ถนนกัลปพฤกษ์ แขวงบางหว้า เขตภาษีเจริญ กรุงเทพมหานคร 10160,13.7102904288,100.454969977,บางหว้า,ภาษีเจริญ,กรุงเทพมหานคร
74,CP Fresh Mart - ถนนดินสอ ,110699,CP Freshmart,Speciality Store,ถนนดินสอ แขวงบวรนิเวศ เขตพระนคร กรุงเทพมหานคร 10200,13.7552144,100.5013852,บวรนิเวศ,พระนคร,กรุงเทพมหานคร
75,MHMS-พังงา-เพชรเกษม2,111592,CP Freshmart,Speciality Store,ถนนเพชรเกษม ตำบลท้ายช้าง อำเภอเมืองพังงา จังหวัดพังงา 82000,8.45023,98.529714,ท้ายช้าง,เมืองพังงา,พังงา
76,สระหลวง-พิจิตร,111596,CP Freshmart,Speciality Store,-,16.444969,100.337491,ในเมือง,เมืองพิจิตร,พิจิตร
77,CPFT-FMEA-ศรีโสธร-ฉท,111615,CP Freshmart,Speciality Store,ซอยศรีโสธรตัดใหม่ 3 ตำบลหน้าเมือง อำเภอเมืองฉะเชิงเทรา จังหวัดฉะเชิงเทรา 24000,13.6909775,101.0639241,หน้าเมือง,เมืองฉะเชิงเทรา,ฉะเชิงเทรา
78,CPFM พนมสารคาม-พนมพัฒนา,111088,CP Freshmart,Speciality Store,ทางหลวงแผ่นดินหมายเลข 3378 ตำบลพนมสารคาม อำเภอพนมสารคาม จังหวัดฉะเชิงเทรา 24120,13.748147,101.347837,พนมสารคาม,พนมสารคาม,ฉะเชิงเทรา
79,CPFM-ราชบุรี-ศรีสุริยวงศ์,111332,CP Freshmart,Speciality Store,-,13.32167,99.48586,บ้านบึง,บ้านคา,ราชบุรี
80,CPFM ลาดยาว-หนองเบน-ลาดยาว,110545,CP Freshmart,Speciality Store,ทางหลวงแผ่นดินหมายเลข 1072 ตำบลลาดยาว อำเภอลาดยาว จังหวัดนครสวรรค์ 60150,15.7503824548,99.792333487,ลาดยาว,ลาดยาว,นครสวรรค์
81,MHMS-ทุ่งสง-นศ.,116111,CP Freshmart,Speciality Store,-,8.16671,99.675909,ปากแพรก,ทุ่งสง,นครศรีธรรมราช
82,CPFM สัตหีบ-ตลาดสัตหีบ,110591,CP Freshmart,Speciality Store,ถนนเทศบาล 1 ตำบลสัตหีบ อำเภอสัตหีบ จังหวัดชลบุรี 20180,12.6631905994,100.900018168,สัตหีบ,สัตหีบ,ชลบุรี
83,MHMS-ลพ-รอบเมืองใน2,111582,CP Freshmart,Speciality Store,ถนนรอบเมืองใน ตำบลในเมือง อำเภอเมืองลำพูน จังหวัดลำพูน 51000,18.579702,99.005417,ในเมือง,เมืองลำพูน,ลำพูน
84,MHMS เพชรบูรณ์-เทศบาลพัฒนา,110453,CP Freshmart,Speciality Store,ถนนเพชรเจริญ ตำบลในเมือง อำเภอเมืองเพชรบูรณ์ จังหวัดเพชรบูรณ์ 67000,16.4188561242,101.153808698,ในเมือง,เมืองเพชรบูรณ์,เพชรบูรณ์
85,FME-เมืองมหาสารคาม-นครสวรรค์,110517,CP Freshmart,Speciality Store,ถนนศรีสวัสดิ์ดำเนิน ตำบลตลาด อำเภอเมืองมหาสารคาม จังหวัดมหาสารคาม 44000,16.19477,103.282527,ตลาด,เมืองมหาสารคาม,มหาสารคาม
86,CPFM เพชรเกษม-ชายทะเล,110610,CP Freshmart,Speciality Store,ถนนบางสะพาน ตำบลกำเนิดนพคุณ อำเภอบางสะพาน จังหวัดประจวบคีรีขันธ์ 77140,11.210659,99.50813,กำเนิดนพคุณ,บางสะพาน,ประจวบคีรีขันธ์
87,CP Fresh Mart - บ้านสวนการ์เด้น,110698,CP Freshmart,Speciality Store,ซอยนวมินทร์ 14 แยก 19 แขวงคลองจั่น เขตบางกะปิ กรุงเทพมหานคร 10240,13.7771542793,100.648418303,คลองจั่น,บางกะปิ,กรุงเทพมหานคร
88,CPFM สระบุรี-ปากเพรียว,110952,CP Freshmart,Speciality Store,ถนนพหลโยธิน ตำบลปากเพรียว อำเภอเมืองสระบุรี จังหวัดสระบุรี 18000,14.5412107223,100.90941684,ปากเพรียว,เมืองสระบุรี,สระบุรี
89,CP Fresh Mart - ประชาราษฎร์บำเพ็ญ 24,111008,CP Freshmart,Speciality Store,ประชาราษฎร์บำเพ็ญ 24 (ซอยรัชดานิเวศน์) แขวงสามเสนนอก เขตห้วยขวาง กรุงเทพมหานคร 10310,13.7781535374,100.585847265,สามเสนนอก,ห้วยขวาง,กรุงเทพมหานคร
90,CP Fresh Mart - สัมมากร ซ.5,111319,CP Freshmart,Speciality Store,-,13.774183,100.674961,สะพานสูง,สะพานสูง,กรุงเทพมหานคร
91,CPFM-เมืองฉะเชิงเทรา-พานิช,110333,CP Freshmart,Speciality Store,ถนนพาณิชย์ ตำบลหน้าเมือง อำเภอเมืองฉะเชิงเทรา จังหวัดฉะเชิงเทรา 24000,13.691368,101.08169,หน้าเมือง,เมืองฉะเชิงเทรา,ฉะเชิงเทรา
92,CPFM เมืองมุกดาหาร-พิทักษ์พนมเขต,110403,CP Freshmart,Speciality Store,ถนนพิทักษ์พนมเขต ตำบลมุกดาหาร อำเภอเมืองมุกดาหาร จังหวัดมุกดาหาร 49000,16.540175,104.721304,มุกดาหาร,เมืองมุกดาหาร,มุกดาหาร
93,ตลาดใหญ่-ภูเก็ต,111648,CP Freshmart,Speciality Store,ถนนพังงา ตำบลตลาดใหญ่ อำเภอเมืองภูเก็ต จังหวัดภูเก็ต 83000,7.8830377,98.398036,ตลาดใหญ่,เมืองภูเก็ต,ภูเก็ต
94,CPFM กำแพงแสน-ตรีสุข,111305,CP Freshmart,Speciality Store,ทางหลวงแผ่นดินหมายเลข 346 ตำบลกำแพงแสน อำเภอกำแพงแสน จังหวัดนครปฐม 73140,14.005776,99.988581,กำแพงแสน,กำแพงแสน,นครปฐม
95,FME-บ้านไผ่-สุขาภิบาล2,111315,CP Freshmart,Speciality Store,ถนนสุขาภิบาล 2 (ทางหลวงแผ่นดินหมายเลข 2228) ตำบลในเมือง อำเภอบ้านไผ่ จังหวัดขอนแก่น 40110,16.057428,102.72885,ในเมือง,บ้านไผ่,ขอนแก่น
96,CPFM ชัยบาดาล-สุระนารายณ์,110289,CP Freshmart,Speciality Store,ทางหลวงแผ่นดินหมายเลข 205 ตำบลลำนารายณ์ อำเภอชัยบาดาล จังหวัดลพบุรี 15130,15.210216718,101.13592616,ลำนารายณ์,ชัยบาดาล,ลพบุรี
97,CP Fresh Mart - เอแบคบางนา ,110623,CP Freshmart,Speciality Store,ทางหลวงชนบทหมายเลข สป.2003 ตำบลบางเสาธง อำเภอบางเสาธง จังหวัดสมุทรปราการ 10570,13.5903726275,100.830664737,บางเสาธง,บางเสาธง,สมุทรปราการ
98,CPFM พนัสนิคม-ศรีกุญชร,110835,CP Freshmart,Speciality Store,ถนนศรีกุญชร ตำบลพนัสนิคม อำเภอพนัสนิคม จังหวัดชลบุรี 20140,13.44674,101.18125,พนัสนิคม,พนัสนิคม,ชลบุรี
99,CPFM สามชุก-สามชุก,111091,CP Freshmart,Speciality Store,ทางหลวงชนบทหมายเลข สพ.3057 ตำบลสามชุก อำเภอสามชุก จังหวัดสุพรรณบุรี 72130,14.7544173,100.0928123,สามชุก,สามชุก,สุพรรณบุรี
100,CPFT-FME-ภูเขียว,111152,CP Freshmart,Speciality Store,-,16.2103862,102.3581749,หนองสังข์,แก้งคร้อ,ชัยภูมิ
101,CPFM บ้านหมี่-ลพบุรี,111580,CP Freshmart,Speciality Store,ถนนเทศบาล ตำบลบ้านหมี่ อำเภอบ้านหมี่ จังหวัดลพบุรี 15110,15.04183,100.54118,บ้านหมี่,บ้านหมี่,ลพบุรี
102,CPFM เมืองสิงห์บุรี-ขุนสรรค์,110297,CP Freshmart,Speciality Store,ถนนขุนสรรค์ ตำบลบางพุทรา อำเภอเมืองสิงห์บุรี จังหวัดสิงห์บุรี 16000,14.8949100051,100.399293455,บางพุทรา,เมืองสิงห์บุรี,สิงห์บุรี
103,CPFM เมืองขอนแก่น-กสิกรทุ่งสร้าง,110410,CP Freshmart,Speciality Store,ถนนกสิกรทุ่งสร้าง ตำบลในเมือง อำเภอเมืองขอนแก่น จังหวัดขอนแก่น 40000,16.451244,102.8423,ในเมือง,เมืองขอนแก่น,ขอนแก่น
104,CPFM-หนองบัวแดง-พาณิชย์จำรูญ,110492,CP Freshmart,Speciality Store,ซอยพาณิชย์จำรูญ ตำบลหนองบัวแดง อำเภอหนองบัวแดง จังหวัดชัยภูมิ 36210,16.081377,101.804726,หนองบัวแดง,หนองบัวแดง,ชัยภูมิ
105,CPFM เพชรบุรี-ราชดำเนิน,110961,CP Freshmart,Speciality Store,ถนนราชดำเนิน ตำบลท่าราบ อำเภอเมืองเพชรบุรี จังหวัดเพชรบุรี 76000,13.1001858823,99.9441549405,ท่าราบ,เมืองเพชรบุรี,เพชรบุรี
106,CP Fresh Mart - ลาดพร้าว 80 แยก 22,111035,CP Freshmart,Speciality Store,ซอยลาดพร้าว 80 แยก 22 แขวงวังทองหลาง เขตวังทองหลาง กรุงเทพมหานคร 10310,13.782472,100.599992,วังทองหลาง,วังทองหลาง,กรุงเทพมหานคร
107,CP Freshmart - ลัดดาวิลล์,111101,CP Freshmart,Speciality Store,ซอยหมู่บ้านลัดดาวิลล์ ตำบลพิมลราช อำเภอบางบัวทอง จังหวัดนนทบุรี 11110,13.921436,100.390992,พิมลราช,บางบัวทอง,นนทบุรี
108,CP Fresh Mart - ซ. สยามธรณี ,110565,CP Freshmart,Speciality Store,คู้บอน 27 แขวงท่าแร้ง เขตบางเขน กรุงเทพมหานคร 10220,13.8632572129,100.666960082,ท่าแร้ง,บางเขน,กรุงเทพมหานคร
109,CPFM เมืองภูเก็ต-ศักดิเดช,110257,CP Freshmart,Speciality Store,-,7.86437944446,98.3806680099,วิชิต,เมืองภูเก็ต,ภูเก็ต
110,CPFT-FMEA-เพนียดช้าง-ชบ.,111634,CP Freshmart,Speciality Store,ถนนเพนียดช้าง ตำบลหนองปรือ อำเภอบางละมุง จังหวัดชลบุรี 20150,12.936415,100.897002,หนองปรือ,บางละมุง,ชลบุรี
111,CPFM กาฬสินธุ์-สมเด็จ,111641,CP Freshmart,Speciality Store,ถนนรัศมีดาว ตำบลสมเด็จ อำเภอสมเด็จ จังหวัดกาฬสินธุ์ 46150,16.6962089,103.7460195,สมเด็จ,สมเด็จ,กาฬสินธุ์
112,อ่างทอง-เกาะสมุย,111656,CP Freshmart,Speciality Store,ทางหลวงแผ่นดินหมายเลข 4169 ตำบลอ่างทอง อำเภอเกาะสมุย จังหวัดสุราษฎร์ธานี 84140,9.52440782952231,99.94083034741512,อ่างทอง,เกาะสมุย,สุราษฎร์ธานี
113,MHMS ชม.-หางดง2,111591,CP Freshmart,Speciality Store,ทางหลวงแผ่นดินหมายเลข 108 ตำบลหางดง อำเภอหางดง จังหวัดเชียงใหม่ 50230,18.684819,98.919197,หางดง,หางดง,เชียงใหม่
114,CPFM อู่ทอง-มาลัยแมน,110294,CP Freshmart,Speciality Store,ทางหลวงแผ่นดินหมายเลข 321 ตำบลอู่ทอง อำเภออู่ทอง จังหวัดสุพรรณบุรี 72160,14.377769,99.894324,อู่ทอง,อู่ทอง,สุพรรณบุรี
115,CPFM เมืองนครพนม-อภิบาลบัญชา,110397,CP Freshmart,Speciality Store,ถนนอภิบาลบัญชา ตำบลในเมือง อำเภอเมืองนครพนม จังหวัดนครพนม 48000,17.400933,104.784144,ในเมือง,เมืองนครพนม,นครพนม
116,CPFM พล-พลรัตน์,110406,CP Freshmart,Speciality Store,-,15.811619,102.599125,เมืองพล,พล,ขอนแก่น
117,CP Fresh Mart - พัฒนาการ 20,111368,CP Freshmart,Speciality Store,พัฒนาการ 20 (ซอยสวนหลวง) แขวงสวนหลวง เขตสวนหลวง กรุงเทพมหานคร 10250,13.73536,100.608,สวนหลวง,สวนหลวง,กรุงเทพมหานคร
118,MHMS ตาก-แม่สอด,111500,CP Freshmart,Speciality Store,ทางหลวงชนบทหมายเลข ตก.3050 ตำบลแม่สอด อำเภอแม่สอด จังหวัดตาก 63110,16.712456,98.574646,แม่สอด,แม่สอด,ตาก
119,MHMS-ลพ.จตุจักร2,111566,CP Freshmart,Speciality Store,ทางหลวงแผ่นดินหมายเลข 114 ตำบลป่าสัก อำเภอเมืองลำพูน จังหวัดลำพูน 51000,18.558215,99.038296,ป่าสัก,เมืองลำพูน,ลำพูน
120,ชนแดน-เพชรบูรณ์,111683,CP Freshmart,Speciality Store,ทางหลวงแผ่นดินหมายเลข 113 ตำบลชนแดน อำเภอชนแดน จังหวัดเพชรบูรณ์ 67150,16.187915,100.857008,ชนแดน,ชนแดน,เพชรบูรณ์
121,CPFM หนองแค-เศรษฐสัมพันธ์,110954,CP Freshmart,Speciality Store,ถนนเศรษฐสัมพันธ์ ตำบลหนองแค อำเภอหนองแค จังหวัดสระบุรี 18140,14.33961,100.86688,หนองแค,หนองแค,สระบุรี
122,CPFM ชม.-สุเทพ,111201,CP Freshmart,Speciality Store,ถนนสุเทพ ตำบลสุเทพ อำเภอเมืองเชียงใหม่ จังหวัดเชียงใหม่ 50200,18.789668,98.965309,สุเทพ,เมืองเชียงใหม่,เชียงใหม่
123,CPFM น้ำพอง-อุปราช 2,110534,CP Freshmart,Speciality Store,ถนนยศธสาร ตำบลน้ำพอง อำเภอน้ำพอง จังหวัดขอนแก่น 40140,16.717931,102.803215,น้ำพอง,น้ำพอง,ขอนแก่น
124,CPFM เมืองสุราษฎร์ธานี-กาญจนวิถี,110241,CP Freshmart,Speciality Store,ทางหลวงแผ่นดินหมายเลข 401 (ถนนกาญจนาวิถี) ตำบลบางกุ้ง อำเภอเมืองสุราษฎร์ธานี จังหวัดสุราษฎร์ธานี 84000,9.15301070171,99.338493382,บางกุ้ง,เมืองสุราษฎร์ธานี,สุราษฎร์ธานี
125,ตาคลี3-นครสวรรค์,111616,CP Freshmart,Speciality Store,-,15.261969,100.349319,ตาคลี,ตาคลี,นครสวรรค์
126,CP Fresh Mart - เอกมัย 30,111366,CP Freshmart,Speciality Store,เอกมัย 22 (ซอยนวลน้อย) แขวงคลองตันเหนือ เขตวัฒนา กรุงเทพมหานคร 10110,13.739435,100.592842,คลองตันเหนือ,วัฒนา,กรุงเทพมหานคร
127,CP Fresh Mart-สนง เขตสะพานสูง จุด2,111570,CP Freshmart,Speciality Store,รามคำแหง 118 แขวงสะพานสูง เขตสะพานสูง กรุงเทพมหานคร 10240,13.76647,100.686012,สะพานสูง,สะพานสูง,กรุงเทพมหานคร
128,บ้านโป่ง 2-ราชบุรี,111593,CP Freshmart,Speciality Store,-,13.819008,99.870032,บ้านโป่ง,บ้านโป่ง,ราชบุรี
129,CPFM ถลาง-เชิงทะเล,110262,CP Freshmart,Speciality Store,ทางหลวงแผ่นดินหมายเลข 4025 ตำบลเชิงทะเล อำเภอถลาง จังหวัดภูเก็ต 83110,7.989555,98.30327,เชิงทะเล,ถลาง,ภูเก็ต
130,CPFM เมืองชัยนาท-คงธรรม,110296,CP Freshmart,Speciality Store,ถนนคงธรรม ตำบลในเมือง อำเภอเมืองชัยนาท จังหวัดชัยนาท 17000,15.18664,100.12555,ในเมือง,เมืองชัยนาท,ชัยนาท
131,CPFM เมืองอยุธยา-เดชาวุธ,110299,CP Freshmart,Speciality Store,ซอยป่าโทน 7 ตำบลประตูชัย อำเภอพระนครศรีอยุธยา จังหวัดพระนครศรีอยุธยา 13000,14.3535623413,100.5741011,ประตูชัย,พระนครศรีอยุธยา,พระนครศรีอยุธยา
132,CPFM สว่างแดนดิน-เจริญพาณิชย์,110624,CP Freshmart,Speciality Store,ถนนเจริญพานิช ตำบลสว่างแดนดิน อำเภอสว่างแดนดิน จังหวัดสกลนคร 47110,17.473384,103.45474,สว่างแดนดิน,สว่างแดนดิน,สกลนคร
133,CPFM อยุธยา-จักพรรดิ์,110943,CP Freshmart,Speciality Store,-,14.3610922364,100.5712763,ประตูชัย,พระนครศรีอยุธยา,พระนครศรีอยุธยา
134,MHMS สันทรายน้อย - เชียงใหม่,111032,CP Freshmart,Speciality Store,-,18.816013,99.0269093,สันทรายน้อย,สันทราย,เชียงใหม่
135,MHMS สันทรายน้อย - เชียงใหม่,111032,CP Freshmart,Speciality Store,101 ม.6 ต.ไชยสถาน อำเภอ สารภี เชียงใหม่ 50140,18.816013,99.0269093,ไชยสถาน,สารภี,เชียงใหม่
136,CPFM สระบุรี-พระพุทธบาท,111347,CP Freshmart,Speciality Store,ถนนสุวรรณปราสาท ตำบลพระพุทธบาท อำเภอพระพุทธบาท จังหวัดสระบุรี 18120,14.722934,100.787907,พระพุทธบาท,พระพุทธบาท,สระบุรี
137,CPFM เมืองนครปฐม-พิพิธประสาท,110306,CP Freshmart,Speciality Store,ถนนพิพิธประสาท ตำบลพระปฐมเจดีย์ อำเภอเมืองนครปฐม จังหวัดนครปฐม 73000,13.821322,100.06439,พระปฐมเจดีย์,เมืองนครปฐม,นครปฐม
138,CPFM เมืองเชียงใหม่-ราชวิถี,110338,CP Freshmart,Speciality Store,ถนนราชวิถี ตำบลศรีภูมิ อำเภอเมืองเชียงใหม่ จังหวัดเชียงใหม่ 50200,18.790776,98.989279,ศรีภูมิ,เมืองเชียงใหม่,เชียงใหม่
139,CPFM เกษตรวิสัย-ปัทมานนท์,110585,CP Freshmart,Speciality Store,-,15.656156,103.579936,เกษตรวิสัย,เกษตรวิสัย,ร้อยเอ็ด
140,CP Fresh Mart - ม.เลิศอุบล  วัชรพล,110609,CP Freshmart,Speciality Store,-,13.8675397372,100.649931211,ท่าแร้ง,บางเขน,กรุงเทพมหานคร
141,CPFM บ้านโฮ่ง2 - ลำพูน,110972,CP Freshmart,Speciality Store,ทางหลวงแผ่นดินหมายเลข 106 ตำบลบ้านโฮ่ง อำเภอบ้านโฮ่ง จังหวัดลำพูน 51130,18.2975160692,98.8159176394,บ้านโฮ่ง,บ้านโฮ่ง,ลำพูน
142,FMC-ชลบุรี-เสม็ด,111210,CP Freshmart,Speciality Store,ถนนอบต.เสม็ด ตำบลเสม็ด อำเภอเมืองชลบุรี จังหวัดชลบุรี 20000,13.331525,100.9516917,เสม็ด,เมืองชลบุรี,ชลบุรี
143,MHMS สันกำแพง-สันกลาง,111297,CP Freshmart,Speciality Store,ทางหลวงชนบทหมายเลข ชม.3013 ตำบลสันกลาง อำเภอสันกำแพง จังหวัดเชียงใหม่ 50130,18.775209,99.060867,สันกลาง,สันกำแพง,เชียงใหม่
144,CPFM ลพบุรี-สิรัญญา,111339,CP Freshmart,Speciality Store,ถนนศรีอินทราทิตย์ ตำบลถนนใหญ่ อำเภอเมืองลพบุรี จังหวัดลพบุรี 15000,14.824786,100.629902,ถนนใหญ่,เมืองลพบุรี,ลพบุรี
145,FMEL-นางรอง-บร,111573,CP Freshmart,Speciality Store,-,14.633,102.7914,นางรอง,นางรอง,บุรีรัมย์
146,CPFM เมืองกาฬสินธุ์-ชัยสุนทร,111583,CP Freshmart,Speciality Store,-,16.435396,103.50817,กาฬสินธุ์,เมืองกาฬสินธุ์,กาฬสินธุ์
147,ห้าแยกฉลอง-ภูเก็ต,111695,CP Freshmart,Speciality Store,-,7.823281,98.341999,ฉลอง,เมืองภูเก็ต,ภูเก็ต
148,CPFM วาปีปทุม-สุขาภิบาล,110625,CP Freshmart,Speciality Store,-,15.8431889443,103.379020247,หนองแสง,วาปีปทุม,มหาสารคาม
149,CPFM เมืองสกลนคร-สุขเกษม 2,110875,CP Freshmart,Speciality Store,ถนนสุขเกษม ตำบลธาตุเชิงชุม อำเภอเมืองสกลนคร จังหวัดสกลนคร 47000,17.165356,104.148131,ธาตุเชิงชุม,เมืองสกลนคร,สกลนคร
150,CP Fresh Mart - พรพิมาน,111107,CP Freshmart,Speciality Store,ซอยหมู่บ้านทรัพย์เทพา-พิศภิมุข ตำบลรังสิต อำเภอธัญบุรี จังหวัดปทุมธานี 12110,14.011272,100.715433,รังสิต,ธัญบุรี,ปทุมธานี
151,CPFM มวกเหล็ก-มิตรภาพ,110286,CP Freshmart,Speciality Store,ทางหลวงแผ่นดินหมายเลข 2089 ตำบลมิตรภาพ อำเภอมวกเหล็ก จังหวัดสระบุรี 18180,14.6471559,101.2019905,มิตรภาพ,มวกเหล็ก,สระบุรี
152,CPFM หนองบัวลำภู-วิจารย์รังสรรค์,110383,CP Freshmart,Speciality Store,ถนนวิจารณ์รังสรรค์ ตำบลหนองบัว อำเภอเมืองหนองบัวลำภู จังหวัดหนองบัวลำภู 39000,17.202113,102.439412,หนองบัว,เมืองหนองบัวลำภู,หนองบัวลำภู
153,CP Fresh ปากช่อง,111688,CP Freshmart,Speciality Store,-,14.700841,101.410222,ปากช่อง,ปากช่อง,นครราชสีมา
154,CPFM สวรรคโลก2,110606,CP Freshmart,Speciality Store,ทางหลวงแผ่นดินหมายเลข 101 ตำบลเมืองสวรรคโลก อำเภอสวรรคโลก จังหวัดสุโขทัย 64110,17.3183840042,99.8339072673,เมืองสวรรคโลก,สวรรคโลก,สุโขทัย
155,CPFM บางมูลนาก-ประเทืองถิ่น,110380,CP Freshmart,Speciality Store,ทางหลวงแผ่นดินหมายเลข 1118 ตำบลบางมูลนาก อำเภอบางมูลนาก จังหวัดพิจิตร 66120,16.029471,100.378609,บางมูลนาก,บางมูลนาก,พิจิตร
156,CPFT-FM-มุขมนตรี,110388,CP Freshmart,Speciality Store,ถนนมุขมนตรี ตำบลหมากแข้ง อำเภอเมืองอุดรธานี จังหวัดอุดรธานี 41000,17.408287,102.78382,หมากแข้ง,เมืองอุดรธานี,อุดรธานี
157,CPFM เมืองนครราชสีมา-ประโดก-โคกไผ่,110420,CP Freshmart,Speciality Store,ถนนศิริราชธานี ตำบลหมื่นไวย อำเภอเมืองนครราชสีมา จังหวัดนครราชสีมา 30000,14.999479,102.103306,หมื่นไวย,เมืองนครราชสีมา,นครราชสีมา
