,name,store_id,name_store,store_type,address,lat,lng,subdistrict,district,province
0,Susco เสนานิคม,IC139557,Lawson 108,Convenience Stores,27/1 ซอยพหลโยธิน32 แขวงเสนานิคม เขตจตุจักร จังหวัดกรุงเทพมหานคร 1900 ,13.834086,100.576366,เสนานิคม,จตุจักร,กรุงเทพมหานคร
1,Caltex ประชานุกูล,IC126243,Lawson 108,Convenience Stores,54/32 ถนนรัชดาภิเษก แขวงลาดยาว เขตจตุจักร จังหวัดกรุงเทพมหานคร 10900 ,13.8303,100.54352,ลาดยาว,จตุจักร,กรุงเทพมหานคร
2,รามอินทรา 21,IC126222,Lawson 108,Convenience Stores,231 ซอยรามอินทรา 21 แขวงอนุสาวรีย์ เขตบางเขน จังหวัดกรุงเทพมหานคร 10220 ,13.87027,100.62088,อนุสาวรีย์,บางเขน,กรุงเทพมหานคร
3,ปั๊มน้ำมันซัสโก้ พหลโยธิน 24,IC126236,Lawson 108,Convenience Stores,1410/1 ถนนพหลโยธิน แขวงลาดยาว เขตจตุจักร จังหวัดกรุงเทพมหานคร 10900 ,13.82342,100.56632,ลาดยาว,จตุจักร,กรุงเทพมหานคร
4,BTS อารีย์,IC139572,Lawson 108,Convenience Stores,"BTS อารีย์ N5-20,21 ถนนพหลโยธิน แขวงสามเสนใน เขตพญาไท จังหวัดกรุงเทพมหานคร 10400 ",13.82315,100.5831,สามเสนใน,พญาไท,กรุงเทพมหานคร
5,รัชดา 36 SMG เฮ้าท์ 3,IC126225,Lawson 108,Convenience Stores,300 ซอยเสือใหญ่อุทิศ แขวงจันทรเกษม เขตจตุจักร จังหวัดกรุงเทพมหานคร 10900 ,13.8215,100.58363,จันทรเกษม,จตุจักร,กรุงเทพมหานคร
6,MRT พหลโยธิน,IC139542,Lawson 108,Convenience Stores,ยูนิตที่ 21-23 สถานีรถไฟฟ้าสถานีพหลโยธิน จังหวัดกรุงเทพมหานคร 10900 ,13.81374,100.560396,จตุจักร,จตุจักร,กรุงเทพมหานคร
7,ซัสโก้ วงศ์สว่าง,IC126252,Lawson 108,Convenience Stores,492 ถนนวงศ์สว่าง แขวงบางซื่อ เขตบางซื่อ จังหวัดกรุงเทพมหานคร 10800 ,13.822798,100.522825,บางซื่อ,บางซื่อ,กรุงเทพมหานคร
8,Susco วังหิน,IC139551,Lawson 108,Convenience Stores,431 ถ.ลาดพร้าววังหิน แขวงลาดพร้าว เขตลาดพร้าว จังหวัดกรุงเทพมหานคร 10230 ,13.815011,100.591176,ลาดพร้าว,ลาดพร้าว,กรุงเทพมหานคร
9,Susco บางพูด (วัดคู),IC126310,Lawson 108,Convenience Stores,55/1 หมู่ที่ 4 ตำบลบางพูด อำเภอปากเกร็ด จังหวัดนนทบุรี 11120 ,13.935078,100.509584,บางพูด,ปากเกร็ด,นนทบุรี
10,MRT จตุจักร,IC139541,Lawson 108,Convenience Stores,(สถานีรถไฟฟ้าใต้ดิน สถานี จตุจักร ) ยูนิตที่ 2-3 ถนนพหลโยธิน แขวง จตุจักร แขวงจตุจักร เขตจตุจักร จังหวัดกรุงเทพมหานคร 10900 ,13.803467,100.554364,จตุจักร,จตุจักร,กรุงเทพมหานคร
11,ซัสโก้ วิภาวดี1 (ซอย20),IC126247,Lawson 108,Convenience Stores,1028 ถนนวิภาวดีรังสิต แขวงลาดยาว เขตจตุจักร จังหวัดกรุงเทพมหานคร 10900 ,13.802971,100.560987,ลาดยาว,จตุจักร,กรุงเทพมหานคร
12,BTS สะพานควาย,IC139555,Lawson 108,Convenience Stores,ยูนิต N7-10 ถนนพหลโยธิน แขวงสามเสนใน เขตพญาไท จังหวัดกรุงเทพมหานคร 10400 ,13.7936386,100.5474957,สามเสนใน,พญาไท,กรุงเทพมหานคร
13,ตลาดเมืองไทยภัทร,IC126276,Lawson 108,Convenience Stores,เลขที่ 288 ถนนรัชดาภิเษก แขวงห้วยขวาง เขตห้วยขวาง จังหวัดกรุงเทพมหานคร 10310 ,13.787813,100.574292,ห้วยขวาง,ห้วยขวาง,กรุงเทพมหานคร
14,Susco บางคูวัด,IC139552,Lawson 108,Convenience Stores,-,13.963956,100.513624,บางคูวัด,เมืองปทุมธานี,ปทุมธานี
15,ซัสโก้ เอกมัย รามอินทรา 1,IC126253,Lawson 108,Convenience Stores,35/1ซอยลาดพร้าว 86 แขวงวังทองหลาง เขตวังทองหลาง จังหวัดกรุงเทพมหานคร 10310 ,13.779776,100.608085,วังทองหลาง,วังทองหลาง,กรุงเทพมหานคร
16,ซีดับเบิ้ลยู ทาวเวอร์,IC126288,Lawson 108,Convenience Stores,ยูนิต 101 เลขที่ 90 ถนนรัชดาภิเษก แขวงห้วยขวาง เขตห้วยขวาง จังหวัดกรุงเทพมหานคร 10310 ,13.76975,100.57364,ห้วยขวาง,ห้วยขวาง,กรุงเทพมหานคร
17,ปั๊มน้ำมันซัสโก้ รัชดาภิเษก,IC126235,Lawson 108,Convenience Stores,88/3 ถนนรัชดาภิเษก แขวงห้วยขวาง เขตห้วยขวาง จังหวัดกรุงเทพมหานคร 10310 ,13.76817,100.57233,ห้วยขวาง,ห้วยขวาง,กรุงเทพมหานคร
18,MRT  ศูนย์วัฒนธรรม,IC139538,Lawson 108,Convenience Stores,(สถานีรถไฟฟ้าใต้ดิน สถานี ศูนย์วัฒนธรรม ) ยูนิตที่ 6-9 ถนนรัชดาภิเษก แขวงห้วยขวาง เขตห้วยขวาง จังหวัดกรุงเทพมหานคร 10320 ,13.767246,100.571344,ห้วยขวาง,ห้วยขวาง,กรุงเทพมหานคร
19,มาเมซอง ลาดพร้าว101,IC126220,Lawson 108,Convenience Stores,15 ซอยลาดพร้าว 101 ซอย 38 (สันติสุข) ถ.ลาดพร้าว แขวงคลองจั่น เขตบางกะปิ จังหวัดกรุงเทพมหานคร 10240 ,13.78638,100.63154,คลองจั่น,บางกะปิ,กรุงเทพมหานคร
20,แฟลตดินแดง  51,IC126255,Lawson 108,Convenience Stores,2451 แฟลต 51 ถ.ประชาสงเคราะห์ แขวงดินแดง เขตดินแดง จังหวัดกรุงเทพมหานคร 10400 ,13.765328,100.556597,ดินแดง,ดินแดง,กรุงเทพมหานคร
21,BTS อนุเสาวรีย์,IC139564,Lawson 108,Convenience Stores,ถนนพญาไท แขวงพญาไท เขตราชเทวี จังหวัดกรุงเทพมหานคร 10400 ,13.7627945,100.5348922,พญาไท,ราชเทวี,กรุงเทพมหานคร
22,ม.รัตนบัณฑิต เขตบางกะปิ,IC126223,Lawson 108,Convenience Stores,368/1 ซอยลาดพร้าว 107 (ดีสมโชค) แขวงคลองจั่น เขตบางกะปิ จังหวัดกรุงเทพมหานคร 10240 ,13.78269,100.63669,คลองจั่น,บางกะปิ,กรุงเทพมหานคร
23,MRT พระราม 9,IC139534,Lawson 108,Convenience Stores,เลขห้อง 22-28 สถานีรถไฟฟ้าใต้ดินพระราม 9 ชั้นใต้ดิน แขวงห้วยขวาง เขตห้วยขวาง จังหวัดกรุงเทพมหานคร 10310 ,13.75766,100.56522,ห้วยขวาง,ห้วยขวาง,กรุงเทพมหานคร
24,ซัสโก้ จรัญสนิทวงศ์,IC126297,Lawson 108,Convenience Stores,283 ถนนจรัญสนิทวงศ์ แขวงบางบำหรุ เขตบางพลัด จังหวัดกรุงเทพมหานคร 10700 ,13.77839,100.485895,บางบำหรุ,บางพลัด,กรุงเทพมหานคร
25,Airport Rail Link พญาไท,IC139543,Lawson 108,Convenience Stores,เลขที่ พื้นที่PTH IR 17 สถานีรถไฟฟ้าพญาไท ถนนพญาไท แขวงพญาไท เขตราชเทวี จังหวัดกรุงเทพมหานคร 10400 ,13.756814,100.534627,พญาไท,ราชเทวี,กรุงเทพมหานคร
26,MRT เพชรบุรี,IC139544,Lawson 108,Convenience Stores,สถานีรถไฟฟ้าใต้ดินเพชรบุรี ยูนิตที่31-34 ถนนอโศก-ดินแดง แขวงบางกะปิ เขตห้วยขวาง จังหวัดกรุงเทพมหานคร 10310 ,13.748935,100.563565,บางกะปิ,ห้วยขวาง,กรุงเทพมหานคร
27,Susco บางชัน คลองสามวา,IC126315,Lawson 108,Convenience Stores,96 ถนนเลียบคลองสอง แขวงบางชัน เขตคลองสามวา จังหวัดกรุงเทพมหานคร 10510 ,13.859729,100.700312,บางชัน,คลองสามวา,กรุงเทพมหานคร
28,สหพัฒนพิบูล,IC126219,Lawson 108,Convenience Stores,2156 ถ.เพชรบุรีตัดใหม่ แขวงบางกะปิ เขตห้วยขวาง จังหวัดกรุงเทพมหานคร 10310 ,13.74582,100.5792,บางกะปิ,ห้วยขวาง,กรุงเทพมหานคร
29,MERCURY,IC126227,Lawson 108,Convenience Stores,540 ชั้น 1 อาคารเมอร์คิวรี่ทาวเวอร์ แขวงลุมพินี เขตปทุมวัน จังหวัดกรุงเทพมหานคร 10330 ,13.74351,100.54414,ลุมพินี,ปทุมวัน,กรุงเทพมหานคร
30,กรุงศรี เพลินจิต,IC126279,Lawson 108,Convenience Stores,550 ถนนเพลินจิต แขวงลุมพินี เขตปทุมวัน จังหวัดกรุงเทพมหานคร 10330 ,13.74304,100.547131,ลุมพินี,ปทุมวัน,กรุงเทพมหานคร
31,BTS เพลินจิต,IC139562,Lawson 108,Convenience Stores,ยูนิต E12-17 ถนนเพลินจิต แขวงลุมพินี เขตปทุมวัน จังหวัดกรุงเทพมหานคร 10330 ,13.7430491,100.5467177,ลุมพินี,ปทุมวัน,กรุงเทพมหานคร
32,BTS สนามกีฬา,IC139565,Lawson 108,Convenience Stores,"ยูนิต W1-14/1,14/2 ถนนพระรามที่ 1 แขวงปทุมวัน เขตปทุมวัน จังหวัดกรุงเทพมหานคร 10330 ",13.746446,100.527172,ปทุมวัน,ปทุมวัน,กรุงเทพมหานคร
33,เสริมมิตร ทาวเวอร์,IC126233,Lawson 108,Convenience Stores,159/3 ถนนสุขุมวิท 21 (อโศก) แขวงคลองเตยเหนือ เขตวัฒนา จังหวัดกรุงเทพมหานคร 10110 ,13.74122,100.56167,คลองเตยเหนือ,วัฒนา,กรุงเทพมหานคร
34,เพลินจิต เซ็นเตอร์,IC126278,Lawson 108,Convenience Stores,2 ถนนสุขุมวิท แขวงคลองเตย เขตคลองเตย จังหวัดกรุงเทพมหานคร 10110 ,13.741626,100.551356,คลองเตย,คลองเตย,กรุงเทพมหานคร
35,สุขุมวิท 23,IC126239,Lawson 108,Convenience Stores,39/1 ซอยสุขุมวิท 23 (ประสานมิตร) แขวงคลองเตยเหนือ เขตวัฒนา จังหวัดกรุงเทพมหานคร 10110 ,13.7402,100.56313,คลองเตยเหนือ,วัฒนา,กรุงเทพมหานคร
36,BTS นานา,IC139567,Lawson 108,Convenience Stores,BTSสถานีนานา (E3-8) ถนนสุขุมวิท แขวงคลองตัน เขตคลองเตย จังหวัดกรุงเทพมหานคร 10110 ,13.740325,100.555595,คลองตัน,คลองเตย,กรุงเทพมหานคร
37,ไทม์ สแควร์,IC126277,Lawson 108,Convenience Stores,246 ถนนสุขุมวิท 12-14 แขวงคลองเตย เขตคลองเตย จังหวัดกรุงเทพมหานคร 10110 ,13.737783,100.558769,คลองเตย,คลองเตย,กรุงเทพมหานคร
38,รัชดา 36  แยก 11,IC126290,Lawson 108,Convenience Stores,"20/21, 20/22 และ 20/23 ซอยเสือใหญ่อุทิศ แขวงจันทรเกษม เขตจตุจักร จังหวัดกรุงเทพมหานคร 10110 ",13.736755,100.57615,จันทรเกษม,จตุจักร,กรุงเทพมหานคร
39,Susco หัวหมาก,IC126311,Lawson 108,Convenience Stores,21/3 ถนนหัวหมาก แขวงหัวหมาก เขตบางกะปิ จังหวัดกรุงเทพมหานคร 10240 ,13.751847,100.6374,หัวหมาก,บางกะปิ,กรุงเทพมหานคร
40,Susco บางใหญ่,IC126251,Lawson 108,Convenience Stores,24 หมู่ที่ 18 ตำบลบางแม่นาง อำเภอบางใหญ่ จังหวัดนนทบุรี 11140 ,13.857607999999999,100.411956,บางแม่นาง,บางใหญ่,นนทบุรี
41,สุขุมวิท 39,IC139545,Lawson 108,Convenience Stores,1/11 (ชั้นที่ 1 และชั้นที่ 2 (บางส่วน)) ซอยสุขุมวิท 39 (พร้อมพงษ์) แขวงคลองตันเหนือ เขตวัฒนา จังหวัดกรุงเทพมหานคร 10110 ,13.73077,100.570546,คลองตันเหนือ,วัฒนา,กรุงเทพมหานคร
42,สุขุมวิท 22,IC126289,Lawson 108,Convenience Stores,22/3 ซอยสุขุมวิท 22 แขวงคลองเตย เขตคลองเตย จังหวัดกรุงเทพมหานคร 10110 ,13.7305974,100.5651177,คลองเตย,คลองเตย,กรุงเทพมหานคร
43,ชาร์มา สุขุมวิท16,IC126232,Lawson 108,Convenience Stores,41/2 สุขุมวิท 16 ถนนสุขุมวิท 16 เขตคลองเตย จังหวัดกรุงเทพมหานคร 10110 ,13.73059,100.56118,16,คลองเตย,กรุงเทพมหานคร
44,อื้อจื่อเหลียง,IC126237,Lawson 108,Convenience Stores,968 ถนนพระรามที่ 4 แขวงสีลม เขตบางรัก จังหวัดกรุงเทพมหานคร 10500 ,13.72758,100.54034,สีลม,บางรัก,กรุงเทพมหานคร
45,Susco หทัยราษฎร์,IC126325,Lawson 108,Convenience Stores,-,13.900151,100.721791,สามวาตะวันตก,คลองสามวา,กรุงเทพมหานคร
46,BTS ศาลาแดง,IC139573,Lawson 108,Convenience Stores,BTS ศาลาแดง S2-9 ถนนสีลม แขวงสีลม เขตบางรัก จังหวัดกรุงเทพมหานคร 10500 ,13.728375,100.534115,สีลม,บางรัก,กรุงเทพมหานคร
47,เศรษฐี ทวีทรัพย์,IC126291,Lawson 108,Convenience Stores,"1250-1252 (Dawnstairs) , ซอยสุขเจริญ แขวงคลองเตย เขตคลองเตย จังหวัดกรุงเทพมหานคร 10110",13.724557,100.563366,คลองเตย,คลองเตย,กรุงเทพมหานคร
48,BTS ทองหล่อ,IC139554,Lawson 108,Convenience Stores,ยูนิต E6-12 ถนนสุขุมวิท แขวงพระโขนง เขตคลองเตย จังหวัดกรุงเทพมหานคร 10110 ,13.724173,100.576384,พระโขนง,คลองเตย,กรุงเทพมหานคร
49,Emporio Place,IC126226,Lawson 108,Convenience Stores,อาคาร เอ็มโพริโอ เพลส อาคาร เอ ชั้นที่ 1 ห้องชุดเลขที่ 93/161 ซอยสุขุมวิท 24 แขวงคลองตัน เขตคลองเตย จังหวัดกรุงเทพมหานคร 10110 ,13.72342,100.56689,คลองตัน,คลองเตย,กรุงเทพมหานคร
50,MRT คลองเตย,IC139537,Lawson 108,Convenience Stores,(สถานีรถไฟฟ้าใต้ดิน สถานี คลองเตย ) ยูนิตที่ 17-20 ถนนพระราม4 แขวงคลองเตย เขตคลองเตย จังหวัดกรุงเทพมหานคร 10110 ,13.722341,100.553844,คลองเตย,คลองเตย,กรุงเทพมหานคร
51,MRT สุขุมวิท,IC139539,Lawson 108,Convenience Stores,(สถานีรถไฟฟ้าใต้ดิน สถานี สุขุมวิท ) ยูนิตที่ 11 ถนนอโศกมนตรี แขวงคลองตันเหนือ เขตวัฒนา จังหวัดกรุงเทพมหานคร 10110 ,13.722341,100.553844,คลองตันเหนือ,วัฒนา,กรุงเทพมหานคร
52,MEA คลองเตย,IC126324,Lawson 108,Convenience Stores,1192 เลขที่ 1192 ถนนพระรามที่4 แขวงคลองเตย เขตคลองเตย จังหวัดกรุงเทพมหานคร 10110 ,13.721471,100.555274,คลองเตย,คลองเตย,กรุงเทพมหานคร
53,Susco บึงพร้อย,IC126309,Lawson 108,Convenience Stores,9 หมู่ที่ 11 ตำบลบึงคำพร้อย อำเภอลำลูกกา จังหวัดปทุมธานี 12150 ,13.933979,100.721313,บึงคำพร้อย,ลำลูกกา,ปทุมธานี
54,ม.บ้านสมเด็จ,IC126240,Lawson 108,Convenience Stores,1061 ซอยอิสรภาพ ธนบุรี จังหวัดกรุงเทพมหานคร 10600 ,13.73302,100.48908,ซอยอิสรภาพ,ธนบุรี,กรุงเทพมหานคร
55,รามคำแหง 187,IC126242,Lawson 108,Convenience Stores,8 ซอยรามคำแหง 187 แขวงมีนบุรี เขตมีนบุรี จังหวัดกรุงเทพมหานคร 10510 ,13.79817,100.71038,มีนบุรี,มีนบุรี,กรุงเทพมหานคร
56,ซัสโก้ ราชพฤกษ์,IC139540,Lawson 108,Convenience Stores,32/4-5 หมู่ที่13 แขวงบางระมาด เขตตลิ่งชัน จังหวัดกรุงเทพมหานคร 10170 ,13.762232000000001,100.445144,บางระมาด,ตลิ่งชัน,กรุงเทพมหานคร
57,BTS สุรศักดิ์,IC139569,Lawson 108,Convenience Stores,"BTS สถานีสุรศักดิ์ (S5-17,18) ถนนสาทร แขวงยานนาวา เขตสาทร จังหวัดกรุงเทพมหานคร 10120 ",13.71932,100.521392,ยานนาวา,สาทร,กรุงเทพมหานคร
58,BTS พระโขนง,IC139570,Lawson 108,Convenience Stores,"BTS สถานีพระโขนง (E8-17,18,18/1) ถนนสุขุมวิท แขวงพระโขนง เขตคลองเตย จังหวัดกรุงเทพมหานคร 10110 ",13.715223,100.59123,พระโขนง,คลองเตย,กรุงเทพมหานคร
59,Susco พหลโยธิน กม.37,IC126268,Lawson 108,Convenience Stores,8/17 ม.5 ถนนพหลโยธิน ตำบลคลองหนึ่ง อำเภอคลองหลวง จังหวัดปทุมธานี 12120 ,14.040589,100.616846,คลองหนึ่ง,คลองหลวง,ปทุมธานี
60,คิสมอลล์,IC126293,Lawson 108,Convenience Stores,A2-G01 ชั้นที่ 1 เลขที่ 3803 ถนนพระราม4 แขวงพระโขนง เขตคลองเตย จังหวัดกรุงเทพมหานคร 10110 ,13.714403,100.586787,พระโขนง,คลองเตย,กรุงเทพมหานคร
61,BTS กรุงธนบุรี,IC139571,Lawson 108,Convenience Stores,"BTS กรุงธนบุรี S7-1,2,3 ถนนกรุงธนบุรี แขวงคลองตันไทร เขตคลองสาน จังหวัดกรุงเทพมหานคร 10600 ",13.721182,100.502608,คลองตันไทร,คลองสาน,กรุงเทพมหานคร
62,Susco ศรีนครินทร์,IC126265,Lawson 108,Convenience Stores,870 ถนนศรีนครินทร์ แขวงสวนหลวง เขตสวนหลวง จังหวัดกรุงเทพมหานคร 10250 ,13.727382,100.641465,สวนหลวง,สวนหลวง,กรุงเทพมหานคร
63,รามคำแหง 174,IC126259,Lawson 108,Convenience Stores,23/33 ซอยรามคำแหง 174 แขวงมีนบุรี เขตมีนบุรี จังหวัดกรุงเทพมหานคร 10510 ,13.79002,100.717396,มีนบุรี,มีนบุรี,กรุงเทพมหานคร
64,Caltex สุวินทวงศ์,IC126262,Lawson 108,Convenience Stores,69 ถนนสุวินทวงศ์ แขวงมีนบุรี เขตมีนบุรี จังหวัดกรุงเทพมหานคร 10510 ,13.819613,100.732862,มีนบุรี,มีนบุรี,กรุงเทพมหานคร
65,BTS หมอชิต,IC139574,Lawson 108,Convenience Stores,BTS หมอชิต N8-2 ถนนพหลโยธิน แขวงลาดยาว เขตจตุจักร จังหวัดกรุงเทพมหานคร 10900 ,13.802331,100.729984,ลาดยาว,จตุจักร,กรุงเทพมหานคร
66,Susco มอเตอร์เวย์,IC126306,Lawson 108,Convenience Stores,161 ถนนมอเตอร์เวย์ แขวงทับช้าง เขตสะพานสูง จังหวัดกรุงเทพมหานคร 10240 ,13.735923,100.677231,ทับช้าง,สะพานสูง,กรุงเทพมหานคร
67,Susco เลียบคลอง ช่องนนทรี,IC139561,Lawson 108,Convenience Stores,124 ถนน นราธิวาสราชนครินทร์ แขวงช่องนนทรี เขตยานนาวา จังหวัดกรุงเทพมหานคร 10120 ,13.698325,100.543015,ช่องนนทรี,ยานนาวา,กรุงเทพมหานคร
68,มหาวิทยาลัย เกษมบัณฑิต,IC126260,Lawson 108,Convenience Stores,60 ถนนร่มเกล้า แขวงมีนบุรี เขตมีนบุรี จังหวัดกรุงเทพมหานคร 10510 ,13.80177,100.734126,มีนบุรี,มีนบุรี,กรุงเทพมหานคร
69,พัฒนาการ  69,IC126264,Lawson 108,Convenience Stores,3 ซอยพัฒนาการ 69 แขวงประเวศ เขตประเวศ จังหวัดกรุงเทพมหานคร 10250 ,13.722193,100.65998,ประเวศ,ประเวศ,กรุงเทพมหานคร
70,กรุงเทพกรีฑา,IC126263,Lawson 108,Convenience Stores,"265,267 ถนนกรุงเทพกรีฑา แขวงสะพานสูง เขตสะพานสูง จังหวัดกรุงเทพมหานคร 10240 ",13.739115,100.693506,สะพานสูง,สะพานสูง,กรุงเทพมหานคร
71,ธนูลักษณ์,IC126221,Lawson 108,Convenience Stores,72/129-130 ตรอกนอกเขต แขวงช่องนนทรี เขตยานนาวา จังหวัดกรุงเทพมหานคร 10120 ,13.68863,100.54595,ช่องนนทรี,ยานนาวา,กรุงเทพมหานคร
72,ม.ธรรมศาสตร์,IC126246,Lawson 108,Convenience Stores,99 หมู่ที่ 18 ตำบลคลองหนึ่ง อำเภอคลองหลวง จังหวัดปทุมธานี 12120 ,14.073191,100.597539,คลองหนึ่ง,คลองหลวง,ปทุมธานี
73,ICC พระราม  3,IC126273,Lawson 108,Convenience Stores,"540,542,544 ซอยสาธุประดิษฐ์ 58 แขวงบางโพงพาง เขตยานนาวา จังหวัดกรุงเทพมหานคร 10120 ",13.685693,100.525121,บางโพงพาง,ยานนาวา,กรุงเทพมหานคร
74,ศูนย์กระจายสินค้าร่มเกล้า,IC126234,Lawson 108,Convenience Stores,256/2 ถนนร่มเกล้า แขวงมีนบุรี เขตมีนบุรี จังหวัดกรุงเทพมหานคร 10510 ,13.79117,100.74588,มีนบุรี,มีนบุรี,กรุงเทพมหานคร
75,Susco บางกรวย ไทรน้อย,IC139553,Lawson 108,Convenience Stores,-,13.954072,100.367824,บางบัวทอง,บางบัวทอง,นนทบุรี
76,BTS อุดมสุข,IC139568,Lawson 108,Convenience Stores,BTSสถานีอุดมสุข (E12-2) ถนนสุขุมวิท แขวงบางนา เขตบางนา จังหวัดกรุงเทพมหานคร 10260 ,13.679959,100.609605,บางนา,บางนา,กรุงเทพมหานคร
77,วันอุดมสุข,IC126230,Lawson 108,Convenience Stores,3653/1-4 ตั้งอยู่บริเวณถนนสุขุมวิท 103 (อุดมสุขซอย 1) แขวงบางนา เขตบางนา จังหวัดกรุงเทพมหานคร 10260 ,13.67996,100.60972,บางนา,บางนา,กรุงเทพมหานคร
78,Esso ร่มเกล้า,IC139536,Lawson 108,Convenience Stores,10/1 ถนนร่มเกล้า แขวงคลองสามประเวศ เขตลาดกระบัง จังหวัดกรุงเทพมหานคร 10520 ,13.77318,100.7459,คลองสามประเวศ,ลาดกระบัง,กรุงเทพมหานคร
79,Susco กาญจนาภิเษก,IC139547,Lawson 108,Convenience Stores,556 ถนนกาญจนาภิเษก แขวงบางไผ่ เขตบางแค จังหวัดกรุงเทพมหานคร 10160 ,13.732909,100.406186,บางไผ่,บางแค,กรุงเทพมหานคร
80,ร่มเกล้า  21,IC126224,Lawson 108,Convenience Stores,138/5 หมู่ที่ 5 แขวงคลองสามประเวศ เขตลาดกระบัง จังหวัดกรุงเทพมหานคร 10520 ,13.76223,100.7465,คลองสามประเวศ,ลาดกระบัง,กรุงเทพมหานคร
81,ภิรัช ทาวเวอร์  ( ไบเทค),IC126318,Lawson 108,Convenience Stores,EH98-B1 ชั้นB1 เลขที่ 88 ถนนบางนา-ตราด แขวงบางนา เขตบางนา จังหวัดกรุงเทพมหานคร 10260 ,13.670625,100.605997,บางนา,บางนา,กรุงเทพมหานคร
82,Susco สวนหลวง ร.9,IC139556,Lawson 108,Convenience Stores,20/3 หมู่ที่10 แขวงหนองบอน เขตประเวศ จังหวัดกรุงเทพมหานคร 10250 ,13.690225,100.670101,หนองบอน,ประเวศ,กรุงเทพมหานคร
83,BTS ราชเทวี,IC139566,Lawson 108,Convenience Stores,ยูนิต N1-17 ถนนพญาไท แขวงถนนเพชรบุรี เขตราชเทวี จังหวัดกรุงเทพมหานคร 10400 ,13.661427,100.534033,ถนนเพชรบุรี,ราชเทวี,กรุงเทพมหานคร
84,BTS แบริ่ง,IC139563,Lawson 108,Convenience Stores,ยูนิต E14-1 ถนนสุขุมวิท แขวงบางนา เขตบางนา จังหวัดกรุงเทพมหานคร 10260 ,13.6612072,100.5997179,บางนา,บางนา,กรุงเทพมหานคร
85,แอร์ลิ้ง,IC126238,Lawson 108,Convenience Stores,188/1108 แขวงคลองสามประเวศ เขตลาดกระบัง จังหวัดกรุงเทพมหานคร 10520 ,13.73652,100.74626,คลองสามประเวศ,ลาดกระบัง,กรุงเทพมหานคร
86,Metro Polis,IC126319,Lawson 108,Convenience Stores,M1-6 ชั้นที่ 1 เลขที่ 954/1722 หมู่ที่ 9 ตำบลเทพารักษ์ อำเภอเมืองสมุทรปราการ จังหวัดสมุทรปราการ 10270 ,13.646161,100.595148,เทพารักษ์,เมืองสมุทรปราการ,สมุทรปราการ
87,Caltex กาญจนาภิเษก,IC126248,Lawson 108,Convenience Stores,72 ถนนกาญจนาภิเษก แขวงบางแค เขตบางแค จังหวัดกรุงเทพมหานคร 10160 ,13.695678000000001,100.407923,บางแค,บางแค,กรุงเทพมหานคร
88,Susco สุขสวัสดิ์ 70,IC139546,Lawson 108,Convenience Stores,67/7 หมู่ที่5 ตำบลบางครุ อำเภอพระประแดง จังหวัดสมุทรปราการ 10130 ,13.643009,100.525072,บางครุ,พระประแดง,สมุทรปราการ
89,Susco ธนบุรี-ปากท่อ กม.6,IC139558,Lawson 108,Convenience Stores,170 ถนนพระรามที่ 2 แขวงแสมดำ เขตบางขุนเทียน จังหวัดกรุงเทพมหานคร 10150 ,13.659465,100.433817,แสมดำ,บางขุนเทียน,กรุงเทพมหานคร
90,Susco ศรีนครินทร์ 1,IC139560,Lawson 108,Convenience Stores,403 หมู่ที่ 5 ตำบลสำโรงเหนือ อำเภอเมืองสมุทรปราการ จังหวัดสมุทรปราการ 10150 ,13.659465,100.433817,สำโรงเหนือ,เมืองสมุทรปราการ,สมุทรปราการ
91,Susco ท่าข้าม,IC126317,Lawson 108,Convenience Stores,380/53 ถนนอนามัยงามเจริญ แขวงท่าข้าม เขตบางขุนเทียน จังหวัดกรุงเทพมหานคร 10150 ,13.651374,100.448466,ท่าข้าม,บางขุนเทียน,กรุงเทพมหานคร
92,ฉลองกรุง 53,IC126257,Lawson 108,Convenience Stores,12/5 ซอยฉลองกรุง 53 แขวงลำปลาทิว เขตลาดกระบัง จังหวัดกรุงเทพมหานคร 10520 ,13.779339,100.804963,ลำปลาทิว,ลาดกระบัง,กรุงเทพมหานคร
93,ประชาอุทิศ 76,IC126256,Lawson 108,Convenience Stores,1/1 ซอยประชาอุทิศ 76 แขวงทุ่งครุ เขตทุ่งครุ จังหวัดกรุงเทพมหานคร 10140 ,13.626839,100.505555,ทุ่งครุ,ทุ่งครุ,กรุงเทพมหานคร
94,ซัสโก้ สุขสวัสดิ์ 76,IC126296,Lawson 108,Convenience Stores,15/12 หมู่ที่ 4 ถนนสุขสวัสดิ์ ตำบลบางจาก อำเภอพระประแดง จังหวัดสมุทรปราการ 10130 ,13.620534,100.540706,บางจาก,พระประแดง,สมุทรปราการ
95,Susco บางบอน,IC126307,Lawson 108,Convenience Stores,64 ถนนกาญจนาภิเษก แขวงคลองบางบอน เขตบางบอน จังหวัดกรุงเทพมหานคร 10150 ,13.651711,100.40587,คลองบางบอน,บางบอน,กรุงเทพมหานคร
96,หนามแดง เทพารักษ์,IC126245,Lawson 108,Convenience Stores,44/5 หมู่ที่ 2 ตำบลบางพลีใหญ่ อำเภอบางพลี จังหวัดสมุทรปราการ 10540 ,13.615715999999999,100.67468,บางพลีใหญ่,บางพลี,สมุทรปราการ
97,ทรัพย์พัฒนา,IC126254,Lawson 108,Convenience Stores,"115/19, 115/20, 115/21 หมู่ที่ 4 ตำบลบางเมือง อำเภอเมืองสมุทรปราการ จังหวัดสมุทรปราการ 10280 ",13.595709,100.63064,บางเมือง,เมืองสมุทรปราการ,สมุทรปราการ
98,Susco บางพลี,IC126316,Lawson 108,Convenience Stores,33/40 หมู่ที่ 7 ตำบลบางพลีใหญ่ อำเภอบางพลี จังหวัดสมุทรปราการ 10540 ,13.618298,100.703743,บางพลีใหญ่,บางพลี,สมุทรปราการ
99,ซอย บางปลา 20,IC126249,Lawson 108,Convenience Stores,164 หมู่ที่ 10 ตำบลบางปลา อำเภอบางพลี จังหวัดสมุทรปราการ 10540 ,13.597215,100.734474,บางปลา,บางพลี,สมุทรปราการ
100,เชลล์ บ้านโพธิ์,IC126258,Lawson 108,Convenience Stores,40/5 (เฉพาะชั้นล่าง) หมู่ที่ 1 ตำบลแสนภูดาษ อำเภอบ้านโพธิ์ จังหวัดฉะเชิงเทรา 24140 ,13.58051,101.0068,แสนภูดาษ,บ้านโพธิ์,ฉะเชิงเทรา
101,มหาวิทยาลัยบูรพา,IC126244,Lawson 108,Convenience Stores,169 ถนนลงหาดบางแสน ตำบลแสนสุข อำเภอเมืองชลบุรี จังหวัดชลบุรี 20130,13.286046,100.925342,แสนสุข,เมืองชลบุรี,ชลบุรี
102,พีพี เฮ้าส์,IC126241,Lawson 108,Convenience Stores,377/24-25 หมู่ที่ 2 ตำบลสุรศักดิ์ อำเภอศรีราชา จังหวัดชลบุรี 20110 ,13.16097,100.93174,สุรศักดิ์,ศรีราชา,ชลบุรี
103,ตลาดสหพัฒน์,IC126250,Lawson 108,Convenience Stores,214/31 หมู่ที่ 5 ตำบลบึง อำเภอศรีราชา จังหวัดชลบุรี 20230 ,13.09477,100.972175,บึง,ศรีราชา,ชลบุรี
104,เชลล์ คลองรั้ง,IC126269,Lawson 108,Convenience Stores,78/1 หมู่ที่ 4 ตำบลกรอกสมบูรณ์ อำเภอศรีมหาโพธิ จังหวัดปราจีนบุรี 25140 ,13.89775,101.589595,กรอกสมบูรณ์,ศรีมหาโพธิ,ปราจีนบุรี
105,Susco Pattaya Circuit,IC126308,Lawson 108,Convenience Stores,66/2 หมู่ที่ 2 ถนนหมายเลข 36 ตำบลโป่ง อำเภอบางละมุง จังหวัดชลบุรี 20150 ,12.947331,100.991029,โป่ง,บางละมุง,ชลบุรี
106,Susco อมตะซิตี้ ระยอง,IC139559,Lawson 108,Convenience Stores,7/161 หมู่ที่ 4 ตำบลมาบยางพร อำเภอปลวกแดง จังหวัดระยอง 21140 ,12.994653,101.098148,มาบยางพร,ปลวกแดง,ระยอง
107,Susco ระยอง นอกเมือง,IC139550,Lawson 108,Convenience Stores,355/2 ถ.สุขุมวิท ตำบลเนินพระ อำเภอเมืองระยอง จังหวัดระยอง 21150 ,12.682841,101.252909,เนินพระ,เมืองระยอง,ระยอง
108,Susco ระยอง ในเมือง,IC139548,Lawson 108,Convenience Stores,-,12.690843,101.273723,เชิงเนิน,เมืองระยอง,ระยอง
109,Susco ระยอง เชิงเนิน,IC139549,Lawson 108,Convenience Stores,18/15 ถ.หนองบัว ตำบลเชิงเนิน อำเภอเมืองระยอง จังหวัดระยอง 21000 ,12.684075,101.285183,เชิงเนิน,เมืองระยอง,ระยอง
