[{"store_id": "111166", "name": "CP  Fresh Mart - \u0e19\u0e48\u0e32\u0e19-\u0e21\u0e2b\u0e32\u0e22\u0e28", "latitude": "18.79023088", "longitude": "100.7786334", "img": "https://cpfmapi.addressasia.com/wp-content/plugins/cpfm-store/images/cpfm-logo-64.png", "phone": "095-3714350"}, {"store_id": "111624", "name": "\u0e40\u0e21\u0e37\u0e2d\u0e07\u0e2d\u0e38\u0e17\u0e31\u0e22", "latitude": "15.387367", "longitude": "100.022801", "img": "https://cpfmapi.addressasia.com/wp-content/plugins/cpfm-store/images/cpfm-logo-64.png", "phone": "063-8250126"}, {"store_id": "111594", "name": "\u0e2a\u0e35\u0e04\u0e34\u0e49\u0e27-\u0e40\u0e21\u0e37\u0e2d\u0e07\u0e43\u0e2b\u0e21\u0e48", "latitude": "14.88521401", "longitude": "101.7244735", "img": "https://cpfmapi.addressasia.com/wp-content/plugins/cpfm-store/images/cpfm-logo-64.png", "phone": "095-2078912"}, {"store_id": "111638", "name": "\u0e2b\u0e31\u0e19\u0e04\u0e32-\u0e0a\u0e31\u0e22\u0e19\u0e32\u0e17", "latitude": "14.98225144", "longitude": "100.011124", "img": "https://cpfmapi.addressasia.com/wp-content/plugins/cpfm-store/images/cpfm-logo-64.png", "phone": "064-1574049"}, {"store_id": "111559", "name": "CP  Fresh Mart - \u0e1e\u0e23\u0e30\u0e2d\u0e07\u0e04\u0e4c\u0e14\u0e33", "latitude": "16.820627", "longitude": "100.268415", "img": "https://cpfmapi.addressasia.com/wp-content/plugins/cpfm-store/images/cpfm-logo-64.png", "phone": "095-3714380"}, {"store_id": "111391", "name": "CP  Fresh Mart - \u0e1e\u0e30\u0e40\u0e22\u0e32-\u0e40\u0e0a\u0e35\u0e22\u0e07\u0e04\u0e33", "latitude": "19.52460961", "longitude": "100.3023911", "img": "https://cpfmapi.addressasia.com/wp-content/plugins/cpfm-store/images/cpfm-logo-64.png", "phone": "095-3714346"}, {"store_id": "111578", "name": "CP  Fresh Mart - \u0e25\u0e33\u0e1b\u0e32\u0e07-\u0e2d\u0e31\u0e28\u0e27\u0e34\u0e19", "latitude": "18.28921", "longitude": "99.48865", "img": "https://cpfmapi.addressasia.com/wp-content/plugins/cpfm-store/images/cpfm-logo-64.png", "phone": "095-3714353"}, {"store_id": "111618", "name": "CP  Fresh Mart -\u0e42\u0e04\u0e01\u0e2a\u0e33\u0e42\u0e23\u0e07 2-\u0e25\u0e1e\u0e1a\u0e38\u0e23\u0e35", "latitude": "15.06591", "longitude": "100.72141", "img": "https://cpfmapi.addressasia.com/wp-content/plugins/cpfm-store/images/cpfm-logo-64.png", "phone": "095-3680198"}, {"store_id": "111304", "name": "CP  Fresh Mart - \u0e25\u0e33\u0e1b\u0e32\u0e07-\u0e40\u0e01\u0e32\u0e30\u0e04\u0e32", "latitude": "18.192713", "longitude": "99.400756", "img": "https://cpfmapi.addressasia.com/wp-content/plugins/cpfm-store/images/cpfm-logo-64.png", "phone": "095-3714323"}, {"store_id": "110229", "name": "\u0e2b\u0e31\u0e27\u0e44\u0e17\u0e23-\u0e19\u0e04\u0e23\u0e28\u0e23\u0e35\u0e18\u0e23\u0e23\u0e21\u0e23\u0e32\u0e0a", "latitude": "8.043181", "longitude": "100.303576", "img": "https://cpfmapi.addressasia.com/wp-content/plugins/cpfm-store/images/cpfm-logo-64.png", "phone": "083-0249634"}, {"store_id": "110230", "name": "\u0e2a\u0e34\u0e0a\u0e25-\u0e19\u0e04\u0e23\u0e28\u0e23\u0e35\u0e18\u0e23\u0e23\u0e21\u0e23\u0e32\u0e0a", "latitude": "9.006797", "longitude": "99.891005", "img": "https://cpfmapi.addressasia.com/wp-content/plugins/cpfm-store/images/cpfm-logo-64.png", "phone": "083-0246037"}, {"store_id": "111645", "name": "CP  Fresh Mart - \u0e2b\u0e49\u0e27\u0e22\u0e42\u0e1b\u0e48\u0e07-\u0e23\u0e30\u0e22\u0e2d\u0e07", "latitude": "13.1668125,", "longitude": "100.9243125", "img": "https://cpfmapi.addressasia.com/wp-content/plugins/cpfm-store/images/cpfm-logo-64.png", "phone": "064-2152613"}, {"store_id": "112802", "name": "CP  Fresh Mart -PORK SHOP \u0e1b\u0e23\u0e32\u0e08\u0e35\u0e19\u0e1a\u0e38\u0e23\u0e35", "latitude": "14.0528680, ", "longitude": "101.369407", "img": "https://cpfmapi.addressasia.com/wp-content/plugins/cpfm-store/images/cpfm-logo-64.png", "phone": "090-9077584"}, {"store_id": "111671", "name": "CP  Fresh Mart - \u0e2a\u0e27\u0e23\u0e23\u0e04\u0e4c\u0e27\u0e34\u0e16\u0e352-\u0e19\u0e04\u0e23\u0e2a\u0e27\u0e23\u0e23\u0e04\u0e4c", "latitude": "15.706139", "longitude": "100.140917", "img": "https://cpfmapi.addressasia.com/wp-content/plugins/cpfm-store/images/cpfm-logo-64.png", "phone": "095-3714369"}, {"store_id": "111619", "name": "CP  Fresh Mart -\u0e2a\u0e21\u0e38\u0e17\u0e23\u0e2a\u0e32\u0e04\u0e23-\u0e2a\u0e21\u0e38\u0e17\u0e23\u0e2a\u0e32\u0e04\u0e23", "latitude": "13.5556438", "longitude": "100.2793879", "img": "https://cpfmapi.addressasia.com/wp-content/plugins/cpfm-store/images/cpfm-logo-64.png", "phone": "065-8824919"}, {"store_id": "111637", "name": "CP  Fresh Mart - \u0e40\u0e08\u0e29\u0e0e\u0e32\u0e1a\u0e14\u0e34\u0e19\u0e17\u0e23\u0e4c2-\u0e2d\u0e38\u0e15\u0e23\u0e14\u0e34\u0e15\u0e16\u0e4c", "latitude": "17.629463", "longitude": "100.088", "img": "https://cpfmapi.addressasia.com/wp-content/plugins/cpfm-store/images/cpfm-logo-64.png", "phone": "095-3714356"}, {"store_id": "111222", "name": "CP  Fresh Mart - \u0e40\u0e14\u0e34\u0e21\u0e1a\u0e32\u0e07\u0e19\u0e32\u0e07\u0e1a\u0e27\u0e0a", "latitude": "14.862062", "longitude": "100.086225", "img": "https://cpfmapi.addressasia.com/wp-content/plugins/cpfm-store/images/cpfm-logo-64.png", "phone": "095-3680226"}, {"store_id": "111632", "name": "CP  Fresh Mart - \u0e40\u0e21\u0e37\u0e2d\u0e07\u0e15\u0e32\u0e01-\u0e15\u0e32\u0e01", "latitude": "16.87336", "longitude": "99.12313", "img": "https://cpfmapi.addressasia.com/wp-content/plugins/cpfm-store/images/cpfm-logo-64.png", "phone": "082-0967038"}, {"store_id": "111567", "name": "CP  Fresh Mart - \u0e40\u0e21\u0e37\u0e2d\u0e07\u0e1b\u0e23\u0e32\u0e08\u0e35\u0e19\u0e1a\u0e38\u0e23\u0e35", "latitude": "14.0556930, ", "longitude": "101.37768", "img": "https://cpfmapi.addressasia.com/wp-content/plugins/cpfm-store/images/cpfm-logo-64.png", "phone": "095-3680190"}, {"store_id": "110644", "name": "\u0e23\u0e32\u0e0a\u0e14\u0e33\u0e40\u0e19\u0e34\u0e19-\u0e40\u0e21\u0e37\u0e2d\u0e07\u0e19\u0e04\u0e23\u0e28\u0e23\u0e35\u0e18\u0e23\u0e23\u0e21\u0e23\u0e32\u0e0a", "latitude": "8.38101", "longitude": "99.9729", "img": "https://cpfmapi.addressasia.com/wp-content/plugins/cpfm-store/images/cpfm-logo-64.png", "phone": "083-0247451"}, {"store_id": "111017", "name": "CP  Fresh Mart - \u0e40\u0e21\u0e37\u0e2d\u0e07\u0e41\u0e1e\u0e23\u0e48-\u0e22\u0e31\u0e19\u0e15\u0e23\u0e01\u0e34\u0e08\u0e42\u0e01\u0e28\u0e252", "latitude": "18.132852", "longitude": "100.145396", "img": "https://cpfmapi.addressasia.com/wp-content/plugins/cpfm-store/images/cpfm-logo-64.png", "phone": "095-3714347"}, {"store_id": "110475", "name": "CP  Fresh Mart -\u0e40\u0e21\u0e37\u0e2d\u0e07\u0e19\u0e04\u0e23\u0e19\u0e32\u0e22\u0e01-\u0e40\u0e2a\u0e19\u0e32\u0e1e\u0e34\u0e19\u0e34\u0e08", "latitude": "14.204279,", "longitude": "101.212306", "img": "https://cpfmapi.addressasia.com/wp-content/plugins/cpfm-store/images/cpfm-logo-64.png", "phone": "095-3680189"}, {"store_id": "111626", "name": "\u0e40\u0e1e\u0e0a\u0e23\u0e40\u0e01\u0e29\u0e21-\u0e2b\u0e49\u0e27\u0e22\u0e22\u0e2d\u0e14", "latitude": "7.782235", "longitude": "99.635774", "img": "https://cpfmapi.addressasia.com/wp-content/plugins/cpfm-store/images/cpfm-logo-64.png", "phone": "083-0249197"}, {"store_id": "110227", "name": "\u0e40\u0e2d\u0e01\u0e19\u0e04\u0e23-\u0e19\u0e04\u0e23\u0e28\u0e23\u0e35\u0e18\u0e23\u0e23\u0e21\u0e23\u0e32\u0e0a", "latitude": "8.442821", "longitude": "99.967338", "img": "https://cpfmapi.addressasia.com/wp-content/plugins/cpfm-store/images/cpfm-logo-64.png", "phone": "083-0245841"}, {"store_id": "111647", "name": "\u0e40\u0e21\u0e37\u0e2d\u0e07\u0e1e\u0e31\u0e17\u0e25\u0e38\u0e07-\u0e1e\u0e31\u0e17\u0e25\u0e38\u0e07", "latitude": "7.616758", "longitude": "100.077717", "img": "https://cpfmapi.addressasia.com/wp-content/plugins/cpfm-store/images/cpfm-logo-64.png", "phone": "083-0249310"}, {"store_id": "110322", "name": "CP  Fresh Mart -\u0e41\u0e01\u0e25\u0e07-\u0e2a\u0e38\u0e02\u0e38\u0e21\u0e27\u0e34\u0e17", "latitude": "12.782830,", "longitude": "101.653368", "img": "https://cpfmapi.addressasia.com/wp-content/plugins/cpfm-store/images/cpfm-logo-64.png", "phone": "095-3680162"}, {"store_id": "110195", "name": "\u0e23\u0e31\u0e01\u0e29\u0e4c\u0e08\u0e31\u0e19\u0e17\u0e23\u0e4c", "latitude": "7.573371", "longitude": "99.615022", "img": "https://cpfmapi.addressasia.com/wp-content/plugins/cpfm-store/images/cpfm-logo-64.png", "phone": "083-0249165"}, {"store_id": "111666", "name": "\u0e40\u0e02\u0e32\u0e23\u0e39\u0e1b\u0e0a\u0e49\u0e32\u0e07", "latitude": "7.172969", "longitude": "100.612919", "img": "https://cpfmapi.addressasia.com/wp-content/plugins/cpfm-store/images/cpfm-logo-64.png", "phone": "083-0253873"}, {"store_id": "111651", "name": "CP  Fresh Mart - \u0e1a\u0e49\u0e32\u0e19\u0e43\u0e2b\u0e21\u0e48-\u0e40\u0e0a\u0e35\u0e22\u0e07\u0e23\u0e32\u0e22", "latitude": "19.924018", "longitude": "99.835237", "img": "https://cpfmapi.addressasia.com/wp-content/plugins/cpfm-store/images/cpfm-logo-64.png", "phone": "095-3714336"}, {"store_id": "110637", "name": "\u0e40\u0e1e\u0e0a\u0e23\u0e1a\u0e38\u0e23\u0e35 38", "latitude": "13.74844094", "longitude": "100.5662445", "img": "https://cpfmapi.addressasia.com/wp-content/plugins/cpfm-store/images/cpfm-logo-64.png", "phone": "083-989-0143"}, {"store_id": "110319", "name": "CP  Fresh Mart - \u0e40\u0e21\u0e37\u0e2d\u0e07\u0e08\u0e31\u0e19\u0e17\u0e1a\u0e38\u0e23\u0e35-\u0e17\u0e48\u0e32\u0e41\u0e09\u0e25\u0e1a", "latitude": "12.6050625, ", "longitude": "102.1098125", "img": "https://cpfmapi.addressasia.com/wp-content/plugins/cpfm-store/images/cpfm-logo-64.png", "phone": "095-3680160"}, {"store_id": "110335", "name": "CP  Fresh Mart - \u0e2d\u0e23\u0e31\u0e0d\u0e1b\u0e23\u0e30\u0e40\u0e17\u0e28-\u0e23\u0e32\u0e29\u0e0e\u0e23\u0e4c\u0e2d\u0e38\u0e17\u0e34\u0e28", "latitude": "13.6834020, ", "longitude": "102.508247", "img": "https://cpfmapi.addressasia.com/wp-content/plugins/cpfm-store/images/cpfm-logo-64.png", "phone": "095-3680195"}, {"store_id": "110455", "name": "CP Fresh Mart- \u0e21.\u0e2b\u0e23\u0e23\u0e29\u0e32", "latitude": "13.7042995744", "longitude": "100.33514672", "img": "https://cpfmapi.addressasia.com/wp-content/plugins/cpfm-store/images/cpfm-logo-64.png", "phone": "083-9889810"}, {"store_id": "111241", "name": "CP Fresh Mart \u2013 \u0e1e\u0e38\u0e17\u0e18\u0e1a\u0e39\u0e0a\u0e32 36", "latitude": "13.650022", "longitude": "100.481251", "img": "https://cpfmapi.addressasia.com/wp-content/plugins/cpfm-store/images/cpfm-logo-64.png", "phone": "083-9889845"}, {"store_id": "110561", "name": "CP Fresh Mart \u2013 \u0e18\u0e19\u0e34\u0e19\u0e17\u0e23", "latitude": "13.94010287", "longitude": "100.612239", "img": "https://cpfmapi.addressasia.com/wp-content/plugins/cpfm-store/images/cpfm-logo-64.png", "phone": "083-9890077"}, {"store_id": "110933", "name": "CP Freshmart - \u0e2a\u0e32\u0e02\u0e32 \u0e21.\u0e40\u0e01\u0e29\u0e15\u0e23", "latitude": "13.848184980009783", "longitude": "100.56705314567436", "img": "https://cpfmapi.addressasia.com/wp-content/plugins/cpfm-store/images/cpfm-logo-64.png", "phone": "083-9890322"}, {"store_id": "112827", "name": "CP Fresh Mart - \u0e16.\u0e01\u0e25\u0e32\u0e07\u0e40\u0e21\u0e37\u0e2d\u0e07-\u0e02\u0e2d\u0e19\u0e41\u0e01\u0e48\u0e19", "latitude": "16.425929", "longitude": "102.835059", "img": "https://cpfmapi.addressasia.com/wp-content/plugins/cpfm-store/images/cpfm-logo-64.png", "phone": "095-5254143"}, {"store_id": "112897", "name": "CP Fresh Mart - \u0e27\u0e31\u0e14\u0e2a\u0e34\u0e07\u0e2b\u0e4c-\u0e0a\u0e31\u0e22\u0e19\u0e32\u0e17", "latitude": "15.261248", "longitude": "100.04235", "img": "https://cpfmapi.addressasia.com/wp-content/plugins/cpfm-store/images/cpfm-logo-64.png", "phone": "083-4460423"}, {"store_id": "112812", "name": "CP Fresh Mart PS - \u0e2d\u0e22\u0e38\u0e18\u0e22\u0e32", "latitude": "14.3493125", "longitude": "100.6056875", "img": "https://cpfmapi.addressasia.com/wp-content/plugins/cpfm-store/images/cpfm-logo-64.png", "phone": "082-0734730"}, {"store_id": "112810", "name": "CP Fresh Mart - \u0e2d\u0e48\u0e32\u0e07\u0e17\u0e2d\u0e07", "latitude": "14.5977897", "longitude": "100.4554972", "img": "https://cpfmapi.addressasia.com/wp-content/plugins/cpfm-store/images/cpfm-logo-64.png", "phone": "082-0734804"}, {"store_id": "112807", "name": "CP Fresh Mart \u0e27\u0e32\u0e23\u0e34\u0e19\u0e0a\u0e33\u0e23\u0e32\u0e1a - \u0e2d\u0e38\u0e1a\u0e25\u0e23\u0e32\u0e0a\u0e18\u0e32\u0e19\u0e35", "latitude": "15.199836", "longitude": "104.865498", "img": "https://cpfmapi.addressasia.com/wp-content/plugins/cpfm-store/images/cpfm-logo-64.png", "phone": "063-9052074"}, {"store_id": "112806", "name": "CP Fresh Mart - \u0e1a\u0e38\u0e23\u0e35\u0e23\u0e31\u0e21\u0e22\u0e4c", "latitude": "14.999121", "longitude": "103.110849", "img": "https://cpfmapi.addressasia.com/wp-content/plugins/cpfm-store/images/cpfm-logo-64.png", "phone": "091-7737943"}, {"store_id": "112803", "name": "CP Freshmart - \u0e23\u0e30\u0e22\u0e2d\u0e07", "latitude": "12.6791053", "longitude": "101.2813889", "img": "https://cpfmapi.addressasia.com/wp-content/plugins/cpfm-store/images/cpfm-logo-64.png", "phone": "090-9072618"}, {"store_id": "111314", "name": "MHMS \u0e14\u0e2d\u0e19\u0e08\u0e31\u0e48\u0e19-\u0e44\u0e0a\u0e22\u0e2a\u0e16\u0e32\u0e19", "latitude": "18.760832", "longitude": "99.042980", "img": "https://cpfmapi.addressasia.com/wp-content/plugins/cpfm-store/images/cpfm-logo-64.png", "phone": ""}, {"store_id": "110146", "name": "CP Fresh Mart- \u0e1a\u0e31\u0e27\u0e17\u0e2d\u0e07\u0e18\u0e32\u0e19\u0e35", "latitude": "13.9349716694", "longitude": "100.410448236", "img": "https://cpfmapi.addressasia.com/wp-content/plugins/cpfm-store/images/cpfm-logo-64.png", "phone": "083-9889869"}, {"store_id": "111334", "name": "CP Fresh Mart - \u0e0b.\u0e18\u0e19\u0e2a\u0e34\u0e17\u0e18\u0e34\u0e4c \u0e08\u0e38\u0e14 2", "latitude": "13.57053", "longitude": "100.72073", "img": "https://cpfmapi.addressasia.com/wp-content/plugins/cpfm-store/images/cpfm-logo-64.png", "phone": "083-9889868"}, {"store_id": "111219", "name": "CP Fresh Mart - \u0e21.\u0e20\u0e31\u0e2a\u0e2a\u0e23 345", "latitude": "13.9578888888889", "longitude": "100.498694444444", "img": "https://cpfmapi.addressasia.com/wp-content/plugins/cpfm-store/images/cpfm-logo-64.png", "phone": "083-9890088"}, {"store_id": "111378", "name": "CP Fresh Mart - \u0e2a\u0e38\u0e02\u0e38\u0e21\u0e27\u0e34\u0e17 36", "latitude": "13.719", "longitude": "100.57609", "img": "https://cpfmapi.addressasia.com/wp-content/plugins/cpfm-store/images/cpfm-logo-64.png", "phone": "091-7737931"}, {"store_id": "110750", "name": "CP Fresh Mart - \u0e2d\u0e34\u0e21\u0e40\u0e21\u0e08\u0e21\u0e2d\u0e25\u0e25\u0e4c", "latitude": "13.759717", "longitude": "100.329117", "img": "https://cpfmapi.addressasia.com/wp-content/plugins/cpfm-store/images/cpfm-logo-64.png", "phone": "083-9889754"}, {"store_id": "110132", "name": "CP Fresh Mart- \u0e1e\u0e23\u0e30\u0e1b\u0e34\u0e48\u0e19 3", "latitude": "13.858583", "longitude": "100.406944", "img": "https://cpfmapi.addressasia.com/wp-content/plugins/cpfm-store/images/cpfm-logo-64.png", "phone": "083-9889840"}, {"store_id": "111340", "name": "CP Fresh Mart - \u0e2a\u0e33\u0e40\u0e23\u0e47\u0e08\u0e1e\u0e31\u0e12\u0e19\u0e32", "latitude": "13.813208", "longitude": "100.390146", "img": "https://cpfmapi.addressasia.com/wp-content/plugins/cpfm-store/images/cpfm-logo-64.png", "phone": "083-9883726"}, {"store_id": "110570", "name": "CP Fresh Mart - \u0e1e\u0e31\u0e19\u0e17\u0e49\u0e32\u0e22\u0e19\u0e23\u0e2a\u0e34\u0e07\u0e2b\u0e4c ", "latitude": "13.5812694416", "longitude": "100.370901923", "img": "https://cpfmapi.addressasia.com/wp-content/plugins/cpfm-store/images/cpfm-logo-64.png", "phone": "083-9890087"}, {"store_id": "111373", "name": "CP Fresh Mart - \u0e15\u0e34\u0e27\u0e32\u0e19\u0e19\u0e17\u0e4c 38", "latitude": "13.872528", "longitude": "100.522222", "img": "https://cpfmapi.addressasia.com/wp-content/plugins/cpfm-store/images/cpfm-logo-64.png", "phone": "091-7737924"}, {"store_id": "110678", "name": "CP Fresh Mart - \u0e41\u0e2e\u0e1b\u0e1b\u0e35\u0e49\u0e41\u0e25\u0e19\u0e14\u0e4c", "latitude": "13.780307284", "longitude": "100.643102455", "img": "https://cpfmapi.addressasia.com/wp-content/plugins/cpfm-store/images/cpfm-logo-64.png", "phone": "083-9890158"}, {"store_id": "110923", "name": "CP Fresh Mart - \u0e1e\u0e31\u0e12\u0e19\u0e32\u0e01\u0e32\u0e23 53 \u0e08\u0e38\u0e14 2", "latitude": "13.7333153614", "longitude": "100.649192335", "img": "https://cpfmapi.addressasia.com/wp-content/plugins/cpfm-store/images/cpfm-logo-64.png", "phone": "083-9890139"}, {"store_id": "111335", "name": "CP Fresh Mart - \u0e1a\u0e32\u0e07\u0e01\u0e23\u0e30\u0e14\u0e35\u0e48", "latitude": "13.621770", "longitude": "100.401104", "img": "https://cpfmapi.addressasia.com/wp-content/plugins/cpfm-store/images/cpfm-logo-64.png", "phone": "083-9890531"}, {"store_id": "110153", "name": "CP Fresh Mart- \u0e40\u0e04\u0e2b\u0e30\u0e1a\u0e32\u0e07\u0e1a\u0e31\u0e27", "latitude": "13.85953246", "longitude": "100.5826303", "img": "https://cpfmapi.addressasia.com/wp-content/plugins/cpfm-store/images/cpfm-logo-64.png", "phone": "083-9889871"}, {"store_id": "111226", "name": "CP Fresh Mart - \u0e15\u0e25\u0e32\u0e14\u0e16\u0e19\u0e2d\u0e21\u0e21\u0e34\u0e15\u0e23", "latitude": "13.8576111111111", "longitude": "100.643241666667", "img": "https://cpfmapi.addressasia.com/wp-content/plugins/cpfm-store/images/cpfm-logo-64.png", "phone": "083-9890191"}, {"store_id": "111384", "name": "CP Fresh Mart - \u0e17\u0e48\u0e32\u0e2d\u0e34\u0e10 \u0e08\u0e38\u0e14 2", "latitude": "13.8849750", "longitude": "100.4590850", "img": "https://cpfmapi.addressasia.com/wp-content/plugins/cpfm-store/images/cpfm-logo-64.png", "phone": "083-9890349"}, {"store_id": "111354", "name": "CP Fresh Mart-\u0e09\u0e25\u0e2d\u0e07\u0e01\u0e23\u0e38\u0e07 53 ", "latitude": "13.779115", "longitude": "100.804939", "img": "https://cpfmapi.addressasia.com/wp-content/plugins/cpfm-store/images/cpfm-logo-64.png", "phone": "091-7737910"}, {"store_id": "111323", "name": "CP Fresh Mart - \u0e23\u0e48\u0e21\u0e40\u0e01\u0e25\u0e49\u0e32", "latitude": "13.7704611", "longitude": "100.7321875", "img": "https://cpfmapi.addressasia.com/wp-content/plugins/cpfm-store/images/cpfm-logo-64.png", "phone": "083-9890510"}, {"store_id": "111379", "name": "CP Fresh Mart - \u0e14\u0e48\u0e32\u0e19\u0e2a\u0e33\u0e42\u0e23\u0e07 40", "latitude": "13.637609352498906", "longitude": "100.61635462833833", "img": "https://cpfmapi.addressasia.com/wp-content/plugins/cpfm-store/images/cpfm-logo-64.png", "phone": "091-773-7932"}, {"store_id": "111377", "name": "CP Fresh Mart - \u0e15\u0e25\u0e32\u0e14\u0e1b\u0e23\u0e30\u0e15\u0e39\u0e01\u0e23\u0e38\u0e07\u0e40\u0e17\u0e1e", "latitude": "13.9308742", "longitude": "100.6369094", "img": "https://cpfmapi.addressasia.com/wp-content/plugins/cpfm-store/images/cpfm-logo-64.png", "phone": "091-773-7930"}, {"store_id": "110654", "name": "CP Fresh Mart - \u0e2a\u0e32\u0e17\u0e23 11 ", "latitude": "13.7176378836", "longitude": "100.527180305", "img": "https://cpfmapi.addressasia.com/wp-content/plugins/cpfm-store/images/cpfm-logo-64.png", "phone": "083-9890170"}, {"store_id": "110704", "name": "CP Fresh Mart - \u0e23\u0e32\u0e29\u0e0e\u0e23\u0e4c\u0e1e\u0e31\u0e12\u0e19\u0e32", "latitude": "13.7686994298", "longitude": "100.700975289", "img": "https://cpfmapi.addressasia.com/wp-content/plugins/cpfm-store/images/cpfm-logo-64.png", "phone": "083-9890190"}, {"store_id": "110641", "name": "CP Fresh Mart - \u0e01\u0e23\u0e35\u0e19\u0e27\u0e34\u0e25\u0e25\u0e4c", "latitude": "13.792058879", "longitude": "100.394845335", "img": "https://cpfmapi.addressasia.com/wp-content/plugins/cpfm-store/images/cpfm-logo-64.png", "phone": "083-9890164"}, {"store_id": "111662", "name": "\u0e1e\u0e23\u0e44\u0e1e\u0e28\u0e32\u0e25 11-\u0e19\u0e19\u0e17\u0e1a\u0e38\u0e23\u0e35", "latitude": "13.9364214", "longitude": "100.5187118", "img": "https://cpfmapi.addressasia.com/wp-content/plugins/cpfm-store/images/cpfm-logo-64.png", "phone": "083-988-9774"}, {"store_id": "111380", "name": "CP Fresh Mart - \u0e40\u0e1e\u0e0a\u0e23\u0e1a\u0e38\u0e23\u0e35 38/1", "latitude": "13.74527", "longitude": "100.57271", "img": "https://cpfmapi.addressasia.com/wp-content/plugins/cpfm-store/images/cpfm-logo-64.png", "phone": "091-7737975"}, {"store_id": "111343", "name": "CP Fresh Mart-\u0e25\u0e33\u0e25\u0e39\u0e01\u0e01\u0e32\u0e04\u0e25\u0e2d\u0e07 1", "latitude": "13.9618919", "longitude": "100.6374985", "img": "https://cpfmapi.addressasia.com/wp-content/plugins/cpfm-store/images/cpfm-logo-64.png", "phone": ""}, {"store_id": "111390", "name": "CP Fresh Mart - \u0e44\u0e17\u0e27\u0e31\u0e2a\u0e14\u0e38-\u0e0a\u0e31\u0e22\u0e1e\u0e24\u0e01\u0e29\u0e4c", "latitude": "13.9342500", "longitude": "100.4547778", "img": "https://cpfmapi.addressasia.com/wp-content/plugins/cpfm-store/images/cpfm-logo-64.png", "phone": "091-773-7974"}, {"store_id": "110159", "name": "CP Fresh Mart- \u0e21.\u0e40\u0e1f\u0e37\u0e48\u0e2d\u0e07\u0e1f\u0e49\u0e32 11", "latitude": "13.5891526082", "longitude": "100.658877834", "img": "https://cpfmapi.addressasia.com/wp-content/plugins/cpfm-store/images/cpfm-logo-64.png", "phone": "083-9889893"}, {"store_id": "111663", "name": "CP Fresh Mart - \u0e15\u0e25\u0e32\u0e14\u0e44\u0e17\u0e22\u0e2a\u0e21\u0e1a\u0e39\u0e23\u0e13\u0e4c\u0e04\u0e25\u0e2d\u0e073-\u0e1b\u0e17\u0e38\u0e21\u0e18\u0e32\u0e19\u0e35", "latitude": "14.046271", "longitude": "100.6632638", "img": "https://cpfmapi.addressasia.com/wp-content/plugins/cpfm-store/images/cpfm-logo-64.png", "phone": "083-9883751"}, {"store_id": "110776", "name": "CP Fresh Mart - \u0e23\u0e32\u0e21\u0e04\u0e33\u0e41\u0e2b\u0e07 164 ( \u0e21. \u0e40\u0e1e\u0e2d\u0e23\u0e4c\u0e40\u0e1f\u0e04  \u0e40\u0e1e\u0e25\u0e2a)", "latitude": "13.7954746783", "longitude": "100.710080672", "img": "https://cpfmapi.addressasia.com/wp-content/plugins/cpfm-store/images/cpfm-logo-64.png", "phone": "083-9883712"}, {"store_id": "110889", "name": "CP Fresh Mart -  \u0e40\u0e08\u0e23\u0e34\u0e0d\u0e01\u0e23\u0e38\u0e07 85", "latitude": "13.7067663797", "longitude": "100.507848035", "img": "https://cpfmapi.addressasia.com/wp-content/plugins/cpfm-store/images/cpfm-logo-64.png", "phone": "083-9889872"}, {"store_id": "110676", "name": "CP Fresh Mart - \u0e2d\u0e22\u0e39\u0e48\u0e40\u0e08\u0e23\u0e34\u0e0d \u0e04\u0e25\u0e2d\u0e074", "latitude": "13.9921370714", "longitude": "100.685333367", "img": "https://cpfmapi.addressasia.com/wp-content/plugins/cpfm-store/images/cpfm-logo-64.png", "phone": "083-9890144"}, {"store_id": "110843", "name": "CP Fresh Mart - \u0e23\u0e32\u0e21\u0e04\u0e33\u0e41\u0e2b\u0e07 24", "latitude": "13.75204194", "longitude": "100.634449", "img": "https://cpfmapi.addressasia.com/wp-content/plugins/cpfm-store/images/cpfm-logo-64.png", "phone": "083-989-0137"}, {"store_id": "110754", "name": "CP Fresh Mart - \u0e1b\u0e31\u0e4a\u0e21\u0e04\u0e32\u0e25\u0e40\u0e17\u0e47\u0e01\u0e0b\u0e4c \u0e19\u0e04\u0e23\u0e2d\u0e34\u0e19\u0e17\u0e23\u0e4c", "latitude": "13.8236406114", "longitude": "100.444051461", "img": "https://cpfmapi.addressasia.com/wp-content/plugins/cpfm-store/images/cpfm-logo-64.png", "phone": "083-9890134"}, {"store_id": "110143", "name": "CP Fresh Mart- \u0e2a\u0e38\u0e02\u0e38\u0e21\u0e27\u0e34\u0e17 93", "latitude": "13.6991122777", "longitude": "100.605106878", "img": "https://cpfmapi.addressasia.com/wp-content/plugins/cpfm-store/images/cpfm-logo-64.png", "phone": "083-9889765"}, {"store_id": "111363", "name": "CP Fresh Mart - \u0e23\u0e34\u0e19\u0e17\u0e23\u0e4c\u0e17\u0e2d\u0e07", "latitude": "13.951518", "longitude": "100.651668", "img": "https://cpfmapi.addressasia.com/wp-content/plugins/cpfm-store/images/cpfm-logo-64.png", "phone": "083-9890188"}, {"store_id": "111349", "name": "CP Fresh Mart \u0e42\u0e09\u0e21\u0e43\u0e2b\u0e21\u0e48 Lotus's Go Fresh \u0e2d\u0e34\u0e19\u0e17\u0e32\u0e21\u0e23\u0e30 41", "latitude": "13.789697", "longitude": "100.567366", "img": "https://cpfmapi.addressasia.com/wp-content/plugins/cpfm-store/images/cpfm-logo-64.png", "phone": "083-9889780"}, {"store_id": "110530", "name": "CP FRESH MART \u0e2a\u0e38\u0e02\u0e38\u0e21\u0e27\u0e34\u0e17 101/1", "latitude": "13.68463623", "longitude": "100.6192383", "img": "https://cpfmapi.addressasia.com/wp-content/plugins/cpfm-store/images/cpfm-logo-64.png", "phone": "083-9890033"}, {"store_id": "110154", "name": "CP Fresh Mart- \u0e44\u0e17\u0e23\u0e21\u0e49\u0e32", "latitude": "13.870490", "longitude": "100.461372", "img": "https://cpfmapi.addressasia.com/wp-content/plugins/cpfm-store/images/cpfm-logo-64.png", "phone": "083-9889870"}, {"store_id": "111381", "name": "CP Fresh Mart - \u0e42\u0e1e\u0e18\u0e34\u0e4c\u0e41\u0e01\u0e49\u0e27 3", "latitude": "13.80041", "longitude": "100.63434", "img": "https://cpfmapi.addressasia.com/wp-content/plugins/cpfm-store/images/cpfm-logo-64.png", "phone": "091-7737933"}, {"store_id": "110945", "name": "CP FreshMart \u0e42\u0e09\u0e21\u0e43\u0e2b\u0e21\u0e48 Lotus\u2019s Go Fresh  \u0e27\u0e34\u0e20\u0e32\u0e27\u0e14\u0e35 64 \u0e08\u0e38\u0e14 2", "latitude": "13.8754408199", "longitude": "100.577622269", "img": "https://cpfmapi.addressasia.com/wp-content/plugins/cpfm-store/images/cpfm-logo-64.png", "phone": "083-9890359"}, {"store_id": "110706", "name": "CP Fresh Mart - \u0e0b\u0e2d\u0e22\u0e40\u0e22\u0e47\u0e19\u0e08\u0e34\u0e15", "latitude": "13.7091837319", "longitude": "100.524096151", "img": "https://cpfmapi.addressasia.com/wp-content/plugins/cpfm-store/images/cpfm-logo-64.png", "phone": "083-9890183"}, {"store_id": "110479", "name": "CP Fresh Mart- \u0e2a\u0e38\u0e02\u0e2a\u0e27\u0e31\u0e2a\u0e14\u0e34\u0e4c 26", "latitude": "13.678503", "longitude": "100.492746", "img": "https://cpfmapi.addressasia.com/wp-content/plugins/cpfm-store/images/cpfm-logo-64.png", "phone": "083-9890051"}, {"store_id": "111020", "name": "CP Fresh Mart - \u0e21.\u0e04\u0e38\u0e13\u0e32\u0e25\u0e31\u0e22 \u0e0b.\u0e40\u0e17\u0e28\u0e1a\u0e32\u0e25 11", "latitude": "13.892672", "longitude": "100.389372", "img": "https://cpfmapi.addressasia.com/wp-content/plugins/cpfm-store/images/cpfm-logo-64.png", "phone": "083-9890443"}, {"store_id": "110164", "name": "CP Fresh Mart- \u0e1e\u0e23\u0e30\u0e1b\u0e34\u0e48\u0e19 5", "latitude": "13.6432719071", "longitude": "100.390096762", "img": "https://cpfmapi.addressasia.com/wp-content/plugins/cpfm-store/images/cpfm-logo-64.png", "phone": "083-9889896"}, {"store_id": "111636", "name": "\u0e04\u0e39\u0e49\u0e1a\u0e2d\u0e19 39", "latitude": "13.85786", "longitude": "100.68535", "img": "https://cpfmapi.addressasia.com/wp-content/plugins/cpfm-store/images/cpfm-logo-64.png", "phone": ""}, {"store_id": "110035", "name": "CP Fresh Mart- \u0e17\u0e34\u0e1e\u0e27\u0e31\u0e25\u0e22\u0e4c", "latitude": "13.6369921545", "longitude": "100.608076734", "img": "https://cpfmapi.addressasia.com/wp-content/plugins/cpfm-store/images/cpfm-logo-64.png", "phone": "083-9889752"}, {"store_id": "110758", "name": "CP Fresh Mart - \u0e2a\u0e32\u0e17\u0e23\u0e04\u0e2d\u0e19\u0e42\u0e14", "latitude": "13.71923176", "longitude": "100.5488058", "img": "https://cpfmapi.addressasia.com/wp-content/plugins/cpfm-store/images/cpfm-logo-64.png", "phone": "083-9889712"}, {"store_id": "111631", "name": "FMB-\u0e0b\u0e2d\u0e22\u0e2a\u0e32\u0e21\u0e31\u0e04\u0e04\u0e35", "latitude": "13.8804800", "longitude": "100.5440800", "img": "https://cpfmapi.addressasia.com/wp-content/plugins/cpfm-store/images/cpfm-logo-64.png", "phone": "083-989-0104"}, {"store_id": "110652", "name": "CP Fresh  Mart - \u0e25\u0e32\u0e0b\u0e32\u0e25 30 ", "latitude": "13.6626845413", "longitude": "100.617046355", "img": "https://cpfmapi.addressasia.com/wp-content/plugins/cpfm-store/images/cpfm-logo-64.png", "phone": "083-9890169"}, {"store_id": "110930", "name": "CP Fresh Mart - \u0e25\u0e32\u0e14\u0e01\u0e23\u0e30\u0e1a\u0e31\u0e07 \u0e0b.7", "latitude": "13.7225124636", "longitude": "100.753154061", "img": "https://cpfmapi.addressasia.com/wp-content/plugins/cpfm-store/images/cpfm-logo-64.png", "phone": "083-9890336"}, {"store_id": "110484", "name": "CP Fresh Mart- \u0e27\u0e31\u0e14\u0e0a\u0e31\u0e22\u0e09\u0e34\u0e21\u0e1e\u0e25\u0e35", "latitude": "13.737244", "longitude": "100.432311", "img": "https://cpfmapi.addressasia.com/wp-content/plugins/cpfm-store/images/cpfm-logo-64.png", "phone": "0839889710"}, {"store_id": "111372", "name": "CP Fresh Mart - \u0e0b.\u0e20\u0e32\u0e13\u0e38\u0e23\u0e31\u0e07\u0e29\u0e35", "latitude": "13.8061004", "longitude": "100.4900987", "img": "https://cpfmapi.addressasia.com/wp-content/plugins/cpfm-store/images/cpfm-logo-64.png", "phone": "091-773-7923"}, {"store_id": "111630", "name": "\u0e01\u0e39\u0e4a\u0e14 \u0e1e\u0e32\u0e23\u0e4c\u0e04 \u0e2a\u0e23\u0e07\u0e1b\u0e23\u0e30\u0e20\u0e32", "latitude": "13.9281967", "longitude": "100.5691427", "img": "https://cpfmapi.addressasia.com/wp-content/plugins/cpfm-store/images/cpfm-logo-64.png", "phone": ""}, {"store_id": "111009", "name": "CP Fresh Mart - \u0e40\u0e08\u0e23\u0e34\u0e0d\u0e19\u0e04\u0e23 37", "latitude": "13.7121237344", "longitude": "100.501857221", "img": "https://cpfmapi.addressasia.com/wp-content/plugins/cpfm-store/images/cpfm-logo-64.png", "phone": "083-9890392"}, {"store_id": "111330", "name": "CP Fresh Mart - \u0e40\u0e2a\u0e19\u0e32\u0e19\u0e34\u0e04\u0e21", "latitude": "13.83164", "longitude": "100.60073", "img": "https://cpfmapi.addressasia.com/wp-content/plugins/cpfm-store/images/cpfm-logo-64.png", "phone": "083-9890040"}, {"store_id": "110616", "name": "CP Fresh Mart - \u0e40\u0e1e\u0e0a\u0e23\u0e1a\u0e38\u0e23\u0e35 5 ", "latitude": "13.7563153049", "longitude": "100.529052614", "img": "https://cpfmapi.addressasia.com/wp-content/plugins/cpfm-store/images/cpfm-logo-64.png", "phone": "083-9890117"}, {"store_id": "110970", "name": "CP Fresh Mart - \u0e2a\u0e35\u0e48\u0e41\u0e22\u0e01\u0e17\u0e28\u0e01\u0e31\u0e13\u0e11\u0e4c \u0e08\u0e38\u0e14 2", "latitude": "13.743389", "longitude": "100.395217", "img": "https://cpfmapi.addressasia.com/wp-content/plugins/cpfm-store/images/cpfm-logo-64.png", "phone": "083-9890393"}, {"store_id": "110586", "name": "CP  Fresh Mart -  \u0e2a\u0e27\u0e19\u0e1c\u0e31\u0e01 32", "latitude": "13.7980672196", "longitude": "100.436866716", "img": "https://cpfmapi.addressasia.com/wp-content/plugins/cpfm-store/images/cpfm-logo-64.png", "phone": "083-9890015"}, {"store_id": "111369", "name": "CP Fresh Mart - \u0e2d\u0e19\u0e32\u0e21\u0e31\u0e22\u0e07\u0e32\u0e21\u0e40\u0e08\u0e23\u0e34\u0e0d", "latitude": "13.636698", "longitude": "100.449123", "img": "https://cpfmapi.addressasia.com/wp-content/plugins/cpfm-store/images/cpfm-logo-64.png", "phone": "091-7737922"}, {"store_id": "111629", "name": "\u0e1b\u0e23\u0e30\u0e0a\u0e32\u0e2d\u0e38\u0e17\u0e34\u0e28 90", "latitude": "13.610905", "longitude": "100.509895", "img": "https://cpfmapi.addressasia.com/wp-content/plugins/cpfm-store/images/cpfm-logo-64.png", "phone": ""}, {"store_id": "111355", "name": "CP Fresh Mart-\u0e23\u0e31\u0e0a\u0e14\u0e3266", "latitude": "13.834803", "longitude": "100.532978", "img": "https://cpfmapi.addressasia.com/wp-content/plugins/cpfm-store/images/cpfm-logo-64.png", "phone": "091-773-7909"}, {"store_id": "110768", "name": "CP Fresh Mart -  \u0e01\u0e31\u0e25\u0e1b\u0e1e\u0e24\u0e01\u0e29\u0e4c ", "latitude": "13.7102904288", "longitude": "100.454969977", "img": "https://cpfmapi.addressasia.com/wp-content/plugins/cpfm-store/images/cpfm-logo-64.png", "phone": "083-9890252"}, {"store_id": "110699", "name": "CP Fresh Mart - \u0e16\u0e19\u0e19\u0e14\u0e34\u0e19\u0e2a\u0e2d ", "latitude": "13.7552144", "longitude": "100.5013852", "img": "https://cpfmapi.addressasia.com/wp-content/plugins/cpfm-store/images/cpfm-logo-64.png", "phone": "083-9889854"}, {"store_id": "111592", "name": "MHMS-\u0e1e\u0e31\u0e07\u0e07\u0e32-\u0e40\u0e1e\u0e0a\u0e23\u0e40\u0e01\u0e29\u0e212", "latitude": "8.45023", "longitude": "98.529714", "img": "https://cpfmapi.addressasia.com/wp-content/plugins/cpfm-store/images/cpfm-logo-64.png", "phone": "083-0241438"}, {"store_id": "111596", "name": "\u0e2a\u0e23\u0e30\u0e2b\u0e25\u0e27\u0e07-\u0e1e\u0e34\u0e08\u0e34\u0e15\u0e23", "latitude": "16.444969", "longitude": "100.337491", "img": "https://cpfmapi.addressasia.com/wp-content/plugins/cpfm-store/images/cpfm-logo-64.png", "phone": ""}, {"store_id": "111615", "name": "CPFT-FMEA-\u0e28\u0e23\u0e35\u0e42\u0e2a\u0e18\u0e23-\u0e09\u0e17", "latitude": "13.6909775", "longitude": "101.0639241", "img": "https://cpfmapi.addressasia.com/wp-content/plugins/cpfm-store/images/cpfm-logo-64.png", "phone": "095-3680187"}, {"store_id": "111088", "name": "CPFM \u0e1e\u0e19\u0e21\u0e2a\u0e32\u0e23\u0e04\u0e32\u0e21-\u0e1e\u0e19\u0e21\u0e1e\u0e31\u0e12\u0e19\u0e32", "latitude": "13.748147", "longitude": "101.347837", "img": "https://cpfmapi.addressasia.com/wp-content/plugins/cpfm-store/images/cpfm-logo-64.png", "phone": ""}, {"store_id": "111332", "name": "CPFM-\u0e23\u0e32\u0e0a\u0e1a\u0e38\u0e23\u0e35-\u0e28\u0e23\u0e35\u0e2a\u0e38\u0e23\u0e34\u0e22\u0e27\u0e07\u0e28\u0e4c", "latitude": "13.32167", "longitude": "99.48586", "img": "https://cpfmapi.addressasia.com/wp-content/plugins/cpfm-store/images/cpfm-logo-64.png", "phone": ""}, {"store_id": "110545", "name": "CPFM \u0e25\u0e32\u0e14\u0e22\u0e32\u0e27-\u0e2b\u0e19\u0e2d\u0e07\u0e40\u0e1a\u0e19-\u0e25\u0e32\u0e14\u0e22\u0e32\u0e27", "latitude": "15.7503824548", "longitude": "99.792333487", "img": "https://cpfmapi.addressasia.com/wp-content/plugins/cpfm-store/images/cpfm-logo-64.png", "phone": ""}, {"store_id": "116111", "name": "MHMS-\u0e17\u0e38\u0e48\u0e07\u0e2a\u0e07-\u0e19\u0e28.", "latitude": "8.16671", "longitude": "99.675909", "img": "https://cpfmapi.addressasia.com/wp-content/plugins/cpfm-store/images/cpfm-logo-64.png", "phone": ""}, {"store_id": "110591", "name": "CPFM \u0e2a\u0e31\u0e15\u0e2b\u0e35\u0e1a-\u0e15\u0e25\u0e32\u0e14\u0e2a\u0e31\u0e15\u0e2b\u0e35\u0e1a", "latitude": "12.6631905994", "longitude": "100.900018168", "img": "https://cpfmapi.addressasia.com/wp-content/plugins/cpfm-store/images/cpfm-logo-64.png", "phone": "038-739535"}, {"store_id": "111582", "name": "MHMS-\u0e25\u0e1e-\u0e23\u0e2d\u0e1a\u0e40\u0e21\u0e37\u0e2d\u0e07\u0e43\u0e192", "latitude": "18.579702", "longitude": "99.005417", "img": "https://cpfmapi.addressasia.com/wp-content/plugins/cpfm-store/images/cpfm-logo-64.png", "phone": ""}, {"store_id": "110453", "name": "MHMS \u0e40\u0e1e\u0e0a\u0e23\u0e1a\u0e39\u0e23\u0e13\u0e4c-\u0e40\u0e17\u0e28\u0e1a\u0e32\u0e25\u0e1e\u0e31\u0e12\u0e19\u0e32", "latitude": "16.4188561242", "longitude": "101.153808698", "img": "https://cpfmapi.addressasia.com/wp-content/plugins/cpfm-store/images/cpfm-logo-64.png", "phone": ""}, {"store_id": "110517", "name": "FME-\u0e40\u0e21\u0e37\u0e2d\u0e07\u0e21\u0e2b\u0e32\u0e2a\u0e32\u0e23\u0e04\u0e32\u0e21-\u0e19\u0e04\u0e23\u0e2a\u0e27\u0e23\u0e23\u0e04\u0e4c", "latitude": "16.19477", "longitude": "103.282527", "img": "https://cpfmapi.addressasia.com/wp-content/plugins/cpfm-store/images/cpfm-logo-64.png", "phone": ""}, {"store_id": "110610", "name": "CPFM \u0e40\u0e1e\u0e0a\u0e23\u0e40\u0e01\u0e29\u0e21-\u0e0a\u0e32\u0e22\u0e17\u0e30\u0e40\u0e25", "latitude": "11.210659", "longitude": "99.50813", "img": "https://cpfmapi.addressasia.com/wp-content/plugins/cpfm-store/images/cpfm-logo-64.png", "phone": "032-549586"}, {"store_id": "110698", "name": "CP Fresh Mart - \u0e1a\u0e49\u0e32\u0e19\u0e2a\u0e27\u0e19\u0e01\u0e32\u0e23\u0e4c\u0e40\u0e14\u0e49\u0e19", "latitude": "13.7771542793", "longitude": "100.648418303", "img": "https://cpfmapi.addressasia.com/wp-content/plugins/cpfm-store/images/cpfm-logo-64.png", "phone": "083-9889719"}, {"store_id": "110952", "name": "CPFM \u0e2a\u0e23\u0e30\u0e1a\u0e38\u0e23\u0e35-\u0e1b\u0e32\u0e01\u0e40\u0e1e\u0e23\u0e35\u0e22\u0e27", "latitude": "14.5412107223", "longitude": "100.90941684", "img": "https://cpfmapi.addressasia.com/wp-content/plugins/cpfm-store/images/cpfm-logo-64.png", "phone": "095-3680209"}, {"store_id": "111008", "name": "CP Fresh Mart - \u0e1b\u0e23\u0e30\u0e0a\u0e32\u0e23\u0e32\u0e29\u0e0e\u0e23\u0e4c\u0e1a\u0e33\u0e40\u0e1e\u0e47\u0e0d 24", "latitude": "13.7781535374", "longitude": "100.585847265", "img": "https://cpfmapi.addressasia.com/wp-content/plugins/cpfm-store/images/cpfm-logo-64.png", "phone": "083-9890130"}, {"store_id": "111319", "name": "CP Fresh Mart - \u0e2a\u0e31\u0e21\u0e21\u0e32\u0e01\u0e23 \u0e0b.5", "latitude": "13.774183", "longitude": "100.674961", "img": "https://cpfmapi.addressasia.com/wp-content/plugins/cpfm-store/images/cpfm-logo-64.png", "phone": "083-989-0035"}, {"store_id": "110333", "name": "CPFM-\u0e40\u0e21\u0e37\u0e2d\u0e07\u0e09\u0e30\u0e40\u0e0a\u0e34\u0e07\u0e40\u0e17\u0e23\u0e32-\u0e1e\u0e32\u0e19\u0e34\u0e0a", "latitude": "13.691368", "longitude": "101.081690", "img": "https://cpfmapi.addressasia.com/wp-content/plugins/cpfm-store/images/cpfm-logo-64.png", "phone": "038-816107"}, {"store_id": "110403", "name": "CPFM \u0e40\u0e21\u0e37\u0e2d\u0e07\u0e21\u0e38\u0e01\u0e14\u0e32\u0e2b\u0e32\u0e23-\u0e1e\u0e34\u0e17\u0e31\u0e01\u0e29\u0e4c\u0e1e\u0e19\u0e21\u0e40\u0e02\u0e15", "latitude": "16.540175", "longitude": "104.721304", "img": "https://cpfmapi.addressasia.com/wp-content/plugins/cpfm-store/images/cpfm-logo-64.png", "phone": "095-2078928"}, {"store_id": "111648", "name": "\u0e15\u0e25\u0e32\u0e14\u0e43\u0e2b\u0e0d\u0e48-\u0e20\u0e39\u0e40\u0e01\u0e47\u0e15", "latitude": "7.8830377", "longitude": "98.3980360", "img": "https://cpfmapi.addressasia.com/wp-content/plugins/cpfm-store/images/cpfm-logo-64.png", "phone": ""}, {"store_id": "111305", "name": "CPFM \u0e01\u0e33\u0e41\u0e1e\u0e07\u0e41\u0e2a\u0e19-\u0e15\u0e23\u0e35\u0e2a\u0e38\u0e02", "latitude": "14.005776", "longitude": "99.988581", "img": "https://cpfmapi.addressasia.com/wp-content/plugins/cpfm-store/images/cpfm-logo-64.png", "phone": ""}, {"store_id": "111315", "name": "FME-\u0e1a\u0e49\u0e32\u0e19\u0e44\u0e1c\u0e48-\u0e2a\u0e38\u0e02\u0e32\u0e20\u0e34\u0e1a\u0e32\u0e252", "latitude": "16.057428", "longitude": "102.72885", "img": "https://cpfmapi.addressasia.com/wp-content/plugins/cpfm-store/images/cpfm-logo-64.png", "phone": ""}, {"store_id": "110289", "name": "CPFM \u0e0a\u0e31\u0e22\u0e1a\u0e32\u0e14\u0e32\u0e25-\u0e2a\u0e38\u0e23\u0e30\u0e19\u0e32\u0e23\u0e32\u0e22\u0e13\u0e4c", "latitude": "15.210216718", "longitude": "101.13592616", "img": "https://cpfmapi.addressasia.com/wp-content/plugins/cpfm-store/images/cpfm-logo-64.png", "phone": "036-630483"}, {"store_id": "110623", "name": "CP Fresh Mart - \u0e40\u0e2d\u0e41\u0e1a\u0e04\u0e1a\u0e32\u0e07\u0e19\u0e32 ", "latitude": "13.5903726275", "longitude": "100.830664737", "img": "https://cpfmapi.addressasia.com/wp-content/plugins/cpfm-store/images/cpfm-logo-64.png", "phone": "083-9890132"}, {"store_id": "110835", "name": "CPFM \u0e1e\u0e19\u0e31\u0e2a\u0e19\u0e34\u0e04\u0e21-\u0e28\u0e23\u0e35\u0e01\u0e38\u0e0d\u0e0a\u0e23", "latitude": "13.44674", "longitude": "101.18125", "img": "https://cpfmapi.addressasia.com/wp-content/plugins/cpfm-store/images/cpfm-logo-64.png", "phone": ""}, {"store_id": "111091", "name": "CPFM \u0e2a\u0e32\u0e21\u0e0a\u0e38\u0e01-\u0e2a\u0e32\u0e21\u0e0a\u0e38\u0e01", "latitude": "14.7544173", "longitude": "100.0928123", "img": "https://cpfmapi.addressasia.com/wp-content/plugins/cpfm-store/images/cpfm-logo-64.png", "phone": ""}, {"store_id": "111152", "name": "CPFT-FME-\u0e20\u0e39\u0e40\u0e02\u0e35\u0e22\u0e27", "latitude": "16.2103862", "longitude": "102.3581749", "img": "https://cpfmapi.addressasia.com/wp-content/plugins/cpfm-store/images/cpfm-logo-64.png", "phone": ""}, {"store_id": "111580", "name": "CPFM \u0e1a\u0e49\u0e32\u0e19\u0e2b\u0e21\u0e35\u0e48-\u0e25\u0e1e\u0e1a\u0e38\u0e23\u0e35", "latitude": "15.04183", "longitude": "100.54118", "img": "https://cpfmapi.addressasia.com/wp-content/plugins/cpfm-store/images/cpfm-logo-64.png", "phone": ""}, {"store_id": "110297", "name": "CPFM \u0e40\u0e21\u0e37\u0e2d\u0e07\u0e2a\u0e34\u0e07\u0e2b\u0e4c\u0e1a\u0e38\u0e23\u0e35-\u0e02\u0e38\u0e19\u0e2a\u0e23\u0e23\u0e04\u0e4c", "latitude": "14.8949100051", "longitude": "100.399293455", "img": "https://cpfmapi.addressasia.com/wp-content/plugins/cpfm-store/images/cpfm-logo-64.png", "phone": "036-530472"}, {"store_id": "110410", "name": "CPFM \u0e40\u0e21\u0e37\u0e2d\u0e07\u0e02\u0e2d\u0e19\u0e41\u0e01\u0e48\u0e19-\u0e01\u0e2a\u0e34\u0e01\u0e23\u0e17\u0e38\u0e48\u0e07\u0e2a\u0e23\u0e49\u0e32\u0e07", "latitude": "16.451244", "longitude": "102.8423", "img": "https://cpfmapi.addressasia.com/wp-content/plugins/cpfm-store/images/cpfm-logo-64.png", "phone": ""}, {"store_id": "110492", "name": "CPFM-\u0e2b\u0e19\u0e2d\u0e07\u0e1a\u0e31\u0e27\u0e41\u0e14\u0e07-\u0e1e\u0e32\u0e13\u0e34\u0e0a\u0e22\u0e4c\u0e08\u0e33\u0e23\u0e39\u0e0d", "latitude": "16.081377", "longitude": "101.804726", "img": "https://cpfmapi.addressasia.com/wp-content/plugins/cpfm-store/images/cpfm-logo-64.png", "phone": ""}, {"store_id": "110961", "name": "CPFM \u0e40\u0e1e\u0e0a\u0e23\u0e1a\u0e38\u0e23\u0e35-\u0e23\u0e32\u0e0a\u0e14\u0e33\u0e40\u0e19\u0e34\u0e19", "latitude": "13.1001858823", "longitude": "99.9441549405", "img": "https://cpfmapi.addressasia.com/wp-content/plugins/cpfm-store/images/cpfm-logo-64.png", "phone": ""}, {"store_id": "111035", "name": "CP Fresh Mart - \u0e25\u0e32\u0e14\u0e1e\u0e23\u0e49\u0e32\u0e27 80 \u0e41\u0e22\u0e01 22", "latitude": "13.782472", "longitude": "100.599992", "img": "https://cpfmapi.addressasia.com/wp-content/plugins/cpfm-store/images/cpfm-logo-64.png", "phone": "083-9890311"}, {"store_id": "111101", "name": "CP Freshmart - \u0e25\u0e31\u0e14\u0e14\u0e32\u0e27\u0e34\u0e25\u0e25\u0e4c", "latitude": "13.921436", "longitude": "100.390992", "img": "https://cpfmapi.addressasia.com/wp-content/plugins/cpfm-store/images/cpfm-logo-64.png", "phone": ""}, {"store_id": "110565", "name": "CP Fresh Mart - \u0e0b. \u0e2a\u0e22\u0e32\u0e21\u0e18\u0e23\u0e13\u0e35 ", "latitude": "13.8632572129", "longitude": "100.666960082", "img": "https://cpfmapi.addressasia.com/wp-content/plugins/cpfm-store/images/cpfm-logo-64.png", "phone": "083-9890079"}, {"store_id": "110257", "name": "CPFM \u0e40\u0e21\u0e37\u0e2d\u0e07\u0e20\u0e39\u0e40\u0e01\u0e47\u0e15-\u0e28\u0e31\u0e01\u0e14\u0e34\u0e40\u0e14\u0e0a", "latitude": "7.86437944446", "longitude": "98.3806680099", "img": "https://cpfmapi.addressasia.com/wp-content/plugins/cpfm-store/images/cpfm-logo-64.png", "phone": "076-215505"}, {"store_id": "111634", "name": "CPFT-FMEA-\u0e40\u0e1e\u0e19\u0e35\u0e22\u0e14\u0e0a\u0e49\u0e32\u0e07-\u0e0a\u0e1a.", "latitude": "12.936415", "longitude": "100.897002", "img": "https://cpfmapi.addressasia.com/wp-content/plugins/cpfm-store/images/cpfm-logo-64.png", "phone": "095-2044214"}, {"store_id": "111641", "name": "CPFM \u0e01\u0e32\u0e2c\u0e2a\u0e34\u0e19\u0e18\u0e38\u0e4c-\u0e2a\u0e21\u0e40\u0e14\u0e47\u0e08", "latitude": "16.6962089", "longitude": "103.7460195", "img": "https://cpfmapi.addressasia.com/wp-content/plugins/cpfm-store/images/cpfm-logo-64.png", "phone": ""}, {"store_id": "111656", "name": "\u0e2d\u0e48\u0e32\u0e07\u0e17\u0e2d\u0e07-\u0e40\u0e01\u0e32\u0e30\u0e2a\u0e21\u0e38\u0e22", "latitude": "9.52440782952231", "longitude": "99.94083034741512", "img": "https://cpfmapi.addressasia.com/wp-content/plugins/cpfm-store/images/cpfm-logo-64.png", "phone": ""}, {"store_id": "111591", "name": "MHMS \u0e0a\u0e21.-\u0e2b\u0e32\u0e07\u0e14\u0e072", "latitude": "18.684819", "longitude": "98.919197", "img": "https://cpfmapi.addressasia.com/wp-content/plugins/cpfm-store/images/cpfm-logo-64.png", "phone": ""}, {"store_id": "110294", "name": "CPFM \u0e2d\u0e39\u0e48\u0e17\u0e2d\u0e07-\u0e21\u0e32\u0e25\u0e31\u0e22\u0e41\u0e21\u0e19", "latitude": "14.3777690", "longitude": "99.8943240", "img": "https://cpfmapi.addressasia.com/wp-content/plugins/cpfm-store/images/cpfm-logo-64.png", "phone": "035-404265"}, {"store_id": "110397", "name": "CPFM \u0e40\u0e21\u0e37\u0e2d\u0e07\u0e19\u0e04\u0e23\u0e1e\u0e19\u0e21-\u0e2d\u0e20\u0e34\u0e1a\u0e32\u0e25\u0e1a\u0e31\u0e0d\u0e0a\u0e32", "latitude": "17.400933", "longitude": "104.784144", "img": "https://cpfmapi.addressasia.com/wp-content/plugins/cpfm-store/images/cpfm-logo-64.png", "phone": "0952078955"}, {"store_id": "110406", "name": "CPFM \u0e1e\u0e25-\u0e1e\u0e25\u0e23\u0e31\u0e15\u0e19\u0e4c", "latitude": "15.811619", "longitude": "102.599125", "img": "https://cpfmapi.addressasia.com/wp-content/plugins/cpfm-store/images/cpfm-logo-64.png", "phone": ""}, {"store_id": "111368", "name": "CP Fresh Mart - \u0e1e\u0e31\u0e12\u0e19\u0e32\u0e01\u0e32\u0e23 20", "latitude": "13.73536", "longitude": "100.608", "img": "https://cpfmapi.addressasia.com/wp-content/plugins/cpfm-store/images/cpfm-logo-64.png", "phone": "083-9890076"}, {"store_id": "111500", "name": "MHMS \u0e15\u0e32\u0e01-\u0e41\u0e21\u0e48\u0e2a\u0e2d\u0e14", "latitude": "16.712456", "longitude": "98.574646", "img": "https://cpfmapi.addressasia.com/wp-content/plugins/cpfm-store/images/cpfm-logo-64.png", "phone": ""}, {"store_id": "111566", "name": "MHMS-\u0e25\u0e1e.\u0e08\u0e15\u0e38\u0e08\u0e31\u0e01\u0e232", "latitude": "18.558215", "longitude": "99.038296", "img": "https://cpfmapi.addressasia.com/wp-content/plugins/cpfm-store/images/cpfm-logo-64.png", "phone": ""}, {"store_id": "111683", "name": "\u0e0a\u0e19\u0e41\u0e14\u0e19-\u0e40\u0e1e\u0e0a\u0e23\u0e1a\u0e39\u0e23\u0e13\u0e4c", "latitude": "16.1879150", "longitude": "100.8570080", "img": "https://cpfmapi.addressasia.com/wp-content/plugins/cpfm-store/images/cpfm-logo-64.png", "phone": ""}, {"store_id": "110954", "name": "CPFM \u0e2b\u0e19\u0e2d\u0e07\u0e41\u0e04-\u0e40\u0e28\u0e23\u0e29\u0e10\u0e2a\u0e31\u0e21\u0e1e\u0e31\u0e19\u0e18\u0e4c", "latitude": "14.33961", "longitude": "100.86688", "img": "https://cpfmapi.addressasia.com/wp-content/plugins/cpfm-store/images/cpfm-logo-64.png", "phone": ""}, {"store_id": "111201", "name": "CPFM \u0e0a\u0e21.-\u0e2a\u0e38\u0e40\u0e17\u0e1e", "latitude": "18.789668", "longitude": "98.965309", "img": "https://cpfmapi.addressasia.com/wp-content/plugins/cpfm-store/images/cpfm-logo-64.png", "phone": ""}, {"store_id": "110534", "name": "CPFM \u0e19\u0e49\u0e33\u0e1e\u0e2d\u0e07-\u0e2d\u0e38\u0e1b\u0e23\u0e32\u0e0a 2", "latitude": "16.717931", "longitude": "102.803215", "img": "https://cpfmapi.addressasia.com/wp-content/plugins/cpfm-store/images/cpfm-logo-64.png", "phone": ""}, {"store_id": "110241", "name": "CPFM \u0e40\u0e21\u0e37\u0e2d\u0e07\u0e2a\u0e38\u0e23\u0e32\u0e29\u0e0e\u0e23\u0e4c\u0e18\u0e32\u0e19\u0e35-\u0e01\u0e32\u0e0d\u0e08\u0e19\u0e27\u0e34\u0e16\u0e35", "latitude": "9.15301070171", "longitude": "99.338493382", "img": "https://cpfmapi.addressasia.com/wp-content/plugins/cpfm-store/images/cpfm-logo-64.png", "phone": "077-213407"}, {"store_id": "111616", "name": "\u0e15\u0e32\u0e04\u0e25\u0e353-\u0e19\u0e04\u0e23\u0e2a\u0e27\u0e23\u0e23\u0e04\u0e4c", "latitude": "15.261969", "longitude": "100.349319", "img": "https://cpfmapi.addressasia.com/wp-content/plugins/cpfm-store/images/cpfm-logo-64.png", "phone": ""}, {"store_id": "111366", "name": "CP Fresh Mart - \u0e40\u0e2d\u0e01\u0e21\u0e31\u0e22 30", "latitude": "13.739435", "longitude": "100.592842", "img": "https://cpfmapi.addressasia.com/wp-content/plugins/cpfm-store/images/cpfm-logo-64.png", "phone": "091-773-7920"}, {"store_id": "111570", "name": "CP Fresh Mart-\u0e2a\u0e19\u0e07 \u0e40\u0e02\u0e15\u0e2a\u0e30\u0e1e\u0e32\u0e19\u0e2a\u0e39\u0e07 \u0e08\u0e38\u0e142", "latitude": "13.76647", "longitude": "100.686012", "img": "https://cpfmapi.addressasia.com/wp-content/plugins/cpfm-store/images/cpfm-logo-64.png", "phone": "083-9890138"}, {"store_id": "111593", "name": "\u0e1a\u0e49\u0e32\u0e19\u0e42\u0e1b\u0e48\u0e07 2-\u0e23\u0e32\u0e0a\u0e1a\u0e38\u0e23\u0e35", "latitude": "13.8190080", "longitude": "99.8700320", "img": "https://cpfmapi.addressasia.com/wp-content/plugins/cpfm-store/images/cpfm-logo-64.png", "phone": ""}, {"store_id": "110262", "name": "CPFM \u0e16\u0e25\u0e32\u0e07-\u0e40\u0e0a\u0e34\u0e07\u0e17\u0e30\u0e40\u0e25", "latitude": "7.989555", "longitude": "98.303270", "img": "https://cpfmapi.addressasia.com/wp-content/plugins/cpfm-store/images/cpfm-logo-64.png", "phone": "076-270507"}, {"store_id": "110296", "name": "CPFM \u0e40\u0e21\u0e37\u0e2d\u0e07\u0e0a\u0e31\u0e22\u0e19\u0e32\u0e17-\u0e04\u0e07\u0e18\u0e23\u0e23\u0e21", "latitude": "15.18664", "longitude": "100.12555", "img": "https://cpfmapi.addressasia.com/wp-content/plugins/cpfm-store/images/cpfm-logo-64.png", "phone": "056-420833"}, {"store_id": "110299", "name": "CPFM \u0e40\u0e21\u0e37\u0e2d\u0e07\u0e2d\u0e22\u0e38\u0e18\u0e22\u0e32-\u0e40\u0e14\u0e0a\u0e32\u0e27\u0e38\u0e18", "latitude": "14.3535623413", "longitude": "100.5741011", "img": "https://cpfmapi.addressasia.com/wp-content/plugins/cpfm-store/images/cpfm-logo-64.png", "phone": "089-1395749"}, {"store_id": "110624", "name": "CPFM \u0e2a\u0e27\u0e48\u0e32\u0e07\u0e41\u0e14\u0e19\u0e14\u0e34\u0e19-\u0e40\u0e08\u0e23\u0e34\u0e0d\u0e1e\u0e32\u0e13\u0e34\u0e0a\u0e22\u0e4c", "latitude": "17.473384", "longitude": "103.45474", "img": "https://cpfmapi.addressasia.com/wp-content/plugins/cpfm-store/images/cpfm-logo-64.png", "phone": ""}, {"store_id": "110943", "name": "CPFM \u0e2d\u0e22\u0e38\u0e18\u0e22\u0e32-\u0e08\u0e31\u0e01\u0e1e\u0e23\u0e23\u0e14\u0e34\u0e4c", "latitude": "14.3610922364", "longitude": "100.5712763", "img": "https://cpfmapi.addressasia.com/wp-content/plugins/cpfm-store/images/cpfm-logo-64.png", "phone": ""}, {"store_id": "111032", "name": "MHMS \u0e2a\u0e31\u0e19\u0e17\u0e23\u0e32\u0e22\u0e19\u0e49\u0e2d\u0e22 - \u0e40\u0e0a\u0e35\u0e22\u0e07\u0e43\u0e2b\u0e21\u0e48", "latitude": "18.816013", "longitude": "99.0269093", "img": "https://cpfmapi.addressasia.com/wp-content/plugins/cpfm-store/images/cpfm-logo-64.png", "phone": ""}, {"store_id": "111110", "name": "CPFM-\u0e17\u0e31\u0e1a\u0e2a\u0e30\u0e41\u0e01-\u0e17\u0e31\u0e1a\u0e2a\u0e30\u0e41\u0e01", "latitude": "11.500204", "longitude": "102.803215", "img": "https://cpfmapi.addressasia.com/wp-content/plugins/cpfm-store/images/cpfm-logo-64.png", "phone": ""}, {"store_id": "111347", "name": "CPFM \u0e2a\u0e23\u0e30\u0e1a\u0e38\u0e23\u0e35-\u0e1e\u0e23\u0e30\u0e1e\u0e38\u0e17\u0e18\u0e1a\u0e32\u0e17", "latitude": "14.722934", "longitude": "100.787907", "img": "https://cpfmapi.addressasia.com/wp-content/plugins/cpfm-store/images/cpfm-logo-64.png", "phone": ""}, {"store_id": "110306", "name": "CPFM \u0e40\u0e21\u0e37\u0e2d\u0e07\u0e19\u0e04\u0e23\u0e1b\u0e10\u0e21-\u0e1e\u0e34\u0e1e\u0e34\u0e18\u0e1b\u0e23\u0e30\u0e2a\u0e32\u0e17", "latitude": "13.821322", "longitude": "100.06439", "img": "https://cpfmapi.addressasia.com/wp-content/plugins/cpfm-store/images/cpfm-logo-64.png", "phone": "034-213379"}, {"store_id": "110338", "name": "CPFM \u0e40\u0e21\u0e37\u0e2d\u0e07\u0e40\u0e0a\u0e35\u0e22\u0e07\u0e43\u0e2b\u0e21\u0e48-\u0e23\u0e32\u0e0a\u0e27\u0e34\u0e16\u0e35", "latitude": "18.790776", "longitude": "98.989279", "img": "https://cpfmapi.addressasia.com/wp-content/plugins/cpfm-store/images/cpfm-logo-64.png", "phone": ""}, {"store_id": "110518", "name": "CPFM-\u0e42\u0e1e\u0e19\u0e17\u0e2d\u0e07-\u0e19\u0e34\u0e04\u0e21\u0e14\u0e33\u0e23\u0e34\u0e2b\u0e4c", "latitude": "16.299636", "longitude": "103.978172", "img": "https://cpfmapi.addressasia.com/wp-content/plugins/cpfm-store/images/cpfm-logo-64.png", "phone": ""}, {"store_id": "110585", "name": "CPFM \u0e40\u0e01\u0e29\u0e15\u0e23\u0e27\u0e34\u0e2a\u0e31\u0e22-\u0e1b\u0e31\u0e17\u0e21\u0e32\u0e19\u0e19\u0e17\u0e4c", "latitude": "15.656156", "longitude": "103.579936", "img": "https://cpfmapi.addressasia.com/wp-content/plugins/cpfm-store/images/cpfm-logo-64.png", "phone": ""}, {"store_id": "110609", "name": "CP Fresh Mart - \u0e21.\u0e40\u0e25\u0e34\u0e28\u0e2d\u0e38\u0e1a\u0e25  \u0e27\u0e31\u0e0a\u0e23\u0e1e\u0e25", "latitude": "13.8675397372", "longitude": "100.649931211", "img": "https://cpfmapi.addressasia.com/wp-content/plugins/cpfm-store/images/cpfm-logo-64.png", "phone": "083-9890116"}, {"store_id": "110972", "name": "CPFM \u0e1a\u0e49\u0e32\u0e19\u0e42\u0e2e\u0e48\u0e072 - \u0e25\u0e33\u0e1e\u0e39\u0e19", "latitude": "18.2975160692", "longitude": "98.8159176394", "img": "https://cpfmapi.addressasia.com/wp-content/plugins/cpfm-store/images/cpfm-logo-64.png", "phone": ""}, {"store_id": "111210", "name": "FMC-\u0e0a\u0e25\u0e1a\u0e38\u0e23\u0e35-\u0e40\u0e2a\u0e21\u0e47\u0e14", "latitude": "13.3315250", "longitude": "100.9516917", "img": "https://cpfmapi.addressasia.com/wp-content/plugins/cpfm-store/images/cpfm-logo-64.png", "phone": ""}, {"store_id": "111297", "name": "MHMS \u0e2a\u0e31\u0e19\u0e01\u0e33\u0e41\u0e1e\u0e07-\u0e2a\u0e31\u0e19\u0e01\u0e25\u0e32\u0e07", "latitude": "18.775209", "longitude": "99.060867", "img": "https://cpfmapi.addressasia.com/wp-content/plugins/cpfm-store/images/cpfm-logo-64.png", "phone": ""}, {"store_id": "111339", "name": "CPFM \u0e25\u0e1e\u0e1a\u0e38\u0e23\u0e35-\u0e2a\u0e34\u0e23\u0e31\u0e0d\u0e0d\u0e32", "latitude": "14.824786", "longitude": "100.629902", "img": "https://cpfmapi.addressasia.com/wp-content/plugins/cpfm-store/images/cpfm-logo-64.png", "phone": ""}, {"store_id": "111573", "name": "FMEL-\u0e19\u0e32\u0e07\u0e23\u0e2d\u0e07-\u0e1a\u0e23", "latitude": "14.6330", "longitude": "102.7914", "img": "https://cpfmapi.addressasia.com/wp-content/plugins/cpfm-store/images/cpfm-logo-64.png", "phone": "044-923333"}, {"store_id": "111583", "name": "CPFM \u0e40\u0e21\u0e37\u0e2d\u0e07\u0e01\u0e32\u0e2c\u0e2a\u0e34\u0e19\u0e18\u0e38\u0e4c-\u0e0a\u0e31\u0e22\u0e2a\u0e38\u0e19\u0e17\u0e23", "latitude": "16.435396", "longitude": "103.50817", "img": "https://cpfmapi.addressasia.com/wp-content/plugins/cpfm-store/images/cpfm-logo-64.png", "phone": ""}, {"store_id": "111695", "name": "\u0e2b\u0e49\u0e32\u0e41\u0e22\u0e01\u0e09\u0e25\u0e2d\u0e07-\u0e20\u0e39\u0e40\u0e01\u0e47\u0e15", "latitude": "7.823281", "longitude": "98.341999", "img": "https://cpfmapi.addressasia.com/wp-content/plugins/cpfm-store/images/cpfm-logo-64.png", "phone": ""}, {"store_id": "110625", "name": "CPFM \u0e27\u0e32\u0e1b\u0e35\u0e1b\u0e17\u0e38\u0e21-\u0e2a\u0e38\u0e02\u0e32\u0e20\u0e34\u0e1a\u0e32\u0e25", "latitude": "15.8431889443", "longitude": "103.379020247", "img": "https://cpfmapi.addressasia.com/wp-content/plugins/cpfm-store/images/cpfm-logo-64.png", "phone": ""}, {"store_id": "110875", "name": "CPFM \u0e40\u0e21\u0e37\u0e2d\u0e07\u0e2a\u0e01\u0e25\u0e19\u0e04\u0e23-\u0e2a\u0e38\u0e02\u0e40\u0e01\u0e29\u0e21 2", "latitude": "17.165356", "longitude": "104.148131", "img": "https://cpfmapi.addressasia.com/wp-content/plugins/cpfm-store/images/cpfm-logo-64.png", "phone": ""}, {"store_id": "111107", "name": "CP Fresh Mart - \u0e1e\u0e23\u0e1e\u0e34\u0e21\u0e32\u0e19", "latitude": "14.011272", "longitude": "100.715433", "img": "https://cpfmapi.addressasia.com/wp-content/plugins/cpfm-store/images/cpfm-logo-64.png", "phone": "083-9890162"}, {"store_id": "110286", "name": "CPFM \u0e21\u0e27\u0e01\u0e40\u0e2b\u0e25\u0e47\u0e01-\u0e21\u0e34\u0e15\u0e23\u0e20\u0e32\u0e1e", "latitude": "14.6471559", "longitude": "101.2019905", "img": "https://cpfmapi.addressasia.com/wp-content/plugins/cpfm-store/images/cpfm-logo-64.png", "phone": "036-327370"}, {"store_id": "110383", "name": "CPFM \u0e2b\u0e19\u0e2d\u0e07\u0e1a\u0e31\u0e27\u0e25\u0e33\u0e20\u0e39-\u0e27\u0e34\u0e08\u0e32\u0e23\u0e22\u0e4c\u0e23\u0e31\u0e07\u0e2a\u0e23\u0e23\u0e04\u0e4c", "latitude": "17.202113", "longitude": "102.439412", "img": "https://cpfmapi.addressasia.com/wp-content/plugins/cpfm-store/images/cpfm-logo-64.png", "phone": "095-2078984"}, {"store_id": "111688", "name": "CP Fresh \u0e1b\u0e32\u0e01\u0e0a\u0e48\u0e2d\u0e07", "latitude": "14.700841", "longitude": "101.410222", "img": "https://cpfmapi.addressasia.com/wp-content/plugins/cpfm-store/images/cpfm-logo-64.png", "phone": "0639863370"}, {"store_id": "110606", "name": "CPFM \u0e2a\u0e27\u0e23\u0e23\u0e04\u0e42\u0e25\u0e012", "latitude": "17.3183840042", "longitude": "99.8339072673", "img": "https://cpfmapi.addressasia.com/wp-content/plugins/cpfm-store/images/cpfm-logo-64.png", "phone": ""}, {"store_id": "110380", "name": "CPFM \u0e1a\u0e32\u0e07\u0e21\u0e39\u0e25\u0e19\u0e32\u0e01-\u0e1b\u0e23\u0e30\u0e40\u0e17\u0e37\u0e2d\u0e07\u0e16\u0e34\u0e48\u0e19", "latitude": "16.029471", "longitude": "100.378609", "img": "https://cpfmapi.addressasia.com/wp-content/plugins/cpfm-store/images/cpfm-logo-64.png", "phone": ""}, {"store_id": "110388", "name": "CPFT-FM-\u0e21\u0e38\u0e02\u0e21\u0e19\u0e15\u0e23\u0e35", "latitude": "17.408287", "longitude": "102.783820", "img": "https://cpfmapi.addressasia.com/wp-content/plugins/cpfm-store/images/cpfm-logo-64.png", "phone": "095-2078981"}, {"store_id": "110420", "name": "CPFM \u0e40\u0e21\u0e37\u0e2d\u0e07\u0e19\u0e04\u0e23\u0e23\u0e32\u0e0a\u0e2a\u0e35\u0e21\u0e32-\u0e1b\u0e23\u0e30\u0e42\u0e14\u0e01-\u0e42\u0e04\u0e01\u0e44\u0e1c\u0e48", "latitude": "14.999479", "longitude": "102.103306", "img": "https://cpfmapi.addressasia.com/wp-content/plugins/cpfm-store/images/cpfm-logo-64.png", "phone": "095-2078911"}]