[{"label": " Tops Food Hall Marche Thonglor \u0e17\u0e47\u0e2d\u0e1b\u0e2a\u0e4c \u0e1f\u0e39\u0e49\u0e14 \u0e2e\u0e2d\u0e25\u0e25\u0e4c \u0e21\u0e32\u0e23\u0e4c\u0e40\u0e0a\u0e48 \u0e17\u0e2d\u0e07\u0e2b\u0e25\u0e48\u0e2d", "value": {"id": 904, "internal_type": "02", "internal_store_no": "226", "internal_abbv": "FR", "store_format": "Tops Food Hall", "store_name": "\u0e17\u0e47\u0e2d\u0e1b\u0e2a\u0e4c \u0e1f\u0e39\u0e49\u0e14 \u0e2e\u0e2d\u0e25\u0e25\u0e4c \u0e21\u0e32\u0e23\u0e4c\u0e40\u0e0a\u0e48 \u0e17\u0e2d\u0e07\u0e2b\u0e25\u0e48\u0e2d", "store_name_th": " Tops Food Hall Marche Thonglor", "latitude": "13.7282859", "longitude": "100.581041", "phone": "", "fax": "", "location_en": null, "location": "150  \u0e0b\u0e2d\u0e22\u0e2a\u0e38\u0e02\u0e38\u0e21\u0e27\u0e34\u0e17 55 (\u0e17\u0e2d\u0e07\u0e2b\u0e25\u0e48\u0e2d)  \u0e41\u0e02\u0e27\u0e07\u0e04\u0e25\u0e2d\u0e07\u0e15\u0e31\u0e19\u0e40\u0e2b\u0e19\u0e37\u0e2d  \u0e40\u0e02\u0e15\u0e27\u0e31\u0e12\u0e19\u0e32  \u0e01\u0e23\u0e38\u0e07\u0e40\u0e17\u0e1e\u0e21\u0e2b\u0e32\u0e19\u0e04\u0e23  10110", "operation_time": "", "contact_line": "", "province": "\u0e01\u0e23\u0e38\u0e07\u0e40\u0e17\u0e1e\u0e21\u0e2b\u0e32\u0e19\u0e04\u0e23", "province_en": null, "district": null, "sub_district": null}}, {"label": "Tops Food Hall Sukhumvit 39 \u0e17\u0e47\u0e2d\u0e1b\u0e2a\u0e4c \u0e1f\u0e39\u0e49\u0e14 \u0e2e\u0e2d\u0e25\u0e25\u0e4c \u0e2a\u0e32\u0e02\u0e32\u0e2a\u0e38\u0e02\u0e38\u0e21\u0e27\u0e34\u0e17 39", "value": {"id": 874, "internal_type": "11", "internal_store_no": "208", "internal_abbv": "3S", "store_format": "Central Food Hall", "store_name": "\u0e17\u0e47\u0e2d\u0e1b\u0e2a\u0e4c \u0e1f\u0e39\u0e49\u0e14 \u0e2e\u0e2d\u0e25\u0e25\u0e4c \u0e2a\u0e32\u0e02\u0e32\u0e2a\u0e38\u0e02\u0e38\u0e21\u0e27\u0e34\u0e17 39", "store_name_th": "Tops Food Hall Sukhumvit 39", "latitude": "13.74335815", "longitude": "100.5724012", "phone": "02-126-7930, 41", "fax": "-", "location_en": null, "location": "149/1 \u0e0b\u0e2d\u0e22\u0e2a\u0e38\u0e02\u0e38\u0e21\u0e27\u0e34\u0e17 39(\u0e1e\u0e23\u0e49\u0e2d\u0e21\u0e1e\u0e07\u0e29\u0e4c) \u0e41\u0e02\u0e27\u0e07 \u0e04\u0e25\u0e2d\u0e07\u0e15\u0e31\u0e19\u0e40\u0e2b\u0e19\u0e37\u0e2d \u0e40\u0e02\u0e15\u0e27\u0e31\u0e12\u0e19\u0e32 \u0e01\u0e23\u0e38\u0e07\u0e40\u0e17\u0e1e\u0e21\u0e2b\u0e32\u0e19\u0e04\u0e23 10110", "operation_time": "08.00 am - 10.00 pm", "contact_line": "https://lin.ee/0J5Bwtm", "province": "\u0e01\u0e23\u0e38\u0e07\u0e40\u0e17\u0e1e\u0e21\u0e2b\u0e32\u0e19\u0e04\u0e23", "province_en": null, "district": null, "sub_district": null}}, {"label": "Tops Thalang \u0e17\u0e47\u0e2d\u0e1b\u0e2a\u0e4c \u0e2a\u0e32\u0e02\u0e32\u0e16\u0e25\u0e32\u0e07", "value": {"id": 887, "internal_type": "11", "internal_store_no": "214", "internal_abbv": "LT", "store_format": "Central Food Hall", "store_name": "\u0e17\u0e47\u0e2d\u0e1b\u0e2a\u0e4c \u0e2a\u0e32\u0e02\u0e32\u0e16\u0e25\u0e32\u0e07", "store_name_th": "Tops Thalang", "latitude": "8.171982717", "longitude": "98.36240062", "phone": "076-530351-52", "fax": "-", "location_en": null, "location": "\u0e40\u0e25\u0e02\u0e17\u0e35\u0e48 8/88 \u0e2b\u0e21\u0e39\u0e48\u0e17\u0e35\u0e48 5 \u0e15\u0e33\u0e1a\u0e25 \u0e28\u0e23\u0e35\u0e2a\u0e38\u0e19\u0e17\u0e23 \u0e2d\u0e33\u0e40\u0e20\u0e2d \u0e16\u0e25\u0e32\u0e07 \u0e08\u0e31\u0e07\u0e2b\u0e27\u0e31\u0e14\u0e20\u0e39\u0e40\u0e01\u0e47\u0e15 \u0e23\u0e2b\u0e31\u0e2a\u0e44\u0e1b\u0e23\u0e29\u0e13\u0e35\u0e22\u0e4c 83110", "operation_time": "08.00 am - 10.00 pm", "contact_line": "https://lin.ee/tKiOONY", "province": "\u0e20\u0e39\u0e40\u0e01\u0e47\u0e15", "province_en": null, "district": null, "sub_district": null}}, {"label": "\u0e17\u0e47\u0e2d\u0e1b\u0e2a\u0e4c \u0e1f\u0e39\u0e49\u0e14 \u0e2e\u0e2d\u0e25\u0e25\u0e4c \u0e2a\u0e32\u0e02\u0e32\u0e40\u0e0b\u0e47\u0e19\u0e17\u0e23\u0e31\u0e25\u0e0a\u0e34\u0e14\u0e25\u0e21 Tops Food Hall Central Chidlom", "value": {"id": 2, "internal_type": "2", "internal_store_no": "81", "internal_abbv": "CL", "store_format": "Tops Food Hall", "store_name": "Tops Food Hall Central Chidlom", "store_name_th": "\u0e17\u0e47\u0e2d\u0e1b\u0e2a\u0e4c \u0e1f\u0e39\u0e49\u0e14 \u0e2e\u0e2d\u0e25\u0e25\u0e4c \u0e2a\u0e32\u0e02\u0e32\u0e40\u0e0b\u0e47\u0e19\u0e17\u0e23\u0e31\u0e25\u0e0a\u0e34\u0e14\u0e25\u0e21", "latitude": "13.744816", "longitude": "100.544723", "phone": "0 2655 7648-52 #0 #101 #301 #302", "fax": "0 2655 1000", "location_en": "1027\u00a0 Phloenchit Rd.\u00a0 Lumphini Pathumwan Bangkok 10330", "location": "1027 \u0e16\u0e19\u0e19\u0e40\u0e1e\u0e25\u0e34\u0e19\u0e08\u0e34\u0e15 \u0e41\u0e02\u0e27\u0e07\u0e25\u0e38\u0e21\u0e1e\u0e34\u0e19\u0e35 \u0e40\u0e02\u0e15\u0e1b\u0e17\u0e38\u0e21\u0e27\u0e31\u0e19 \u0e01\u0e23\u0e38\u0e07\u0e40\u0e17\u0e1e\u0e21\u0e2b\u0e32\u0e19\u0e04\u0e23 10330", "operation_time": "08:00 a.m. - 10:00 p.m.", "contact_line": "https://lin.ee/Ullnnvi", "province": "\u0e01\u0e23\u0e38\u0e07\u0e40\u0e17\u0e1e\u0e21\u0e2b\u0e32\u0e19\u0e04\u0e23", "province_en": "Bangkok", "district": "", "sub_district": ""}}, {"label": "\u0e17\u0e47\u0e2d\u0e1b\u0e2a\u0e4c \u0e1f\u0e39\u0e49\u0e14 \u0e2e\u0e2d\u0e25\u0e25\u0e4c \u0e2a\u0e32\u0e02\u0e32\u0e40\u0e0b\u0e47\u0e19\u0e17\u0e23\u0e31\u0e25\u0e40\u0e27\u0e34\u0e25\u0e14\u0e4c Tops Food Hall CentralWorld", "value": {"id": 3, "internal_type": "2", "internal_store_no": "512", "internal_abbv": "CH", "store_format": "Tops Food Hall", "store_name": "Tops Food Hall CentralWorld", "store_name_th": "\u0e17\u0e47\u0e2d\u0e1b\u0e2a\u0e4c \u0e1f\u0e39\u0e49\u0e14 \u0e2e\u0e2d\u0e25\u0e25\u0e4c \u0e2a\u0e32\u0e02\u0e32\u0e40\u0e0b\u0e47\u0e19\u0e17\u0e23\u0e31\u0e25\u0e40\u0e27\u0e34\u0e25\u0e14\u0e4c", "latitude": "13.746996", "longitude": "100.53853", "phone": "0 2613 1630-36 #100 #101 #302", "fax": "0 2613 1622", "location_en": "4/1-2\u00a0 4/4 Rajdamri Rd.\u00a0 Pathumwan\u00a0 Bangkok 10330", "location": "4/1-2, 4/4 \u0e16\u0e19\u0e19\u0e23\u0e32\u0e0a\u0e14\u0e33\u0e23\u0e34 \u0e40\u0e02\u0e15\u0e1b\u0e17\u0e38\u0e21\u0e27\u0e31\u0e19 \u0e41\u0e02\u0e27\u0e07\u0e1b\u0e17\u0e38\u0e21\u0e27\u0e31\u0e19 \u0e01\u0e23\u0e38\u0e07\u0e40\u0e17\u0e1e\u0e21\u0e2b\u0e32\u0e19\u0e04\u0e23 10330", "operation_time": "10:00 a.m. - 10:00 p.m.", "contact_line": "https://lin.ee/LUZQjl2", "province": "\u0e01\u0e23\u0e38\u0e07\u0e40\u0e17\u0e1e\u0e21\u0e2b\u0e32\u0e19\u0e04\u0e23", "province_en": "Bangkok", "district": "", "sub_district": ""}}, {"label": "\u0e17\u0e47\u0e2d\u0e1b\u0e2a\u0e4c \u0e1f\u0e39\u0e49\u0e14 \u0e2e\u0e2d\u0e25\u0e25\u0e4c \u0e2a\u0e32\u0e02\u0e32\u0e40\u0e0b\u0e47\u0e19\u0e17\u0e23\u0e31\u0e25\u0e40\u0e1f\u0e2a\u0e15\u0e34\u0e27\u0e31\u0e25 \u0e1e\u0e31\u0e17\u0e22\u0e32\u0e1a\u0e35\u0e0a Tops Food Hall CentralFestival Pattaya Beach", "value": {"id": 4, "internal_type": "2", "internal_store_no": "540", "internal_abbv": "CY", "store_format": "Tops Food Hall", "store_name": "Tops Food Hall CentralFestival Pattaya Beach", "store_name_th": "\u0e17\u0e47\u0e2d\u0e1b\u0e2a\u0e4c \u0e1f\u0e39\u0e49\u0e14 \u0e2e\u0e2d\u0e25\u0e25\u0e4c \u0e2a\u0e32\u0e02\u0e32\u0e40\u0e0b\u0e47\u0e19\u0e17\u0e23\u0e31\u0e25\u0e40\u0e1f\u0e2a\u0e15\u0e34\u0e27\u0e31\u0e25 \u0e1e\u0e31\u0e17\u0e22\u0e32\u0e1a\u0e35\u0e0a", "latitude": "12.934308", "longitude": "100.884179", "phone": "0 3804 3470-72 #0 #400, 0 3804 3476", "fax": "0 3804 3479", "location_en": "333/99 Moo 9\u00a0 Tumbon Nongprue\u00a0 Amphur Banglamung\u00a0 Chon Buri 20260", "location": "333/99 \u0e2b\u0e21\u0e39\u0e48 9 \u0e15\u0e33\u0e1a\u0e25\u0e2b\u0e19\u0e2d\u0e07\u0e1b\u0e23\u0e37\u0e2d \u0e2d\u0e33\u0e40\u0e20\u0e2d\u0e1a\u0e32\u0e07\u0e25\u0e30\u0e21\u0e38\u0e07 \u0e0a\u0e25\u0e1a\u0e38\u0e23\u0e35 20260", "operation_time": "10:00 a.m. - midnight", "contact_line": "https://lin.ee/5HV2SLS", "province": "\u0e0a\u0e25\u0e1a\u0e38\u0e23\u0e35", "province_en": "Chon Buri", "district": "", "sub_district": ""}}, {"label": "\u0e17\u0e47\u0e2d\u0e1b\u0e2a\u0e4c \u0e1f\u0e39\u0e49\u0e14 \u0e2e\u0e2d\u0e25\u0e25\u0e4c \u0e2a\u0e32\u0e02\u0e32\u0e40\u0e0b\u0e47\u0e19\u0e17\u0e23\u0e31\u0e25\u0e40\u0e1f\u0e2a\u0e15\u0e34\u0e27\u0e31\u0e25 \u0e20\u0e39\u0e40\u0e01\u0e47\u0e15 \u00a0 Tops Food Hall CentralFestival Phuket", "value": {"id": 5, "internal_type": "2", "internal_store_no": "57", "internal_abbv": "PH", "store_format": "Tops Food Hall", "store_name": "Tops Food Hall CentralFestival Phuket", "store_name_th": "\u0e17\u0e47\u0e2d\u0e1b\u0e2a\u0e4c \u0e1f\u0e39\u0e49\u0e14 \u0e2e\u0e2d\u0e25\u0e25\u0e4c \u0e2a\u0e32\u0e02\u0e32\u0e40\u0e0b\u0e47\u0e19\u0e17\u0e23\u0e31\u0e25\u0e40\u0e1f\u0e2a\u0e15\u0e34\u0e27\u0e31\u0e25 \u0e20\u0e39\u0e40\u0e01\u0e47\u0e15 \u00a0", "latitude": "7.8927", "longitude": "98.3682", "phone": "0 7624 9980, 0 7624 9966", "fax": "0 7624 9951", "location_en": "74-75 Moo 5 Vichaisongkram Rd. Tambon Vichit\u00a0 Amphur Muang Phuket 83000", "location": "74-75 \u0e2b\u0e21\u0e39\u0e48 5 \u0e16\u0e19\u0e19\u0e27\u0e34\u0e0a\u0e31\u0e22\u0e2a\u0e07\u0e04\u0e23\u0e32\u0e21 \u0e15\u0e33\u0e1a\u0e25\u0e27\u0e34\u0e0a\u0e34\u0e15 \u0e2d\u0e33\u0e40\u0e20\u0e2d\u0e40\u0e21\u0e37\u0e2d\u0e07\u0e20\u0e39\u0e40\u0e01\u0e47\u0e15 \u0e20\u0e39\u0e40\u0e01\u0e47\u0e15 83000", "operation_time": "9.00 am. - 10.00 pm.", "contact_line": "https://lin.ee/SFzULru", "province": "\u0e20\u0e39\u0e40\u0e01\u0e47\u0e15", "province_en": "Phuket", "district": "", "sub_district": ""}}, {"label": "\u0e17\u0e47\u0e2d\u0e1b\u0e2a\u0e4c \u0e1f\u0e39\u0e49\u0e14 \u0e2e\u0e2d\u0e25\u0e25\u0e4c \u0e2a\u0e32\u0e02\u0e32\u0e40\u0e0b\u0e47\u0e19\u0e17\u0e23\u0e31\u0e25\u0e40\u0e1f\u0e2a\u0e15\u0e34\u0e27\u0e31\u0e25 \u0e40\u0e0a\u0e35\u0e22\u0e07\u0e43\u0e2b\u0e21\u0e48 Tops Food Hall CentralFestival Chiangmai", "value": {"id": 6, "internal_type": "2", "internal_store_no": "128", "internal_abbv": "CX", "store_format": "Tops Food Hall", "store_name": "Tops Food Hall CentralFestival Chiangmai", "store_name_th": "\u0e17\u0e47\u0e2d\u0e1b\u0e2a\u0e4c \u0e1f\u0e39\u0e49\u0e14 \u0e2e\u0e2d\u0e25\u0e25\u0e4c \u0e2a\u0e32\u0e02\u0e32\u0e40\u0e0b\u0e47\u0e19\u0e17\u0e23\u0e31\u0e25\u0e40\u0e1f\u0e2a\u0e15\u0e34\u0e27\u0e31\u0e25 \u0e40\u0e0a\u0e35\u0e22\u0e07\u0e43\u0e2b\u0e21\u0e48", "latitude": "18.806472", "longitude": "99.018048", "phone": "0 5328 8761-8 #100 #400, 0 5328 8772, 0 5328 8770", "fax": "0 5328 8773", "location_en": "99-99/2 Moo 4 Tambon Fa ham Amphur Muang Chiang Mai Chiang Mai 50000", "location": "99, 99/1 \u0e41\u0e25\u0e30 99/2 \u0e2b\u0e21\u0e39\u0e48 4 \u0e15\u0e33\u0e1a\u0e25 \u0e1f\u0e49\u0e32\u0e2e\u0e48\u0e32\u0e21 \u0e2d\u0e33\u0e40\u0e20\u0e2d \u0e40\u0e21\u0e37\u0e2d\u0e07\u0e40\u0e0a\u0e35\u0e22\u0e07\u0e43\u0e2b\u0e21\u0e48 \u0e40\u0e0a\u0e35\u0e22\u0e07\u0e43\u0e2b\u0e21\u0e48 50000", "operation_time": "Mon - Thu: 10:00 a.m. - 9:30 p.m.\u00a0 Fri - Sun & Holiday: 10:00 a.m. - 10:00 p.m.", "contact_line": "https://lin.ee/Iv1z5bY", "province": "\u0e40\u0e0a\u0e35\u0e22\u0e07\u0e43\u0e2b\u0e21\u0e48", "province_en": "Chiang Mai", "district": "", "sub_district": ""}}, {"label": "\u0e17\u0e47\u0e2d\u0e1b\u0e2a\u0e4c \u0e1f\u0e39\u0e49\u0e14 \u0e2e\u0e2d\u0e25\u0e25\u0e4c \u0e2a\u0e32\u0e02\u0e32\u0e40\u0e14\u0e2d\u0e30 \u0e04\u0e23\u0e34\u0e2a\u0e15\u0e31\u0e25 Tops Food Hall The Crystal", "value": {"id": 7, "internal_type": "2", "internal_store_no": "525", "internal_abbv": "CS", "store_format": "Tops Food Hall", "store_name": "Tops Food Hall The Crystal", "store_name_th": "\u0e17\u0e47\u0e2d\u0e1b\u0e2a\u0e4c \u0e1f\u0e39\u0e49\u0e14 \u0e2e\u0e2d\u0e25\u0e25\u0e4c \u0e2a\u0e32\u0e02\u0e32\u0e40\u0e14\u0e2d\u0e30 \u0e04\u0e23\u0e34\u0e2a\u0e15\u0e31\u0e25", "latitude": "13.811145", "longitude": "100.6193", "phone": "0 2515 0630-3", "fax": "0 2515 0634", "location_en": "64/98 Moo 6 Building A Room 107 Praditmanootham Road\u00a0 Kwaeng Ladprao\u00a0 Khet Ladprao\u00a0 Bangkok 10230", "location": "64/98 \u0e2b\u0e21\u0e39\u0e48 6 \u0e2d\u0e32\u0e04\u0e32\u0e23\u0e40\u0e2d \u0e2b\u0e49\u0e2d\u0e07 107 \u0e16\u0e19\u0e19\u0e1b\u0e23\u0e30\u0e14\u0e34\u0e29\u0e10\u0e4c\u0e21\u0e19\u0e39\u0e18\u0e23\u0e23\u0e21 \u0e41\u0e02\u0e27\u0e07\u0e25\u0e32\u0e14\u0e1e\u0e23\u0e49\u0e32\u0e27 \u0e40\u0e02\u0e15\u0e25\u0e32\u0e14\u0e1e\u0e23\u0e49\u0e32\u0e27 \u0e01\u0e23\u0e38\u0e07\u0e40\u0e17\u0e1e\u0e21\u0e2b\u0e32\u0e19\u0e04\u0e23 10230", "operation_time": "8.00 am. - 11.00 pm", "contact_line": "https://lin.ee/3Bhk28e", "province": "\u0e01\u0e23\u0e38\u0e07\u0e40\u0e17\u0e1e\u0e21\u0e2b\u0e32\u0e19\u0e04\u0e23", "province_en": "Bangkok", "district": "", "sub_district": ""}}, {"label": "\u0e17\u0e47\u0e2d\u0e1b\u0e2a\u0e4c \u0e1f\u0e39\u0e49\u0e14 \u0e2e\u0e2d\u0e25\u0e25\u0e4c \u0e2a\u0e32\u0e02\u0e32\u0e40\u0e0b\u0e47\u0e19\u0e17\u0e23\u0e31\u0e25\u0e40\u0e1f\u0e2a\u0e15\u0e34\u0e27\u0e31\u0e25 \u0e2d\u0e35\u0e2a\u0e15\u0e4c\u0e27\u0e34\u0e25\u0e25\u0e4c Tops Food Hall CentralFestival EastVille", "value": {"id": 8, "internal_type": "2", "internal_store_no": "161", "internal_abbv": "CZ", "store_format": "Tops Food Hall", "store_name": "Tops Food Hall CentralFestival EastVille", "store_name_th": "\u0e17\u0e47\u0e2d\u0e1b\u0e2a\u0e4c \u0e1f\u0e39\u0e49\u0e14 \u0e2e\u0e2d\u0e25\u0e25\u0e4c \u0e2a\u0e32\u0e02\u0e32\u0e40\u0e0b\u0e47\u0e19\u0e17\u0e23\u0e31\u0e25\u0e40\u0e1f\u0e2a\u0e15\u0e34\u0e27\u0e31\u0e25 \u0e2d\u0e35\u0e2a\u0e15\u0e4c\u0e27\u0e34\u0e25\u0e25\u0e4c", "latitude": "13.803573", "longitude": "100.614663", "phone": "0 2041 2100, 0 2041 2102", "fax": "0 2041 2102", "location_en": "69\u00a0 69/1\u00a0 69/2 Praditmanootham Road\u00a0 Ladprao Ladprao Bangkok 10230", "location": "\u0e40\u0e25\u0e02\u0e17\u0e35\u0e48 69, 69/1, 69/2 \u0e16\u0e19\u0e19\u0e1b\u0e23\u0e30\u0e14\u0e34\u0e29\u0e10\u0e4c\u0e21\u0e19\u0e39\u0e18\u0e23\u0e23\u0e21 \u0e41\u0e02\u0e27\u0e07\u0e25\u0e32\u0e14\u0e1e\u0e23\u0e49\u0e32\u0e27 \u0e40\u0e02\u0e15\u0e25\u0e32\u0e14\u0e1e\u0e23\u0e49\u0e32\u0e27 \u0e01\u0e23\u0e38\u0e07\u0e40\u0e17\u0e1e\u0e21\u0e2b\u0e32\u0e19\u0e04\u0e23 10230", "operation_time": "9.00 a.m. - 10.00 p.m.", "contact_line": "https://lin.ee/Kx4EUm2", "province": "\u0e01\u0e23\u0e38\u0e07\u0e40\u0e17\u0e1e\u0e21\u0e2b\u0e32\u0e19\u0e04\u0e23", "province_en": "Bangkok", "district": "", "sub_district": ""}}, {"label": "\u0e17\u0e47\u0e2d\u0e1b\u0e2a\u0e4c \u0e1f\u0e39\u0e49\u0e14 \u0e2e\u0e2d\u0e25\u0e25\u0e4c \u0e2a\u0e32\u0e02\u0e32\u0e40\u0e0b\u0e47\u0e19\u0e17\u0e23\u0e31\u0e25\u0e1e\u0e25\u0e32\u0e0b\u0e32 \u0e1a\u0e32\u0e07\u0e19\u0e32 Tops Food Hall CentralPlaza Bangna", "value": {"id": 9, "internal_type": "2", "internal_store_no": "581", "internal_abbv": "BN", "store_format": "Tops Food Hall", "store_name": "Tops Food Hall CentralPlaza Bangna", "store_name_th": "\u0e17\u0e47\u0e2d\u0e1b\u0e2a\u0e4c \u0e1f\u0e39\u0e49\u0e14 \u0e2e\u0e2d\u0e25\u0e25\u0e4c \u0e2a\u0e32\u0e02\u0e32\u0e40\u0e0b\u0e47\u0e19\u0e17\u0e23\u0e31\u0e25\u0e1e\u0e25\u0e32\u0e0b\u0e32 \u0e1a\u0e32\u0e07\u0e19\u0e32", "latitude": "13.6689", "longitude": "100.634615", "phone": "0 2361 1073 #0 #400", "fax": "0 2361 1090", "location_en": "585 Bangna-Trad Rd. Bangna\u00a0 Bangna\u00a0 Bangkok 10260", "location": "585 \u0e16\u0e19\u0e19\u0e1a\u0e32\u0e07\u0e19\u0e32\u0e15\u0e23\u0e32\u0e14 \u0e41\u0e02\u0e27\u0e07\u0e1a\u0e32\u0e07\u0e19\u0e32 \u0e40\u0e02\u0e15\u0e1a\u0e32\u0e07\u0e19\u0e32 \u0e01\u0e23\u0e38\u0e07\u0e40\u0e17\u0e1e\u0e21\u0e2b\u0e32\u0e19\u0e04\u0e23 10260", "operation_time": "09.00 am - 10.00 pm", "contact_line": "https://lin.ee/wUN0lrv", "province": "\u0e01\u0e23\u0e38\u0e07\u0e40\u0e17\u0e1e\u0e21\u0e2b\u0e32\u0e19\u0e04\u0e23", "province_en": "Bangkok", "district": "", "sub_district": ""}}, {"label": "\u0e17\u0e47\u0e2d\u0e1b\u0e2a\u0e4c \u0e1f\u0e39\u0e49\u0e14 \u0e2e\u0e2d\u0e25\u0e25\u0e4c \u0e2a\u0e32\u0e02\u0e32\u0e40\u0e0b\u0e47\u0e19\u0e17\u0e23\u0e31\u0e25\u0e20\u0e39\u0e40\u0e01\u0e47\u0e15 \u0e1f\u0e25\u0e2d\u0e40\u0e23\u0e2a\u0e15\u0e49\u0e32 Tops Food Hall Central Phuket Floresta", "value": {"id": 10, "internal_type": "2", "internal_store_no": "436", "internal_abbv": "PF", "store_format": "Tops Food Hall", "store_name": "Tops Food Hall Central Phuket Floresta", "store_name_th": "\u0e17\u0e47\u0e2d\u0e1b\u0e2a\u0e4c \u0e1f\u0e39\u0e49\u0e14 \u0e2e\u0e2d\u0e25\u0e25\u0e4c \u0e2a\u0e32\u0e02\u0e32\u0e40\u0e0b\u0e47\u0e19\u0e17\u0e23\u0e31\u0e25\u0e20\u0e39\u0e40\u0e01\u0e47\u0e15 \u0e1f\u0e25\u0e2d\u0e40\u0e23\u0e2a\u0e15\u0e49\u0e32", "latitude": "7.89104", "longitude": "98.366129", "phone": "0 7636 8013, 0 7636 8001", "fax": "0 7636 8002", "location_en": "199 Moo 4 Tambon Wichit Amphur Mueang Phuket Phuket 83000", "location": "\u0e40\u0e25\u0e02\u0e17\u0e35\u0e48 199\u00a0 \u0e2b\u0e21\u0e39\u0e48\u0e17\u0e35\u0e48 4\u00a0 \u0e15\u0e33\u0e1a\u0e25\u0e27\u0e34\u0e0a\u0e34\u0e15\u00a0 \u0e2d\u0e33\u0e40\u0e20\u0e2d\u0e40\u0e21\u0e37\u0e2d\u0e07\u0e20\u0e39\u0e40\u0e01\u0e47\u0e15 \u0e20\u0e39\u0e40\u0e01\u0e47\u0e15 83000", "operation_time": "09.00 am - 10.00 pm", "contact_line": "https://lin.ee/kfqNJo2", "province": "\u0e20\u0e39\u0e40\u0e01\u0e47\u0e15", "province_en": "Phuket", "district": "", "sub_district": ""}}, {"label": "Tops Food Hall Central Patong \u0e17\u0e47\u0e2d\u0e1b\u0e2a\u0e4c \u0e1f\u0e39\u0e49\u0e14 \u0e2e\u0e2d\u0e25\u0e25\u0e4c \u0e2a\u0e32\u0e02\u0e32\u0e40\u0e0b\u0e47\u0e19\u0e17\u0e23\u0e31\u0e25\u0e1b\u0e48\u0e32\u0e15\u0e2d\u0e07", "value": {"id": 11, "internal_type": "2", "internal_store_no": "450", "internal_abbv": "FT", "store_format": "Tops Food Hall", "store_name": "\u0e17\u0e47\u0e2d\u0e1b\u0e2a\u0e4c \u0e1f\u0e39\u0e49\u0e14 \u0e2e\u0e2d\u0e25\u0e25\u0e4c \u0e2a\u0e32\u0e02\u0e32\u0e40\u0e0b\u0e47\u0e19\u0e17\u0e23\u0e31\u0e25\u0e1b\u0e48\u0e32\u0e15\u0e2d\u0e07", "store_name_th": "Tops Food Hall Central Patong", "latitude": "7.892398", "longitude": "98.298397", "phone": "0 7660 3223 #0, 0 7660 3222", "fax": "0 7660 3224", "location_en": "198/9 Thanon Ratuthit Songroipi Rd. Tambon Patong, Amphoe Kathu, Phuket 83150", "location": "\u0e40\u0e25\u0e02\u0e17\u0e35\u0e48 198/9 \u0e16\u0e19\u0e19\u0e23\u0e32\u0e29\u0e0f\u0e23\u0e4c\u0e2d\u0e38\u0e17\u0e34\u0e28 200 \u0e1b\u0e35 \u0e15\u0e33\u0e1a\u0e25\u0e1b\u0e48\u0e32\u0e15\u0e2d\u0e07 \u0e2d\u0e33\u0e40\u0e20\u0e2d\u0e01\u0e23\u0e30\u0e17\u0e39\u0e49\u00a0 \u0e20\u0e39\u0e40\u0e01\u0e47\u0e15 83150", "operation_time": "09.00 am - midnight", "contact_line": "https://lin.ee/wM3QdPD", "province": "\u0e20\u0e39\u0e40\u0e01\u0e47\u0e15", "province_en": "Phuket", "district": "", "sub_district": ""}}, {"label": "\u0e17\u0e47\u0e2d\u0e1b\u0e2a\u0e4c \u0e1f\u0e39\u0e49\u0e14 \u0e2e\u0e2d\u0e25\u0e25\u0e4c \u0e2a\u0e32\u0e02\u0e32\u0e1b\u0e2d\u0e23\u0e4c\u0e42\u0e15 \u0e40\u0e14\u0e2d \u0e20\u0e39\u0e40\u0e01\u0e47\u0e15 Tops Food Hall Porto De Phuket", "value": {"id": 12, "internal_type": "2", "internal_store_no": "456", "internal_abbv": "DE", "store_format": "Tops Food Hall", "store_name": "Tops Food Hall Porto De Phuket", "store_name_th": "\u0e17\u0e47\u0e2d\u0e1b\u0e2a\u0e4c \u0e1f\u0e39\u0e49\u0e14 \u0e2e\u0e2d\u0e25\u0e25\u0e4c \u0e2a\u0e32\u0e02\u0e32\u0e1b\u0e2d\u0e23\u0e4c\u0e42\u0e15 \u0e40\u0e14\u0e2d \u0e20\u0e39\u0e40\u0e01\u0e47\u0e15", "latitude": "\u00a0\u00a0 \u00a0 \u00a0 \u00a0 \u00a0 \u00a0 \u00a0 \u00a0 \u00a0 \u00a0 \u00a0 \u00a0 \u00a0 \u00a0 \u00a0 \u00a0 \u00a0 \u00a0 \u00a0 \u00a0 \u00a0 \u00a0 \u00a0", "longitude": "98.305927", "phone": "0 7636 8200, 0 7636 8201", "fax": "0 7636 8202", "location_en": "19/1-6 Bangdon-Choeng Thale Road, Tambol Choeng Thale, Amphoe Tha Lang, Phuket 83100", "location": "19/1 - 6 \u0e16.\u0e1a\u0e49\u0e32\u0e19\u0e14\u0e2d\u0e19-\u0e40\u0e0a\u0e34\u0e07\u0e17\u0e30\u0e40\u0e25 \u0e15\u0e33\u0e1a\u0e25\u0e40\u0e0a\u0e34\u0e07\u0e17\u0e30\u0e40\u0e25 \u0e2d\u0e33\u0e40\u0e20\u0e2d\u0e16\u0e25\u0e32\u0e07 \u0e20\u0e39\u0e40\u0e01\u0e47\u0e15 83100", "operation_time": "08.00 am - 10.00 pm", "contact_line": "https://lin.ee/VMQLFxz", "province": "\u0e20\u0e39\u0e40\u0e01\u0e47\u0e15", "province_en": "Phuket", "district": "", "sub_district": ""}}, {"label": "\u0e17\u0e47\u0e2d\u0e1b\u0e2a\u0e4c \u0e1f\u0e39\u0e49\u0e14 \u0e2e\u0e2d\u0e25\u0e25\u0e4c \u0e2a\u0e32\u0e02\u0e32\u0e40\u0e0b\u0e47\u0e19\u0e17\u0e23\u0e31\u0e25\u0e1e\u0e25\u0e32\u0e0b\u0e32 \u0e25\u0e32\u0e14\u0e1e\u0e23\u0e49\u0e32\u0e27 Tops Food Hall CentralPlaza Ladprao", "value": {"id": 13, "internal_type": "2", "internal_store_no": "12", "internal_abbv": "LP", "store_format": "Tops Food Hall", "store_name": "Tops Food Hall CentralPlaza Ladprao", "store_name_th": "\u0e17\u0e47\u0e2d\u0e1b\u0e2a\u0e4c \u0e1f\u0e39\u0e49\u0e14 \u0e2e\u0e2d\u0e25\u0e25\u0e4c \u0e2a\u0e32\u0e02\u0e32\u0e40\u0e0b\u0e47\u0e19\u0e17\u0e23\u0e31\u0e25\u0e1e\u0e25\u0e32\u0e0b\u0e32 \u0e25\u0e32\u0e14\u0e1e\u0e23\u0e49\u0e32\u0e27", "latitude": "13.816327", "longitude": "100.560865", "phone": "0 2937 1716-22 #102 #205, 0 2937 1725", "fax": "0 2937 1724", "location_en": "G Floor 1697 Phaholyothin Rd.\u00a0 Lardyao\u00a0 Jatujak Bangkok 10900", "location": "\u0e0a\u0e31\u0e49\u0e19 G 1697 \u0e16\u0e19\u0e19\u0e1e\u0e2b\u0e25\u0e42\u0e22\u0e18\u0e34\u0e19 \u0e41\u0e02\u0e27\u0e07\u0e25\u0e32\u0e14\u0e22\u0e32\u0e27 \u0e40\u0e02\u0e15\u0e08\u0e15\u0e38\u0e08\u0e31\u0e01\u0e23 \u0e01\u0e23\u0e38\u0e07\u0e40\u0e17\u0e1e\u0e21\u0e2b\u0e32\u0e19\u0e04\u0e23 10900", "operation_time": "9.00 am. - 10.00 pm.", "contact_line": "https://lin.ee/mzC571C", "province": "\u0e01\u0e23\u0e38\u0e07\u0e40\u0e17\u0e1e\u0e21\u0e2b\u0e32\u0e19\u0e04\u0e23", "province_en": "Bangkok", "district": "", "sub_district": ""}}, {"label": "\u0e17\u0e47\u0e2d\u0e1b\u0e2a\u0e4c \u0e1f\u0e39\u0e49\u0e14 \u0e2e\u0e2d\u0e25\u0e25\u0e4c \u0e2a\u0e32\u0e02\u0e32\u0e40\u0e0b\u0e47\u0e19\u0e17\u0e23\u0e31\u0e25\u0e40\u0e1f\u0e2a\u0e15\u0e34\u0e27\u0e31\u0e25 \u0e2a\u0e21\u0e38\u0e22 Tops Food Hall CentralFestival Samui", "value": {"id": 14, "internal_type": "2", "internal_store_no": "136", "internal_abbv": "ZM", "store_format": "Tops Food Hall", "store_name": "Tops Food Hall CentralFestival Samui", "store_name_th": "\u0e17\u0e47\u0e2d\u0e1b\u0e2a\u0e4c \u0e1f\u0e39\u0e49\u0e14 \u0e2e\u0e2d\u0e25\u0e25\u0e4c \u0e2a\u0e32\u0e02\u0e32\u0e40\u0e0b\u0e47\u0e19\u0e17\u0e23\u0e31\u0e25\u0e40\u0e1f\u0e2a\u0e15\u0e34\u0e27\u0e31\u0e25 \u0e2a\u0e21\u0e38\u0e22", "latitude": "9.533335", "longitude": "100.061475", "phone": "0 7741 0465-7 #0, 0 7741 0463", "fax": "0 7741 0464", "location_en": "209, 209/1, 209/2\u00a0 Moo 2 Tumbon Bo Phut Amphoe Ko Samui Surat Thani 84320", "location": "209, 209/1, 209/2 \u0e2b\u0e21\u0e39\u0e48 2 \u0e15\u0e33\u0e1a\u0e25\u0e1a\u0e48\u0e2d\u0e1c\u0e38\u0e14 \u0e2d\u0e33\u0e40\u0e20\u0e2d\u0e40\u0e01\u0e32\u0e30\u0e2a\u0e21\u0e38\u0e22 \u0e2a\u0e38\u0e23\u0e32\u0e29\u0e0e\u0e23\u0e4c\u0e18\u0e32\u0e19\u0e35 84320", "operation_time": "08.00 am. - midnight", "contact_line": "https://lin.ee/jxmJUgb", "province": "\u0e2a\u0e38\u0e23\u0e32\u0e29\u0e0e\u0e23\u0e4c\u0e18\u0e32\u0e19\u0e35", "province_en": "Surat Thani", "district": "", "sub_district": ""}}, {"label": "\u0e17\u0e47\u0e2d\u0e1b\u0e2a\u0e4c \u0e1f\u0e39\u0e49\u0e14 \u0e2e\u0e2d\u0e25\u0e25\u0e4c \u0e2a\u0e32\u0e02\u0e32\u0e2a\u0e38\u0e02\u0e38\u0e21\u0e27\u0e34\u0e17 41 Tops Food Hall Sukumvit 41", "value": {"id": 15, "internal_type": "2", "internal_store_no": "39", "internal_abbv": "VT", "store_format": "Tops Food Hall", "store_name": "Tops Food Hall Sukumvit 41", "store_name_th": "\u0e17\u0e47\u0e2d\u0e1b\u0e2a\u0e4c \u0e1f\u0e39\u0e49\u0e14 \u0e2e\u0e2d\u0e25\u0e25\u0e4c \u0e2a\u0e32\u0e02\u0e32\u0e2a\u0e38\u0e02\u0e38\u0e21\u0e27\u0e34\u0e17 41", "latitude": "13.729151", "longitude": "100.572002", "phone": "0 2662 6396", "fax": "0 2662 6401", "location_en": "745 Sukhumvit Rd. Kwaeng North Klongton Khet Wattana Bangkok 10110", "location": "745 \u0e16\u0e19\u0e19\u0e2a\u0e38\u0e02\u0e38\u0e21\u0e27\u0e34\u0e17 \u0e41\u0e02\u0e27\u0e07\u0e04\u0e25\u0e2d\u0e07\u0e15\u0e31\u0e19\u0e40\u0e2b\u0e19\u0e37\u0e2d \u0e40\u0e02\u0e15\u0e27\u0e31\u0e12\u0e19\u0e32 \u0e01\u0e23\u0e38\u0e07\u0e40\u0e17\u0e1e\u0e21\u0e2b\u0e32\u0e19\u0e04\u0e23 10110", "operation_time": "24 hrs", "contact_line": "https://lin.ee/qv40r0o", "province": "\u0e01\u0e23\u0e38\u0e07\u0e40\u0e17\u0e1e\u0e21\u0e2b\u0e32\u0e19\u0e04\u0e23", "province_en": "Bangkok", "district": "", "sub_district": ""}}, {"label": "\u0e17\u0e47\u0e2d\u0e1b\u0e2a\u0e4c \u0e1f\u0e39\u0e49\u0e14 \u0e2e\u0e2d\u0e25\u0e25\u0e4c \u0e2a\u0e32\u0e02\u0e32\u0e40\u0e0b\u0e47\u0e19\u0e17\u0e23\u0e31\u0e25\u0e1e\u0e25\u0e32\u0e0b\u0e32 \u0e1e\u0e23\u0e30\u0e23\u0e32\u0e21 2 Tops Food Hall CentralPlaza Rama 2", "value": {"id": 20, "internal_type": "2", "internal_store_no": "54", "internal_abbv": "RM", "store_format": "Tops Food Hall", "store_name": "Tops Food Hall CentralPlaza Rama 2", "store_name_th": "\u0e17\u0e47\u0e2d\u0e1b\u0e2a\u0e4c \u0e1f\u0e39\u0e49\u0e14 \u0e2e\u0e2d\u0e25\u0e25\u0e4c \u0e2a\u0e32\u0e02\u0e32\u0e40\u0e0b\u0e47\u0e19\u0e17\u0e23\u0e31\u0e25\u0e1e\u0e25\u0e32\u0e0b\u0e32 \u0e1e\u0e23\u0e30\u0e23\u0e32\u0e21 2", "latitude": "13.66296", "longitude": "100.43745", "phone": "0 2872 4700-5 #0 #101", "fax": "0 2872 4707", "location_en": "160 Rama 2 Rd. Kwaeng Samae Dam Khet Bangkhuntien Bangkok 10150", "location": "160 \u0e16\u0e19\u0e19\u0e1e\u0e23\u0e30\u0e23\u0e32\u0e21 2 \u0e41\u0e02\u0e27\u0e07\u0e41\u0e2a\u0e21\u0e14\u0e33 \u0e40\u0e02\u0e15\u0e1a\u0e32\u0e07\u0e02\u0e38\u0e19\u0e40\u0e17\u0e35\u0e22\u0e19 \u0e01\u0e23\u0e38\u0e07\u0e40\u0e17\u0e1e\u0e21\u0e2b\u0e32\u0e19\u0e04\u0e23 10150", "operation_time": "8.00 am. - 10.00 pm.", "contact_line": "https://lin.ee/ZkBNAOl", "province": "\u0e01\u0e23\u0e38\u0e07\u0e40\u0e17\u0e1e\u0e21\u0e2b\u0e32\u0e19\u0e04\u0e23", "province_en": "Bangkok", "district": "", "sub_district": ""}}]