,name,store_id,name_store,store_type,address,lat,lng,subdistrict,district,province
0,โลตัส ติวานนท์,5183-th,Lotus Extra,Hypermarket,เลขที่ 75 หมู่ที่ 5 ตำบลบ้านใหม่ อำเภอปากเกร็ด จังหวัดนนทบุรี 11120 ,13.92685,100.525868,บ้านใหม่,ปากเกร็ด,นนทบุรี
1,โลตัส เลียบคลองสอง,5182-th,Lotus Extra,Hypermarket,เลขที่ 153 ถ.เลียบคลองสอง แขวงบางชัน เขตคลองสามวา กรุงเทพมหานคร 10510 ,13.860118,100.700016,บางชัน,คลองสามวา,กรุงเทพมหานคร
2,โลตัส อ่อนนุช 80,6621-th,Lotus Extra,Hypermarket,172/5 ถ.อ่อนนุช แขวงประเวศ เขตประเวศ จังหวัดกรุงเทพมหานคร 10250 ,13.71786,100.67033,ประเวศ,ประเวศ,กรุงเทพมหานคร
3,โลตัส วังน้ำเย็น,6564-th,Lotus Extra,Hypermarket,234 ม. 2 ตำบลวังน้ำเย็น อำเภอวังน้ำเย็น จังหวัดสระแก้ว 27210 ,13.507365,102.17842,วังน้ำเย็น,วังน้ำเย็น,สระแก้ว
4,โลตัส ยูดี ทาวน์,6470-th,Lotus Extra,Hypermarket,88 ถ.ทองใหญ่ ตำบลหมากแข้ง อำเภอเมืองอุดรธานี จังหวัดอุดรธานี 41000 ,17.401355,102.804453,หมากแข้ง,เมืองอุดรธานี,อุดรธานี
5,โลตัส บ้านผือ,6442-th,Lotus Extra,Hypermarket,194/3 ม.10 ตำบลบ้านผือ อำเภอบ้านผือ จังหวัดอุดรธานี 41160 ,17.6894156,102.463822,บ้านผือ,บ้านผือ,อุดรธานี
6,โลตัส โคกสำโรง,6440-th,Lotus Extra,Hypermarket,122/1 ม.4 ตำบลโคกสำโรง อำเภอโคกสำโรง จังหวัดลพบุรี 15120 ,15.0587004,100.717548,โคกสำโรง,โคกสำโรง,ลพบุรี
7,โลตัส ตระการพืชผล,6428-th,Lotus Extra,Hypermarket,363 ม. 4 ตำบลขุหลุ อำเภอตระการพืชผล จังหวัดอุบลราชธานี 34130 ,15.61468,105.02599,ขุหลุ,ตระการพืชผล,อุบลราชธานี
8,โลตัส พล,6424-th,Lotus Extra,Hypermarket,11 ถ.มิตรภาพ ตำบลเมืองพล อำเภอพล จังหวัดขอนแก่น 40120 ,15.8027424,102.6063073,เมืองพล,พล,ขอนแก่น
9,โลตัส กบินทร์บุรี,5537-th,Lotus Extra,Hypermarket,899 ม.8 ตำบลเมืองเก่า อำเภอกบินทร์บุรี จังหวัดปราจีนบุรี 25240 ,13.985509,101.771329,เมืองเก่า,กบินทร์บุรี,ปราจีนบุรี
10,โลตัส บึงกาฬ,5536-th,Lotus Extra,Hypermarket,461 ม. 1 ตำบลบึงกาฬ อำเภอเมืองบึงกาฬ จังหวัดบึงกาฬ 38000 ,18.358688,103.646445,บึงกาฬ,เมืองบึงกาฬ,บึงกาฬ
11,โลตัส ขาณุวรลักษบุรี,5535-th,Lotus Extra,Hypermarket,435 ม.5 ตำบลสลกบาตร อำเภอขาณุวรลักษบุรี จังหวัดกำแพงเพชร 62140 ,16.006812,99.799663,สลกบาตร,ขาณุวรลักษบุรี,กำแพงเพชร
12,โลตัส ประจวบคีรีขันธ์,5534-th,Lotus Extra,Hypermarket,51/12 ถ.เพชรเกษม ตำบลเกาะหลัก อำเภอเมือง จังหวัดประจวบคีรีขันธ์ 77000 ,11.7976,99.77733,เกาะหลัก,เมือง,ประจวบคีรีขันธ์
13,โลตัส หนองจอก,5533-th,Lotus Extra,Hypermarket,46 ถ.เชื่อมสัมพันธ์ แขวงกระทุ่มราย เขตหนองจอก จังหวัดกรุงเทพมหานคร 10530 ,13.851075999999999,100.859583,กระทุ่มราย,หนองจอก,กรุงเทพมหานคร
14,โลตัส กระทุ่มแบน,5532-th,Lotus Extra,Hypermarket,329 ม. 1 ตำบลคลองมะเดื่อ อำเภอกระทุ่มแบน จังหวัดสมุทรสาคร 74000 ,13.655919,100.272952,คลองมะเดื่อ,กระทุ่มแบน,สมุทรสาคร
15,โลตัส อุทุมพรพิสัย,5531-th,Lotus Extra,Hypermarket,95 ม. 2 ตำบลกำแพง อำเภออุทุมพรพิสัย จังหวัดศรีสะเกษ 33120 ,15.114249,104.134972,กำแพง,อุทุมพรพิสัย,ศรีสะเกษ
16,โลตัส ขุขันธ์,5530-th,Lotus Extra,Hypermarket,84 ม. 7 ตำบลห้วยเหนือ อำเภอขุขันธ์ จังหวัดศรีสะเกษ 33140 ,14.724824,104.19699,ห้วยเหนือ,ขุขันธ์,ศรีสะเกษ
17,โลตัส หลังสวน,5529-th,Lotus Extra,Hypermarket,92 ม. 4 ตำบลท่ามะพลา อำเภอหลังสวน จังหวัดชุมพร 86110 ,9.936629,99.062972,ท่ามะพลา,หลังสวน,ชุมพร
18,โลตัส ธาตุพนม,5528-th,Lotus Extra,Hypermarket,212 ม.4 ตำบลธาตุพนมเหนือ อำเภอธาตุพนม จังหวัดนครพนม 48110 ,16.957539,104.72677,ธาตุพนมเหนือ,ธาตุพนม,นครพนม
19,โลตัส กำแพงแสน,5527-th,Lotus Extra,Hypermarket,9/2 ม. 7 ตำบลทุ่งกระพังโหม อำเภอกำแพงแสน จังหวัดนครปฐม 73140 ,13.991818,99.997069,ทุ่งกระพังโหม,กำแพงแสน,นครปฐม
20,โลตัส เชียงคำ,5526-th,Lotus Extra,Hypermarket,369 ม.5 ถ.พิศาล ตำบลหย่วน อำเภอเชียงคำ จังหวัดพะเยา 56110 ,19.530601,100.302573,หย่วน,เชียงคำ,พะเยา
21,โลตัส พนมสารคาม,5525-th,Lotus Extra,Hypermarket,1166/2 ม.1 ถ.ทางหลวงหมายเลข304 ตำบลพนมสารคาม อำเภอพนมสารคาม จังหวัดฉะเชิงเทรา 24120 ,13.744268,101.356999,พนมสารคาม,พนมสารคาม,ฉะเชิงเทรา
22,โลตัส สามชุก,5524-th,Lotus Extra,Hypermarket,820 ม. 2 ตำบลสามชุก อำเภอสามชุก จังหวัดสุพรรณบุรี 72130 ,14.752278,100.099128,สามชุก,สามชุก,สุพรรณบุรี
23,โลตัส กันทรลักษ์,5523-th,Lotus Extra,Hypermarket,229 ม. 3 ตำบลหนองหญ้าลาด อำเภอกันทรลักษ์ จังหวัดศรีสะเกษ 33110 ,14.647632,104.634885,หนองหญ้าลาด,กันทรลักษ์,ศรีสะเกษ
24,โลตัส ศรีมหาโพธิ์,5522-th,Lotus Extra,Hypermarket,228 ม.10 ถ.ทางหลวงหมายเลข304 ตำบลท่าตูม อำเภอศรีมหาโพธิ์ จังหวัดปราจีนบุรี 25140 ,13.895789,101.579953,ท่าตูม,ศรีมหาโพธิ์,ปราจีนบุรี
25,โลตัส แม่จัน,5521-th,Lotus Extra,Hypermarket,245 ม. 4 ตำบลแม่จัน อำเภอแม่จัน จังหวัดเชียงราย 57110 ,20.144391,99.858529,แม่จัน,แม่จัน,เชียงราย
26,โลตัส เดชอุดม,5520-th,Lotus Extra,Hypermarket,429 ม. 6 ถ.สถลมาร์ค ตำบลเมืองเดช อำเภอเดชอุดม จังหวัดอุบลราชธานี 34160 ,14.910491,105.06678,เมืองเดช,เดชอุดม,อุบลราชธานี
27,โลตัส ท่าบ่อ,5519-th,Lotus Extra,Hypermarket,899 ม.10 ตำบลท่าบ่อ อำเภอท่าบ่อ จังหวัดหนองคาย 43110 ,17.852401,102.575597,ท่าบ่อ,ท่าบ่อ,หนองคาย
28,โลตัส ท่าศาลา,5518-th,Lotus Extra,Hypermarket,158/80 ม.3 ตำบลท่าศาลา อำเภอท่าศาลา จังหวัดนครศรีธรรมราช 80160 ,8.662145,99.924632,ท่าศาลา,ท่าศาลา,นครศรีธรรมราช
29,โลตัส สว่างแดนดิน,5517-th,Lotus Extra,Hypermarket,402 ม. 3 ตำบลสว่างแดนดิน อำเภอสว่างแดนดิน จังหวัดสกลนคร 47110 ,17.4700399,103.4396357,สว่างแดนดิน,สว่างแดนดิน,สกลนคร
30,โลตัส สัตหีบ,5516-th,Lotus Extra,Hypermarket,179 ม.2 ถ.สุขุมวิท ตำบลสัตหีบ อำเภอสัตหีบ ชลบุรี 20180 ,12.6719583,100.8985911,สัตหีบ,สัตหีบ,ชลบุรี
31,โลตัส พะเยา,5514-th,Lotus Extra,Hypermarket,669 ม. 3 ตำบลท่าวังทอง อำเภอเมือง จังหวัดพะเยา 56000 ,19.1831274,99.8974063,ท่าวังทอง,เมือง,พะเยา
32,โลตัส แม่สาย,5513-th,Lotus Extra,Hypermarket,156 ม. 5 ตำบลเวียงพางคำ อำเภอแม่สาย จังหวัดเชียงราย 57130 ,20.4072969,99.8832254,เวียงพางคำ,แม่สาย,เชียงราย
33,โลตัส พิจิตร,5512-th,Lotus Extra,Hypermarket,39/119 ถ.สระหลวง ตำบลในเมือง อำเภอเมืองพิจิตร จังหวัดพิจิตร 66000 ,16.4396253,100.3411534,ในเมือง,เมืองพิจิตร,พิจิตร
34,โลตัส สกลนคร,5511-th,Lotus Extra,Hypermarket,243 ถ.ใสสว่าง ตำบลธาตุเชิงชุม อำเภอเมืองสกลนคร จังหวัดสกลนคร 47000 ,17.1682559,104.1390895,ธาตุเชิงชุม,เมืองสกลนคร,สกลนคร
35,โลตัส สมุทรสงคราม,5510-th,Lotus Extra,Hypermarket,99 ม.2 ตำบลบางแก้ว อำเภอเมือง จังหวัดสมุทรสงคราม 75000 ,13.4019544,100.005978,บางแก้ว,เมือง,สมุทรสงคราม
36,โลตัส นครพนม,5509-th,Lotus Extra,Hypermarket,335/2 ถ.นิตโย ตำบลในเมือง อำเภอเมือง จังหวัดนครพนม 48000 ,17.3947283,104.7796734,ในเมือง,เมือง,นครพนม
37,โลตัส สุรินทร์,5508-th,Lotus Extra,Hypermarket,19 ถ.หลักเมือง อำเภอในเมือง อำเภอเมืองสุรินทร์ จังหวัดสุรินทร์ 32000 ,14.868945,103.5099958,ในเมือง,เมืองสุรินทร์,สุรินทร์
38,โลตัส น่าน,5507-th,Lotus Extra,Hypermarket,320 ม. 4 ตำบลดู่ใต้ อำเภอเมืองน่าน จังหวัดน่าน 55000 ,18.7648613,100.7613461,ดู่ใต้,เมืองน่าน,น่าน
39,โลตัส มุกดาหาร,5506-th,Lotus Extra,Hypermarket,35 ถ.ชยางกูร ตำบลมุกดาหาร อำเภอเมือง จังหวัดมุกดาหาร 49000 ,16.5489809,104.7162395,มุกดาหาร,เมือง,มุกดาหาร
40,โลตัส ชัยนาท,5505-th,Lotus Extra,Hypermarket,364/25 ถ.ทางหลวงหมายเลข340 ตำบลบ้านกล้วย อำเภอเมือง จังหวัดชัยนาท 17000 ,15.1826547,100.1333793,บ้านกล้วย,เมือง,ชัยนาท
41,โลตัส ลำปาง,5504-th,Lotus Extra,Hypermarket,222 ถ.ไฮเวย์ ลำปาง-งาว ตำบลพระบาท อำเภอเมืองลำปาง จังหวัดลำปาง 52000 ,18.2799437,99.4932242,พระบาท,เมืองลำปาง,ลำปาง
42,โลตัส แพร่,5503-th,Lotus Extra,Hypermarket,55/4 ม. 1 ตำบลทุ่งกวาว อำเภอเมือง จังหวัดแพร่ 54000 ,18.1538329,100.1565288,ทุ่งกวาว,เมือง,แพร่
43,โลตัส อุตรดิตถ์,5502-th,Lotus Extra,Hypermarket,2 ถ.ศรีชาววัง ตำบลท่าอิฐ อำเภอเมือง จังหวัดอุตรดิตถ์ 53000 ,17.6073763,100.0820383,ท่าอิฐ,เมือง,อุตรดิตถ์
44,โลตัส ร้อยเอ็ด,5501-th,Lotus Extra,Hypermarket,68 ถ.เทวาภิบาล ตำบลในเมือง อำเภอเมือง จังหวัดร้อยเอ็ด 45000 ,16.0545089,103.6382255,ในเมือง,เมือง,ร้อยเอ็ด
45,โลตัส ชะอำ-เพชรบุรี,5181-th,Lotus Extra,Hypermarket,10 ถ.ศรีสกุลไทย ตำบลชะอำ อำเภอชะอำ จังหวัดเพชรบุรี 76120 ,12.798944,99.972282,ชะอำ,ชะอำ,เพชรบุรี
46,โลตัส บางบ่อ,5180-th,Lotus Extra,Hypermarket,328 หมู่ที่ 1 ตำบลบางบ่อ อำเภอบางบ่อ จังหวัดสมุทรปราการ 10560 ,13.582069,100.836,บางบ่อ,บางบ่อ,สมุทรปราการ
47,โลตัส เดอะมาร์เก็ต กรุงเทพ,5179-th,Lotus Extra,Hypermarket,111 ถ.ราชดำริ แขวงลุมพินี เขตปทุมวัน กรุงเทพ 10330 ,13.74779,100.53904,ลุมพินี,ปทุมวัน,กรุงเทพ
48,โลตัส แก่งคอย,5178-th,Lotus Extra,Hypermarket,177 หมู่ 1 ตำบลตาลเดี่ยว อำเภอแก่งคอย จังหวัดสระบุรี 18110 ,14.585003,100.974616,ตาลเดี่ยว,แก่งคอย,สระบุรี
49,โลตัส ลาดกระบัง,5177-th,Lotus Extra,Hypermarket,362 ถนนหลวงแพ่ง แขวงทับยาว เขตลาดกระบัง กทม. 10520 ,13.720763999999999,100.792597,ทับยาว,ลาดกระบัง,กทม.
50,โลตัส สมุทรปราการ,5176-th,Lotus Extra,Hypermarket,156/6 ถนนสายลวด ตำบลปากน้ำ อำเภอเมืองสมุทรปราการ จังหวัดสมุทรปราการ 10280 ,13.587445,100.59805,ปากน้ำ,เมืองสมุทรปราการ,สมุทรปราการ
51,โลตัส บางกระดี่,5175-th,Lotus Extra,Hypermarket,204 ม.5 ตำบลบางกะดี อำเภอเมืองปทุมธานี จังหวัดปทุมธานี 12000 ,13.97939,100.5511,บางกะดี,เมืองปทุมธานี,ปทุมธานี
52,โลตัส องครักษ์,5174-th,Lotus Extra,Hypermarket,450 ม.2 ตำบลองครักษ์ อำเภอองครักษ์ จังหวัดนครนายก 26120 ,14.11979,101.000159,องครักษ์,องครักษ์,นครนายก
53,โลตัส ศรีเทพ,5173-th,Lotus Extra,Hypermarket,701 ม.5 ตำบลสระกรวด อำเภอศรีเทพ จังหวัดเพชรบูรณ์ 67170 ,15.439758,101.069958,สระกรวด,ศรีเทพ,เพชรบูรณ์
54,โลตัส วาปีปทุม,5172-th,Lotus Extra,Hypermarket,477 ม.2 ตำบลหนองแสง อำเภอวาปีปทุม จังหวัดมหาสารคาม 44120 ,15.841271,103.372705,หนองแสง,วาปีปทุม,มหาสารคาม
55,โลตัส อ่างทอง,5171-th,Lotus Extra,Hypermarket,73 ถ.เลี่ยงเมือง ตำบลโพสะ อำเภอเมืองอ่างทอง จังหวัดอ่างทอง 14000 ,14.580418,100.460229,โพสะ,เมืองอ่างทอง,อ่างทอง
56,โลตัส จอมทอง,5170-th,Lotus Extra,Hypermarket,100 ม.11 ตำบลข่วงเปา อำเภอจอมทอง จังหวัดเชียงใหม่ 50160 ,18.429622,98.681401,ข่วงเปา,จอมทอง,เชียงใหม่
57,โลตัส บ้านสวน,5169-th,Lotus Extra,Hypermarket,57/37 ม.6 ตำบลบ้านสวน อำเภอเมืองชลบุรี จังหวัดชลบุรี 20000 ,13.352901,101.00214,บ้านสวน,เมืองชลบุรี,ชลบุรี
58,โลตัส บรบือ,5168-th,Lotus Extra,Hypermarket,153/3 ม.1 ตำบลบรบือ อำเภอบรบือ จังหวัดมหาสารคาม 44130 ,16.045012,103.12054,บรบือ,บรบือ,มหาสารคาม
59,โลตัส มาบตาพุด,5167-th,Lotus Extra,Hypermarket,158/18 ถ.สุขุมวิท ตำบลมาบตาพุด อำเภอเมือง จังหวัดระยอง 21000 ,12.71634,101.164907,มาบตาพุด,เมือง,ระยอง
60,โลตัส สนามบินอู่ตะเภา,5166-th,Lotus Extra,Hypermarket,26/62 ม. 1 ตำบลพลูตาหลวง อำเภอสัตหีบ จังหวัดชลบุรี 20180 ,12.692477,100.976105,พลูตาหลวง,สัตหีบ,ชลบุรี
61,โลตัส โนนไทย,5165-th,Lotus Extra,Hypermarket,933 ม.1 ตำบลโนนไทย อำเภอโนนไทย จังหวัดนครราชสีมา 30220 ,15.195128,102.06912,โนนไทย,โนนไทย,นครราชสีมา
62,โลตัส ประทาย,5164-th,Lotus Extra,Hypermarket,559 ม.14 ตำบลประทาย อำเภอประทาย จังหวัดนครราชสีมา 30180 ,15.536238,102.722782,ประทาย,ประทาย,นครราชสีมา
63,โลตัส พิบูลมังสาหาร,5163-th,Lotus Extra,Hypermarket,29 ถ.สถิตย์นิมานการ ตำบลพิบูล อำเภอพิบูลมังสาหาร จังหวัดอุบลราชธานี 34110 ,15.237716,105.238568,พิบูล,พิบูลมังสาหาร,อุบลราชธานี
64,โลตัส บางกรวย-ไทรน้อย,5162-th,Lotus Extra,Hypermarket,888 ม.2 ตำบลบางบัวทอง อำเภอบางบัวทอง จังหวัดนนทบุรี 11110 ,13.924126,100.411148,บางบัวทอง,บางบัวทอง,นนทบุรี
65,โลตัส พนัสนิคม,5161-th,Lotus Extra,Hypermarket,140 ม. 1 ตำบลกุฎโง้ง อำเภอพนัสนิคม จังหวัดชลบุรี 20140 ,13.446633,101.169578,กุฎโง้ง,พนัสนิคม,ชลบุรี
66,โลตัส สมเด็จ,5160-th,Lotus Extra,Hypermarket,500 ม.5 ตำบลสมเด็จ อำเภอสมเด็จ จังหวัดกาฬสินธุ์ 46150 ,16.69022,103.74119,สมเด็จ,สมเด็จ,กาฬสินธุ์
67,โลตัส อู่ทอง,5159-th,Lotus Extra,Hypermarket,931 ม.1 ตำบลอู่ทอง อำเภออู่ทอง จังหวัดสุพรรณบุรี 72160 ,14.363059,99.884138,อู่ทอง,อู่ทอง,สุพรรณบุรี
68,โลตัส โพนทอง,5158-th,Lotus Extra,Hypermarket,240 ม. 12 ตำบลสระนกแก้ว อำเภอโพนทอง จังหวัดร้อยเอ็ด 45110 ,16.296377,103.970841,สระนกแก้ว,โพนทอง,ร้อยเอ็ด
69,โลตัส โกสุมพิสัย,5157-th,Lotus Extra,Hypermarket,408 ม. 12 ตำบลหัวขวาง อำเภอโกสุมพิสัย จังหวัดมหาสารคาม 44140 ,16.249369,103.060555,หัวขวาง,โกสุมพิสัย,มหาสารคาม
70,โลตัส ท่าหลวง,5156-th,Lotus Extra,Hypermarket,122 ม.8 ตำบลท่าหลวง อำเภอเมืองพิจิตร จังหวัดพิจิตร 66000 ,16.435285,100.358922,ท่าหลวง,เมืองพิจิตร,พิจิตร
71,โลตัส บ้านตาขุน,5155-th,Lotus Extra,Hypermarket,150 ม. 3 ตำบลเขาวง อำเภอบ้านตาขุน จังหวัดสุราษฎร์ธานี 84230 ,8.917798,98.891805,เขาวง,บ้านตาขุน,สุราษฎร์ธานี
72,โลตัส ด่านขุนทด,5154-th,Lotus Extra,Hypermarket,147 ม.2 ตำบลด่านขุนทด อำเภอด่านขุนทด จังหวัดนครราชสีมา 30210 ,15.215413999999999,101.768427,ด่านขุนทด,ด่านขุนทด,นครราชสีมา
73,โลตัส ปักธงชัย,5153-th,Lotus Extra,Hypermarket,255 ม. 10 ตำบลเมืองปัก อำเภอปักธงชัย จังหวัดนครราชสีมา 30150 ,14.720913,102.015069,เมืองปัก,ปักธงชัย,นครราชสีมา
74,โลตัส ลำปรายมาศ,5152-th,Lotus Extra,Hypermarket,244 ม.7 ตำบลลำปลายมาศ อำเภอลำปลายมาศ จังหวัดบุรีรัมย์ 31130 ,15.013915,102.835226,ลำปลายมาศ,ลำปลายมาศ,บุรีรัมย์
75,โลตัส ประโคนชัย,5151-th,Lotus Extra,Hypermarket,420 ม.8 ถ.โชคชัย-เดชอุดม ตำบลประโคนชัย อำเภอประโคนชัย จังหวัดบุรีรัมย์ 31140 ,14.610255,103.074644,ประโคนชัย,ประโคนชัย,บุรีรัมย์
76,โลตัส ยโสธร ,5150-th,Lotus Extra,Hypermarket,437 ม. 10 ตำบลสำราญ อำเภอเมือง จังหวัดยโสธร 35000 ,15.813309,104.132956,สำราญ,เมือง,ยโสธร
77,โลตัส กุฉินารายณ์,5149-th,Lotus Extra,Hypermarket,605 ม.13 ตำบลบัวขาว อำเภอกุฉินารายณ์ จังหวัดกาฬสินธุ์ 46110 ,16.542204,104.044094,บัวขาว,กุฉินารายณ์,กาฬสินธุ์
78,โลตัส หนองฉาง,5148-th,Lotus Extra,Hypermarket,40 ม. 5 ตำบลหนองฉาง อำเภอหนองฉาง จังหวัดอุทัยธานี 61110 ,15.38626,99.843158,หนองฉาง,หนองฉาง,อุทัยธานี
79,โลตัส นางรอง,5147-th,Lotus Extra,Hypermarket,904/7 ถ.โชคชัย - เดชอุดม ตำบลนางรอง อำเภอนางรอง จังหวัดบุรีรัมย์ 31110 ,14.637099,102.776313,นางรอง,นางรอง,บุรีรัมย์
80,โลตัส จอ หอ,5146-th,Lotus Extra,Hypermarket,982 ม.1 ตำบลบ้านเกาะ อำเภอเมืองนครราชสีมา จังหวัดนครราชสีมา 30000 ,15.019757,102.13714,บ้านเกาะ,เมืองนครราชสีมา,นครราชสีมา
81,โลตัส นิคมพัฒนา ระยอง,5145-th,Lotus Extra,Hypermarket,28 ม. 2 ตำบลนิคมพัฒนา อำเภอนิคมพัฒนา จังหวัดระยอง 21180 ,12.830414,101.201277,นิคมพัฒนา,นิคมพัฒนา,ระยอง
82,โลตัส พยัคฆภูมิพิสัย,5144-th,Lotus Extra,Hypermarket,954 ม. 14 ตำบลปะหลาน อำเภอพยัคฆภูมิพิสัย จังหวัดมหาสารคาม 44110 ,15.518108999999999,103.201587,ปะหลาน,พยัคฆภูมิพิสัย,มหาสารคาม
83,โลตัส สตึก,5143-th,Lotus Extra,Hypermarket,333 ม. 19 ตำบลนิคม อำเภอสตึก จังหวัดบุรีรัมย์ 31150 ,15.291327,103.294266,นิคม,สตึก,บุรีรัมย์
84,โลตัส พิมาย นครราชสีมา,5142-th,Lotus Extra,Hypermarket,85 ม.14 ตำบลในเมือง อำเภอพิมาย จังหวัดนครราชสีมา 30110 ,15.214978,102.486995,ในเมือง,พิมาย,นครราชสีมา
85,โลตัส โชคชัย นครราชสีมา,5141-th,Lotus Extra,Hypermarket,351 ม. 12 ตำบลโชคชัย อำเภอโชคชัย จังหวัดนครราชสีมา 30190 ,14.739518,102.15917,โชคชัย,โชคชัย,นครราชสีมา
86,โลตัส ตาคลี,5140-th,Lotus Extra,Hypermarket,239 ม.1 ตำบลตาคลี อำเภอตาคลี จังหวัดนครสวรรค์ 60140 ,15.269491,100.362266,ตาคลี,ตาคลี,นครสวรรค์
87,โลตัส แก้งคร้อ,5139-th,Lotus Extra,Hypermarket,319 ม.12 ตำบลหนองไผ่ อำเภอแก้งคร้อ จังหวัดชัยภูมิ 36150 ,16.10533,102.261488,หนองไผ่,แก้งคร้อ,ชัยภูมิ
88,โลตัส บึงสามพัน-เพชรบูรณ์,5138-th,Lotus Extra,Hypermarket,86/5 ม. 3 ตำบลซับสมอทอด อำเภอบึงสามพัน จังหวัดเพชรบูรณ์ 67160 ,15.793564,101.005029,ซับสมอทอด,บึงสามพัน,เพชรบูรณ์
89,โลตัส เชียงยืน,5137-th,Lotus Extra,Hypermarket,96 ม. 19 ตำบลเชียงยืน อำเภอเชียงยืน จังหวัดมหาสารคาม 44160 ,16.406927,103.101805,เชียงยืน,เชียงยืน,มหาสารคาม
90,โลตัส จัตุรัส ชัยภุมิ,5136-th,Lotus Extra,Hypermarket,25 ม.2 ตำบลบ้านกอก อำเภอจัตตุรัส จังหวัดชัยภูมิ 36130 ,15.561654,101.849001,บ้านกอก,จัตตุรัส,ชัยภูมิ
91,โลตัส ท่าตูม,5135-th,Lotus Extra,Hypermarket,631 ม. 7 ต. ท่าตูม อำเภอท่าตูม จังหวัดสุรินทร์ 32120 ,15.318724,103.671488,ท่าตูม,ท่าตูม,สุรินทร์
92,โลตัส ปราสาท,5134-th,Lotus Extra,Hypermarket,68 ม. 2 ตำบลกังแอน อำเภอปราสาท จังหวัดสุรินทร์ 32140 ,14.631285,103.407528,กังแอน,ปราสาท,สุรินทร์
93,โลตัส สิชล,5133-th,Lotus Extra,Hypermarket,200/25 ม. 1 ตำบลสิชล อำเภอสิชล จังหวัดนครศรีธรรมราช 80120 ,9.002096,99.885912,สิชล,สิชล,นครศรีธรรมราช
94,โลตัส จันดี,5132-th,Lotus Extra,Hypermarket,468 ม.3 ตำบลจันดี อำเภอฉวาง จังหวัดนครศรีธรรมราช 80250 ,8.38746,99.549076,จันดี,ฉวาง,นครศรีธรรมราช
95,โลตัส สังขะ-สุรินทร์,5131-th,Lotus Extra,Hypermarket,260 ม.1 ตำบลสังขะ อำเภอสังขะ จังหวัดสุรินทร์ 32150 ,14.632019,103.853499,สังขะ,สังขะ,สุรินทร์
96,โลตัส คลองหลวง,5130-th,Lotus Extra,Hypermarket,101 ม. 8 ตำบลคลองหนึ่ง อำเภอคลองหลวง จังหวัดปทุมธานี 12110 ,14.066741,100.629329,คลองหนึ่ง,คลองหลวง,ปทุมธานี
97,โลตัส บางเลน,5129-th,Lotus Extra,Hypermarket,188 ม. 6 ตำบลบางเลน อำเภอบางเลน จังหวัดนครปฐม 73130 ,14.015684,100.176239,บางเลน,บางเลน,นครปฐม
98,โลตัส จะนะ,5128-th,Lotus Extra,Hypermarket,157/4 ม.5 ตำบลบ้านนา อำเภอจะนะ จังหวัดสงขลา 90130 ,6.919401,100.755022,บ้านนา,จะนะ,สงขลา
99,โลตัส มหาชัย 2,5127-th,Lotus Extra,Hypermarket,99/8 ม.8 ตำบลท่าทราย อำเภอเมืองสมุทรสาคร จังหวัดสมุทรสาคร 74000 ,13.563247,100.27987,ท่าทราย,เมืองสมุทรสาคร,สมุทรสาคร
100,โลตัส แม่ขรี,5126-th,Lotus Extra,Hypermarket,235 ม.10 ตำบลโคกสัก อำเภอบางแก้ว จังหวัดพัทลุง 93140 ,7.362181,100.122677,โคกสัก,บางแก้ว,พัทลุง
101,โลตัส นครนายก,5125-th,Lotus Extra,Hypermarket,ข1 -150 ถ.บ้านใหญ่ ตำบลนครนายก อำเภอเมืองนครนายก จังหวัดนครนายก 26000 ,14.207607,101.217727,นครนายก,เมืองนครนายก,นครนายก
102,โลตัส เดอะ วอร์ค นครสวรรค์,5124-th,Lotus Extra,Hypermarket,914/17 ม.10 ตำบลนครสวรรค์ตก อำเภอเมืองนครสวรรค์ จังหวัดนครสวรรค์ 60000 ,15.701881,100.122403,นครสวรรค์ตก,เมืองนครสวรรค์,นครสวรรค์
103,โลตัส โรจนะ,5123-th,Lotus Extra,Hypermarket,101 ม. 3 ตำบลสามเรือน อำเภอบางปะอิน จังหวัดพระนครศรีอยุธยา 13160 ,14.310982,100.645948,สามเรือน,บางปะอิน,พระนครศรีอยุธยา
104,โลตัส หล่มสัก,5122-th,Lotus Extra,Hypermarket,171 ถ.คชเสนีย์ ตำบลหล่มสัก อำเภอหล่มสัก จังหวัดเพชรบูรณ์ 67120 ,16.78781,101.239478,หล่มสัก,หล่มสัก,เพชรบูรณ์
105,โลตัส ฉลอง,5121-th,Lotus Extra,Hypermarket,21/10 ม. 7 ตำบลฉลอง อำเภอเมืองภูเก็ต จังหวัดภูเก็ต 83130 ,7.839903,98.333668,ฉลอง,เมืองภูเก็ต,ภูเก็ต
106,โลตัส สงขลา,5120-th,Lotus Extra,Hypermarket,64 ม. 2ตำบลเขารูปช้าง อำเภอเมือง จังหวัดสงขลา 90000 ,7.152827,100.601644,2เขารูปช้าง,เมือง,สงขลา
107,โลตัส บัวใหญ่ ,5119-th,Lotus Extra,Hypermarket,296/1 ถ.นิเวศรัตน์ ตำบลบัวใหญ่ อำเภอบัวใหญ่ จังหวัดนครราชสีมา 30120 ,15.596245,102.419311,บัวใหญ่,บัวใหญ่,นครราชสีมา
108,โลตัส เวียงสระ,5118-th,Lotus Extra,Hypermarket,222 ม. 1 ตำบลเวียงสระ อำเภอเวียงสระ จังหวัดสุราษฎร์ธานี 84000 ,8.639298,99.352012,เวียงสระ,เวียงสระ,สุราษฎร์ธานี
109,โลตัส แกลง ,5117-th,Lotus Extra,Hypermarket,78/2 ถ.สุขุมวิท ตำบลทางเกวียน อำเภอแกลง จังหวัดระยอง 21110 ,12.786596,101.659004,ทางเกวียน,แกลง,ระยอง
110,โลตัส เชียงใหม่-รวมโชค,5116-th,Lotus Extra,Hypermarket,6 ม. 6 ตำบลฟ้าฮ่าม อำเภอเมือง จังหวัดเชียงใหม่ 50000 ,18.824176,99.013765,ฟ้าฮ่าม,เมือง,เชียงใหม่
111,โลตัส เชียงของ,5115-th,Lotus Extra,Hypermarket,252 ม. 10 ตำบลเวียง อำเภอเชียงของ จังหวัดเชียงราย 57140 ,20.243869,100.409783,เวียง,เชียงของ,เชียงราย
112,โลตัส บางปะกง,5114-th,Lotus Extra,Hypermarket,99 ม. 2 ตำบลบางวัว อำเภอบางปะกง จังหวัดฉะเชิงเทรา 24130 ,13.550598,100.960249,บางวัว,บางปะกง,ฉะเชิงเทรา
113,โลตัส นครสวรรค์,5113-th,Lotus Extra,Hypermarket,124/12 ม.10 ตำบลวัดไทร อำเภอเมือง จังหวัดนครสวรรค์ 60000 ,15.707913,100.094699,วัดไทร,เมือง,นครสวรรค์
114,โลตัส พัฒนาการ,5112-th,Lotus Extra,Hypermarket,2279 ถ.พัฒนาการ เขตสวนหลวง แขวงสวนหลวง จังหวัดกรุงเทพมหานคร 10250 ,13.737569,100.636111,สวนหลวง,สวนหลวง,กรุงเทพมหานคร
115,โลตัส แม่สอด ตาก,5111-th,Lotus Extra,Hypermarket,17 ถ.สายเอเซีย ตำบลแม่สอด อำเภอแม่สอด จังหวัดตาก 63110 ,16.71197,98.551875,แม่สอด,แม่สอด,ตาก
116,โลตัส พิษณุโลก 2 ท่าทอง,5110-th,Lotus Extra,Hypermarket,444 ม. 6 ตำบลท่าทอง อำเภอเมือง จังหวัดพิษณูโลก 65000 ,16.799194,100.216445,ท่าทอง,เมือง,พิษณูโลก
117,โลตัส หนองบัวลำภู,5109-th,Lotus Extra,Hypermarket,36 ม.2 ตำบลลำภู อำเภอเมืองหนองบัวลำภู จังหวัดหนองบัวลำภู 39000 ,17.214806,102.431416,ลำภู,เมืองหนองบัวลำภู,หนองบัวลำภู
118,โลตัส เสริมไทย,5108-th,Lotus Extra,Hypermarket,76/2 ถ.นครสวรรค์ ตำบลตลาด อำเภอเมือง จังหวัดมหาสารคาม 44000 ,16.20124,103.277028,ตลาด,เมือง,มหาสารคาม
119,โลตัส กุมภวาปี,5107-th,Lotus Extra,Hypermarket,188 ม. 1 ถ.ชวลิต ตำบลกุมภวาปี อำเภอกุมภวาปี จังหวัดอุดรธานี 41110 ,17.111171,103.005941,กุมภวาปี,กุมภวาปี,อุดรธานี
120,โลตัส สะเดา,5106-th,Lotus Extra,Hypermarket,45/8 ถ.กาญจนวณิชย์ ตำบลสะเดา อำเภอสะเดา จังหวัดสงขลา 90120 ,6.645139,100.428296,สะเดา,สะเดา,สงขลา
121,โลตัส หนองเรือ,5105-th,Lotus Extra,Hypermarket,224 ม. 1 ตำบลหนองเรือ อำเภอหนองเรือ จังหวัดขอนแก่น 40210 ,16.490151,102.436141,หนองเรือ,หนองเรือ,ขอนแก่น
122,โลตัส นครอินทร์,5104-th,Lotus Extra,Hypermarket,444 ม.4 ตำบลบางสีทอง อำเภอบางกรวย จังหวัดนนทบุรี 11130 ,13.82357,100.481091,บางสีทอง,บางกรวย,นนทบุรี
123,โลตัส วารินชำราบ,5103-th,Lotus Extra,Hypermarket,55 ม. 20 ตำบลแสนสุข อำเภอวารินชำราบ จังหวัดอุบลราชธานี 34109 ,15.181418,104.856253,แสนสุข,วารินชำราบ,อุบลราชธานี
124,โลตัส บ้านบึง,5102-th,Lotus Extra,Hypermarket,64 ถ.บ้านบึง-บ้านค่าย ตำบลบ้านบึง อำเภอบ้านบึง จังหวัดชลบุรี 20170 ,13.30551,101.121293,บ้านบึง,บ้านบึง,ชลบุรี
125,โลตัส ไชยา,5101-th,Lotus Extra,Hypermarket,97 ม.2 ตำบลเวียง อำเภอไชยา จังหวัดสุราษฏ์ธานี 84110 ,9.383012,99.171942,เวียง,ไชยา,สุราษฏ์ธานี
126,โลตัส ปราจีนบุรี,5100-th,Lotus Extra,Hypermarket,15/1 ม.4 ตำบลบางบริบูรณ์ อำเภอเมืองปราจีนบุรี จังหวัดปราจีนบุรี 25000 ,14.058772,101.391547,บางบริบูรณ์,เมืองปราจีนบุรี,ปราจีนบุรี
127,โลตัส ท่ายาง ทาวน์,5099-th,Lotus Extra,Hypermarket,777 ม.1 ตำบลท่ายาง อำเภอท่ายาง จังหวัดเพชรบุรี 76130 ,12.9827468,99.9007714,ท่ายาง,ท่ายาง,เพชรบุรี
128,โลตัส ขอนแก่น 2,5098-th,Lotus Extra,Hypermarket,709 ม.3 ตำบลศิลา อำเภอเมืองขอนแก่น จังหวัดขอนแก่น 40000 ,16.4919287,102.8308896,ศิลา,เมืองขอนแก่น,ขอนแก่น
129,โลตัส โคราช 2,5097-th,Lotus Extra,Hypermarket,223 ม. 1 ถ.ราชสีมา-โชคชัย ตำบลหนองบัวศาลา อำเภอเมือง จังหวัดนครราชสีมา 30000 ,14.9491933,102.1275943,หนองบัวศาลา,เมือง,นครราชสีมา
130,โลตัส ตาก,5096-th,Lotus Extra,Hypermarket,18 ถ.พหลโยธิน ตำบลระแหง อำเภอเมืองตาก จังหวัดตาก 63000 ,16.8657874,99.1350785,ระแหง,เมืองตาก,ตาก
131,โลตัส ถลาง,5095-th,Lotus Extra,Hypermarket,303 ม. 1 ตำบลเทพกระษัตรี อำเภอถลาง จังหวัดภูเก็ต 83110 ,8.0215333,98.3381486,เทพกระษัตรี,ถลาง,ภูเก็ต
132,โลตัส หาดใหญ่ 2,5094-th,Lotus Extra,Hypermarket,1318 ถ.เพชรเกษม ตำบลหาดใหญ่ อำเภอหาดใหญ่ จังหวัดสงขลา 90110 ,7.0007813,100.4434611,หาดใหญ่,หาดใหญ่,สงขลา
133,โลตัส ตราด,5093-th,Lotus Extra,Hypermarket,1134 ม.1 ตำบลวังกระแจะ อำเภอเมืองตราด จังหวัดตราด 23000 ,12.2547804,102.5105494,วังกระแจะ,เมืองตราด,ตราด
134,โลตัส กาฬสินธุ์,5092-th,Lotus Extra,Hypermarket,99/11 ถ.บายพาสสงเปลือย ตำบลกาฬสินธุ์ อำเภอเมืองกาฬสินธุ์ จังหวัดกาฬสินธุ์ 46000 ,16.4217253,103.5061586,กาฬสินธุ์,เมืองกาฬสินธุ์,กาฬสินธุ์
135,โลตัส ชุมแพ,5091-th,Lotus Extra,Hypermarket,888 ม. 4 ตำบลชุมแพ อำเภอชุมแพ จังหวัดขอนแก่น 40130 ,16.5247139,102.1106542,ชุมแพ,ชุมแพ,ขอนแก่น
136,โลตัส บ่อวิน,5090-th,Lotus Extra,Hypermarket,114/46 ม. 3 ตำบลบ่อวิน อำเภอศรีราชา จังหวัดชลบุรี 20230 ,13.0345289,101.0899315,บ่อวิน,ศรีราชา,ชลบุรี
137,โลตัส เลย 2,5089-th,Lotus Extra,Hypermarket,99 ม. 8 ตำบลนาอาน อำเภอเมืองเลย จังหวัดเลย 42000 ,17.4366953,101.7241532,นาอาน,เมืองเลย,เลย
138,โลตัส ชุมพร,5088-th,Lotus Extra,Hypermarket,176 ม. 3 ตำบลวังไผ่ อำเภอเมืองชุมพร จังหวัดชุมพร 86000 ,10.50365,99.1388075,วังไผ่,เมืองชุมพร,ชุมพร
139,โลตัส สุขาภิบาล 3,5087-th,Lotus Extra,Hypermarket,"101,101/1 ถ.รามคำแหง แขวงมีนบุรี เขตมีนบุรี กทม. 10510 ",13.807364,100.7250354,มีนบุรี,มีนบุรี,กทม.
140,โลตัส อรัญประเทศ,5086-th,Lotus Extra,Hypermarket,559 ม. 1 ตำบลบ้านใหม่หนองไทร อำเภออรัญประเทศ จังหวัดสระแก้ว 27210 ,13.7108545,102.4824107,บ้านใหม่หนองไทร,อรัญประเทศ,สระแก้ว
141,โลตัส สตูล,5085-th,Lotus Extra,Hypermarket,219 ม. 2 ตำบลย่านซื่อ อำเภอควนโดน จังหวัดสตูล 91160 ,6.7524052,100.0664746,ย่านซื่อ,ควนโดน,สตูล
142,โลตัส อุดรธานี 2,5084-th,Lotus Extra,Hypermarket,118 ม.2 ตำบลนาดี อำเภอเมือง จังหวัดอุดรธานี 41000 ,17.3824981,102.7458693,นาดี,เมือง,อุดรธานี
143,โลตัส อมตะ,5083-th,Lotus Extra,Hypermarket,700/75 ม. 5 ตำบลคลองตำหรุ อำเภอเมืองชลบุรี จังหวัดชลบุรี 20000 ,13.4255457,101.0045909,คลองตำหรุ,เมืองชลบุรี,ชลบุรี
144,โลตัส ละไม,5082-th,Lotus Extra,Hypermarket,131/12 ม.4 ต. มะเร็ต อำเภอเกาะสมุย จังหวัดสุราษฎร์ธานี 84310 ,9.4712949,100.0449573,มะเร็ต,เกาะสมุย,สุราษฎร์ธานี
145,โลตัส ลำลูกกา คลอง 2,5081-th,Lotus Extra,Hypermarket,20/68 ม. 18 ซ.ลำลูกกา19 ถ.ลำลูกกา ตำบลคูคต อำเภอลำลูกกา จังหวัดปทุมธานี 12130 ,13.946708,100.6450747,คูคต,ลำลูกกา,ปทุมธานี
146,โลตัส แหลมฉบัง,5080-th,Lotus Extra,Hypermarket,4/309 ม. 10 ตำบลทุ่งสุขลา อำเภอศรีราชา จังหวัดชลบุรี 20230 ,13.0797121,100.9218669,ทุ่งสุขลา,ศรีราชา,ชลบุรี
147,โลตัส พัทลุง,5079-th,Lotus Extra,Hypermarket,155 ม. 2 ตำบลเขาเจียก อำเภอเมือง จังหวัดพัทลุง 93000 ,7.6254102,100.0458491,เขาเจียก,เมือง,พัทลุง
148,โลตัส ปราณบุรี,5078-th,Lotus Extra,Hypermarket,706 ม. 6 ต. เขาน้อย อำเภอปราณบุรี จังหวัดประจวบคีรีขันธ์ 77120 ,12.3915775,99.9189129,เขาน้อย,ปราณบุรี,ประจวบคีรีขันธ์
149,โลตัส บ้านโป่ง,5077-th,Lotus Extra,Hypermarket,110 ม. 5 ตำบลหนองอ้อ อำเภอบ้านโป่ง จังหวัดราชบุรี 70110 ,13.7933223,99.9179081,หนองอ้อ,บ้านโป่ง,ราชบุรี
150,โลตัส ทุ่งสง,5076-th,Lotus Extra,Hypermarket,144 ม. 2 ตำบลหนองหงส์ อำเภอทุ่งสง จังหวัดนครศรีธรรมราช 80110 ,8.1670088,99.6486545,หนองหงส์,ทุ่งสง,นครศรีธรรมราช
151,โลตัส ศรีษะเกษ,5075-th,Lotus Extra,Hypermarket,95 ม. 6 ต. โพธิ์ อำเภอเมือง จังหวัดศรีสะเกษ 33000 ,15.1058357,104.3690108,โพธิ์,เมือง,ศรีสะเกษ
152,โลตัส ระนอง,5074-th,Lotus Extra,Hypermarket,25/12 ม. 1 ต. บางริ้น อำเภอเมืองระนอง จังหวัดระนอง 85000 ,9.9361165,98.6311531,บางริ้น,เมืองระนอง,ระนอง
153,โลตัส สิงห์บุรี,5073-th,Lotus Extra,Hypermarket,189 ตำบลบางงา อำเภอท่าวุ้ง จังหวัดลพบุรี 15150 ,14.8817549,100.4302649,บางงา,ท่าวุ้ง,ลพบุรี
154,โลตัส เพชรบูรณ์,5072-th,Lotus Extra,Hypermarket,929 ม. 2 ตำบลสะเดียง อำเภอเมือง จังหวัดเพชรบูรณ์ 67000 ,16.3973341,101.1379568,สะเดียง,เมือง,เพชรบูรณ์
155,โลตัส เสนา,5071-th,Lotus Extra,Hypermarket,49 ม.1 ตำบลบางนมโค อำเภอเสนา จังหวัดพระนครศรีอยุธยา 13110 ,14.3251213,100.4301372,บางนมโค,เสนา,พระนครศรีอยุธยา
156,โลตัส บ้านฉาง,5070-th,Lotus Extra,Hypermarket,66 ม.3 ตำบลพลา อำเภอบ้านฉาง จังหวัดระยอง 21130 ,12.720324699999999,101.0476055,พลา,บ้านฉาง,ระยอง
157,โลตัส ศาลายา,5069-th,Lotus Extra,Hypermarket,99/14 ม.1 ตำบลบางเตย อำเภอสามพราน จังหวัดนครปฐม 73210 ,13.7852708,100.2982801,บางเตย,สามพราน,นครปฐม
158,โลตัส ปิ่นเกล้า,5068-th,Lotus Extra,Hypermarket,3 ถ.บรมราชชนนี แขวงอรุณอมรินทร์ เขตบางกอกน้อย กทม. 10700 ,13.7764389,100.478082,อรุณอมรินทร์,บางกอกน้อย,กทม.
159,โลตัส บางปะอิน,5067-th,Lotus Extra,Hypermarket,88 ม.9 ตำบลเชียงรากน้อย อำเภอบางปะอิน จังหวัดพระนครศรีอยุธยา 13180 ,14.1886774,100.6088826,เชียงรากน้อย,บางปะอิน,พระนครศรีอยุธยา
160,โลตัส ปากช่อง,5066-th,Lotus Extra,Hypermarket,289 ม.18 ถ.มิตรภาพ ตำบลปากช่อง อำเภอปากช่อง จังหวัดนครราชสีมา 30130 ,14.662011,101.3932179,ปากช่อง,ปากช่อง,นครราชสีมา
161,โลตัส บางปู,5065-th,Lotus Extra,Hypermarket,2502 ม.3 ตำบลบางปูใหม่ อำเภอเมืองสมุทรปราการ จังหวัดสมุทรปราการ 10280 ,13.5212526,100.6688452,บางปูใหม่,เมืองสมุทรปราการ,สมุทรปราการ
162,โลตัส กระบี่,5064-th,Lotus Extra,Hypermarket,191 ม. 12 ตำบลกระบี่น้อย อำเภอเมือง จังหวัดกระบี่ 81000 ,8.1092015,98.9389199,กระบี่น้อย,เมือง,กระบี่
163,โลตัส นครชัยศรี,5063-th,Lotus Extra,Hypermarket,68/2 ม.2 ตำบลท่าตำหนัก อำเภอนครชัยศรี จังหวัดนครปฐม 73110 ,13.7928675,100.1717228,ท่าตำหนัก,นครชัยศรี,นครปฐม
164,โลตัส ฝาง,5062-th,Lotus Extra,Hypermarket,577 ม.5 ตำบลเวียง อำเภอฝาง จังหวัดเชียงใหม่ 50110 ,19.9104611,99.2061993,เวียง,ฝาง,เชียงใหม่
165,โลตัส ซิตี้พาร์ค บางพลี,5061-th,Lotus Extra,Hypermarket,249 ม.1 ตำบลบางเสาธง อำเภอบางเสาธง จังหวัดสมุทรปราการ 10540 ,13.5874667,100.7873236,บางเสาธง,บางเสาธง,สมุทรปราการ
166,โลตัส นวนคร,5060-th,Lotus Extra,Hypermarket,93/103 ม.13 ถ.พหลโยธิน ตำบลคลองหนึ่ง อำเภอคลองหลวง จังหวัดปทุมธานี 12120 ,14.1205004,100.6169383,คลองหนึ่ง,คลองหลวง,ปทุมธานี
167,โลตัส สามพราน,5059-th,Lotus Extra,Hypermarket,20/10 ม.1 ตำบลท่าตลาด อำเภอสามพราน จังหวัดนครปฐม 73110 ,13.742876,100.2201138,ท่าตลาด,สามพราน,นครปฐม
168,โลตัส รังสิตคลอง 7,5058-th,Lotus Extra,Hypermarket,41/2 ม.2 ถ.รังสิต-นครนายก ตำบลลำผักกูด อำเภอธัญบุรี จังหวัดปทุมธานี 12110 ,14.0359674,100.7666317,ลำผักกูด,ธัญบุรี,ปทุมธานี
169,โลตัส ลพบุรี,5057-th,Lotus Extra,Hypermarket,111 ถ.พหลโยธิน ตำบลท่าศาลา อำเภอเมือง ลพบุรี 15000 ,14.7866195,100.6782302,ท่าศาลา,เมือง,ลพบุรี
170,โลตัส บ้านฟ้า ลำลูกกา,5056-th,Lotus Extra,Hypermarket,75 ม.5 ตำบลบึงคำพร้อย อำเภอลำลูกกา จังหวัดปทุมธานี 12150 ,13.9368351,100.7363479,บึงคำพร้อย,ลำลูกกา,ปทุมธานี
171,โลตัส หัวหิน,5055-th,Lotus Extra,Hypermarket,234/1 ถ.เพชรเกษม ตำบลหัวหิน อำเภอหัวหิน จังหวัดประจวบคีรีขันธ์ 77110 ,12.5575166,99.9582309,หัวหิน,หัวหิน,ประจวบคีรีขันธ์
172,โลตัส บางพลี,5054-th,Lotus Extra,Hypermarket,99/27 ม. 1 ตำบลราชเทวี อำเภอบางพลี จังหวัดสมุทรปราการ 10540 ,13.6315949,100.7102869,ราชเทวี,บางพลี,สมุทรปราการ
173,โลตัส ชัยภูมิ,5053-th,Lotus Extra,Hypermarket,171 ถ.สนามบิน ตำบลในเมือง อำเภอเมือง จังหวัดชัยภูมิ 36000 ,15.8120378,102.0241904,ในเมือง,เมือง,ชัยภูมิ
174,โลตัส ปทุมธานี,5052-th,Lotus Extra,Hypermarket,21/49 ถ.ปทุม-สามโคก ตำบลบางปรอก อำเภอเมือง ปทุมธานี 12000 ,14.020448,100.5263913,บางปรอก,เมือง,ปทุมธานี
175,โลตัส วังหิน,5051-th,Lotus Extra,Hypermarket,"555,557 แขวงลาดพร้าว เขตลาดพร้าว กทม. 10230 ",13.8238284,100.590257,ลาดพร้าว,ลาดพร้าว,กทม.
176,โลตัส รังสิต - นครนายก,5050-th,Lotus Extra,Hypermarket,90 ม.2 ถ.รังสิต-นครนายก ตำบลบึงยี่โถ อำเภอธัญบุรี จังหวัดปทุมธานี 12130 ,14.0015799,100.6811286,บึงยี่โถ,ธัญบุรี,ปทุมธานี
177,โลตัส พระราม 1,5049-th,Lotus Extra,Hypermarket,831 ถ.พระราม1 แขวงวังใหม่ เขตปทุมวัน กทม. 10330 ,13.7481656,100.5245574,วังใหม่,ปทุมวัน,กทม.
178,โลตัส จรัญสนิทวงศ์ 70,5048-th,Lotus Extra,Hypermarket,244 ซ.จรัญสนิทวงศ์ ถ.จรัญสนิทวงศ์ แขวงบางพลัด เขตบางพลัด กทม. 10700 ,13.7879875,100.5023232,บางพลัด,บางพลัด,กทม.
179,โลตัส ราชบุรี,5047-th,Lotus Extra,Hypermarket,8/4 ถ.คฑาธร ตำบลหน้าเมือง อำเภอเมือง จังหวัดราชบุรี 70000 ,13.5376498,99.8179535,หน้าเมือง,เมือง,ราชบุรี
180,โลตัส หนองคาย,5046-th,Lotus Extra,Hypermarket,304 ม.10 ถ.มิตรภาพ ตำบลโพธิ์ชัย อำเภอเมือง จังหวัดหนองคาย 43000 ,17.8720929,102.7419181,โพธิ์ชัย,เมือง,หนองคาย
181,โลตัส บางใหญ่,5045-th,Lotus Extra,Hypermarket,90 ม.5 ตำบลบางคูเวียง อำเภอบางกรวย จังหวัดนนทบุรี 11130 ,13.823724,100.409917,บางคูเวียง,บางกรวย,นนทบุรี
182,โลตัส จันทบุรี,5044-th,Lotus Extra,Hypermarket,25/4 ถ.พระยาตรัง ตำบลวัดใหม่ อำเภอเมือง จังหวัดจันทบุรี 22000 ,12.6157266,102.1017174,วัดใหม่,เมือง,จันทบุรี
183,โลตัส นครปฐม,5043-th,Lotus Extra,Hypermarket,1048 ถ.เพชรเกษม ตำบลสนามจันทร์ อำเภอเมืองนครปฐม จังหวัดนครปฐม 73000 ,13.8089923,100.0526277,สนามจันทร์,เมืองนครปฐม,นครปฐม
184,โลตัส กาญจนบุรี,5042-th,Lotus Extra,Hypermarket,355/3 ถ.แสงชูโต ตำบลปากแพรก อำเภอเมือง จังหวัดกาญจนบุรี 71000 ,14.004159,99.544458,ปากแพรก,เมือง,กาญจนบุรี
185,โลตัส สมุย,5041-th,Lotus Extra,Hypermarket,1/7 ม. 6 ต. บ่อผุด อำเภอเกาะสมุย จังหวัดสุราษฎร์ธานี 84320 ,9.5336448,100.0411411,บ่อผุด,เกาะสมุย,สุราษฎร์ธานี
186,โลตัส ลาดพร้าว,5040-th,Lotus Extra,Hypermarket,1190 ถ.พหลโยธิน แขวงจอมพล เขตจตุจักร กทม. 10900 ,13.817802499999999,100.5638507,จอมพล,จตุจักร,กทม.
187,โลตัส ระยอง,5039-th,Lotus Extra,Hypermarket,3 ถ.สุขุมวิท ตำบลท่าประดู่ อำเภอเมือง จังหวัดระยอง 21000 ,12.6842842,101.2697166,ท่าประดู่,เมือง,ระยอง
188,โลตัส บางกะปิ,5038-th,Lotus Extra,Hypermarket,3109 ถ.ลาดพร้าว แขวงคลองจั่น เขตบางกะปิ กทม. 10240 ,13.76862,100.643906,คลองจั่น,บางกะปิ,กทม.
189,โลตัส รังสิต,5037-th,Lotus Extra,Hypermarket,801 ถ.พหลโยธิน ตำบลประชาธิปัตย์ อำเภอธัญบุรี จังหวัดปทุมธานี 12130 ,13.9938923,100.6126216,ประชาธิปัตย์,ธัญบุรี,ปทุมธานี
190,โลตัส บางปะกอก,5036-th,Lotus Extra,Hypermarket,538/2 ม.4 แขวงบางปะกอก เขตราษฎร์บูรณะ กทม 10140 ,13.677857,100.501447,บางปะกอก,ราษฎร์บูรณะ,กทม
191,โลตัส ตรัง,5035-th,Lotus Extra,Hypermarket,120/6 ม. 2 ตำบลโคกหล่อ อำเภอเมือง จังหวัดตรัง 92000 ,7.5421206,99.618316,โคกหล่อ,เมือง,ตรัง
192,โลตัส เชียงใหม่คำเที่ยง,5034-th,Lotus Extra,Hypermarket,19 ถ.ตลาดคำเที่ยง ตำบลป่าตัน อำเภอเมือง จังหวัดเชียงใหม่ 50300 ,18.8083972,98.9969404,ป่าตัน,เมือง,เชียงใหม่
193,โลตัส พัทยาเหนือ,5033-th,Lotus Extra,Hypermarket,221/19 ม.5 ตำบลนาเกลือ อำเภอบางละมุง จังหวัดชลบุรี 20150 ,12.9511847,100.8937057,นาเกลือ,บางละมุง,ชลบุรี
194,โลตัส บางนา - ตราด,5032-th,Lotus Extra,Hypermarket,14/9 ม.13 ตำบลบางแก้ว อำเภอบางพลี จังหวัดสมุทรปราการ 10540 ,13.653103,100.679016,บางแก้ว,บางพลี,สมุทรปราการ
195,โลตัส หาดใหญ่,5031-th,Lotus Extra,Hypermarket,1142 ถ.กาญจนวณิชย์ ตำบลหาดใหญ่ อำเภอหาดใหญ่ จังหวัดสงขลา 90110 ,7.0071653,100.4916235,หาดใหญ่,หาดใหญ่,สงขลา
196,โลตัส ประชาชื่น,5030-th,Lotus Extra,Hypermarket,829 ถ.ประชาราษฏร์2 แขวงบางซื่อ เขตบางซื่อ กทม. 10800 ,13.805733,100.534989,บางซื่อ,บางซื่อ,กทม.
197,โลตัส อุดรธานี,5029-th,Lotus Extra,Hypermarket,499/117 ม.7 ซ.บ้านโนนพิบูลย์ ตำบลหมากแข้ง อำเภอเมือง จังหวัดอุดรธานี 41000 ,17.4307002,102.7869131,หมากแข้ง,เมือง,อุดรธานี
198,โลตัส พระราม 3,5028-th,Lotus Extra,Hypermarket,172 ถ.นราธิวาสราชนครินทร์ แขวงช่องนนทรี เขตยานาวา จังหวัดกรุงเทพมหานคร 10120 ,13.6965383,100.5412611,ช่องนนทรี,ยานาวา,กรุงเทพมหานคร
199,โลตัส รัตนาธิเบศร์,5027-th,Lotus Extra,Hypermarket,245 ถ.ติวานนท์ ตำบลบางกระสอ อำเภอเมืองนนทบุรี จังหวัดนนทบุรี 11000 ,13.861919,100.518856,บางกระสอ,เมืองนนทบุรี,นนทบุรี
200,โลตัส อุบลราชธานี,5026-th,Lotus Extra,Hypermarket,492 ถ.ชยางกูร ตำบลในเมือง อำเภอเมืองอุบลราชธานี จังหวัดอุบลราชธานี 34000 ,15.2529132,104.8502866,ในเมือง,เมืองอุบลราชธานี,อุบลราชธานี
201,โลตัส ชลบุรี,5025-th,Lotus Extra,Hypermarket,62 ม. 1 ตำบลเสม็ด อำเภอเมืองชลบุรี จังหวัดชลบุรี 20000 ,13.3400375,100.9718811,เสม็ด,เมืองชลบุรี,ชลบุรี
202,โลตัส โคราช,5024-th,Lotus Extra,Hypermarket,719/5 ถ.มิตรภาพ ตำบลในเมือง อำเภอเมือง จังหวัดนครราชสีมา 30000 ,14.9779293,102.0706758,ในเมือง,เมือง,นครราชสีมา
203,โลตัส หลักสี่,5023-th,Lotus Extra,Hypermarket,599 ม. 3 ถ.พหลโยธิน แขวงอนุสาวรีย์ เขตบางเขน กทม. 10220 ,13.879336,100.6004776,อนุสาวรีย์,บางเขน,กทม.
204,โลตัส สุขุมวิท 50,5022-th,Lotus Extra,Hypermarket,1710 ถ.สุขุมวิท 50 แขวงพระโขนง เขตคลองเตย กทม. 10110 ,13.705003,100.600528,พระโขนง,คลองเตย,กทม.
205,โลตัส แจ้งวัฒนะ,5021-th,Lotus Extra,Hypermarket,300 ม.1 ถ.แจ้งวัฒนะ แขวงทุ่งสองห้อง เขตหลักสี่ กทม. 10210 ,13.8959598,100.5563334,ทุ่งสองห้อง,หลักสี่,กทม.
206,โลตัส พระราม 4,5020-th,Lotus Extra,Hypermarket,3300 ถ.พระราม4 แขวงคลองตัน เขตคลองเตย จังหวัดกรุงเทพมหานคร 10110 ,13.717144,100.568385,คลองตัน,คลองเตย,กรุงเทพมหานคร
207,โลตัส บางแค,5019-th,Lotus Extra,Hypermarket,266 ถ. เพชรเกษม แขวงบางแคเหนือ เขตบางแค กทม. 10160 ,13.7127771,100.418964,บางแคเหนือ,บางแค,กทม.
208,โลตัส รามอินทรา,5018-th,Lotus Extra,Hypermarket,59 ถ.ประดิษฐ์มนูธรรม แขวงลาดพร้าว เขตลาดพร้าว จังหวัดกรุงเทพมหานคร 10230 ,13.8018507,100.6138694,ลาดพร้าว,ลาดพร้าว,กรุงเทพมหานคร
209,โลตัส ภูเก็ต,5017-th,Lotus Extra,Hypermarket,104 ถ.เฉลิมพระเกียรติ ร.9 ตำบลรัษฏ อำเภอเมือง จังหวัดภูเก็ต 83000 ,7.9044784,98.3692756,รัษฏ,เมือง,ภูเก็ต
210,โลตัส ศรีนครินทร์,5016-th,Lotus Extra,Hypermarket,9 ม.6 ถ.ศรีนครินทร์ ตำบลบางเมืองใหม่ อำเภอเมือง จังหวัดสมุทรปราการ 10270 ,13.6208989,100.6204064,บางเมืองใหม่,เมือง,สมุทรปราการ
211,โลตัส ฟอร์จูนทาวน์,5015-th,Lotus Extra,Hypermarket,7/1 ถ.รัชดาภิเษก แขวงดินแดง เขตดินแดง กทม. 10320 ,13.7603767,100.5655113,ดินแดง,ดินแดง,กทม.
212,โลตัส อยุธยา,5014-th,Lotus Extra,Hypermarket,126/1 ม.3 ถ.สายเอเซีย ตำบลคลองสวนพลู อำเภอพระนครศรีอยุธยา จังหวัดพระนครศรีอยุธยา 13000 ,14.3366376,100.6109154,คลองสวนพลู,พระนครศรีอยุธยา,พระนครศรีอยุธยา
213,โลตัส สุราษฏร์ธานี,5013-th,Lotus Extra,Hypermarket,9/1 ม.3 ถ.เลี่ยงเมือง ตำบลมะขามเตี้ย อำเภอเมือง จังหวัดสุราษฎร์ธานี 84000 ,9.1040142,99.3069756,มะขามเตี้ย,เมือง,สุราษฎร์ธานี
214,โลตัส สุขาภิบาล 1,5012-th,Lotus Extra,Hypermarket,629 ม. 10 ถ.นวมินทร์ แขวงคลองกุ่ม เขตบึงกุ่ม จังหวัดกรุงเทพมหานคร 10230 ,13.8256513,100.6601216,คลองกุ่ม,บึงกุ่ม,กรุงเทพมหานคร
215,โลตัส เชียงใหม่ หางดง,5011-th,Lotus Extra,Hypermarket,132 ม.1 ตำบลป่าแดด อำเภอเมือง จังหวัดเชียงใหม่ 50100 ,18.7587391,98.972717,ป่าแดด,เมือง,เชียงใหม่
216,โลตัส มีนบุรี,5010-th,Lotus Extra,Hypermarket,136 ถ.สุวินทวงศ์ แขวงเขตมีนบุรี เขตมีนบุรี กทม. 10510 ,13.81669,100.728646,แขวงมีนบุรี,มีนบุรี,กทม.
217,โลตัส พระราม 2,5009-th,Lotus Extra,Hypermarket,88/2528 ม.6 แขวงแสมดำ เขตบางขุนเทียน จังหวัดกรุงเทพมหานคร 10150 ,13.6475631,100.4191083,แสมดำ,บางขุนเทียน,กรุงเทพมหานคร
218,โลตัส นครศรีธรรมราช,5008-th,Lotus Extra,Hypermarket,15 ถ.พัฒนาการคูขวาง ตำบลในเมือง อำเภอเมือง จังหวัดนครศรีธรรมราช 80000 ,8.3980805,99.9758119,ในเมือง,เมือง,นครศรีธรรมราช
219,โลตัส สุพรรณบุรี,5007-th,Lotus Extra,Hypermarket,293 ม.5 ถ.สุพรรณบุรี-ชัยนาท ตำบลท่าระหัด อำเภอเมือง จังหวัดสุพรรณบุรี 72000 ,14.469404,100.1294767,ท่าระหัด,เมือง,สุพรรณบุรี
220,โลตัส พิษณุโลก,5006-th,Lotus Extra,Hypermarket,909 ม. 10 ถ.พิษณุโลก- หล่มสัก ตำบลอรัญญิก อำเภอเมือง จังหวัดพิษณุโลก 65000 ,16.8190565,100.3010891,อรัญญิก,เมือง,พิษณุโลก
221,โลตัส สระบุรี,5005-th,Lotus Extra,Hypermarket,91/3 ถ.มิตรภาพ ตำบลปากเพรียว อำเภอเมือง สระบุรี 18000 ,14.5220666,100.9221593,ปากเพรียว,เมือง,สระบุรี
222,โลตัส พัทยาใต้,5004-th,Lotus Extra,Hypermarket,408/2 ม. 12 ถ.สุขุมวิท ตำบลหนองปรือ อำเภอบางละมุง จังหวัดชลบุรี 20150 ,12.9061847,100.8946884,หนองปรือ,บางละมุง,ชลบุรี
223,โลตัส ขอนแก่น,5003-th,Lotus Extra,Hypermarket,356 ม.3 ถ.มิตรภาพ ตำบลเมืองเก่า อำเภอเมือง จังหวัดขอนแก่น 40000 ,16.4011002,102.8167543,เมืองเก่า,เมือง,ขอนแก่น
224,โลตัส มหาชัย,5002-th,Lotus Extra,Hypermarket,119 ม.7 ถ.เศรษฐกิจ1 ตำบลท่าทราย อำเภอเมือง จังหวัดสมุทรสาคร 74000 ,13.5772875,100.2719164,ท่าทราย,เมือง,สมุทรสาคร
225,โลตัส ซีคอน,5001-th,Lotus Extra,Hypermarket,904/2 ม.6 ถ.ศรีนครินทร์ แขวงหนองบอน เขตประเวศ กทม. 10260 ,13.6924626,100.6485545,หนองบอน,ประเวศ,กทม.
