,name,store_id,name_store,store_type,address,lat,lng,subdistrict,district,province
0,ท็อปส์ ฟู้ด ฮอลล์ สาขาสุขุมวิท 39,208,Central Food Hall,Speciality Store,149/1 ซอยสุขุมวิท 39(พร้อมพงษ์) แขวง คลองตันเหนือ เขตวัฒนา จังหวัดกรุงเทพมหานคร 10110 ,13.74335815,100.5724012,คลองตันเหนือ,วัฒนา,กรุงเทพมหานคร
1,ท็อปส์ สาขาถลาง,214,Central Food Hall,Speciality Store,149/1 ซอยสุขุมวิท 39(พร้อมพงษ์) แขวง คลองตันเหนือ เขตวัฒนา จังหวัดกรุงเทพมหานคร 10110 ,8.171982717,98.36240062,ศรีสุนทร,ถลาง,ภูเก็ต
2,ท็อปส์ ฟู้ด ฮอลล์ สาขาเซ็นทรัลชิดลม,81,Tops Food Hall,,1027 ถนนเพลินจิต แขวงลุมพินี เขตปทุมวัน จังหวัดกรุงเทพมหานคร 10330 ,13.744816,100.544723,ลุมพินี,ปทุมวัน,กรุงเทพมหานคร
3,ท็อปส์ ฟู้ด ฮอลล์ สาขาเซ็นทรัลเวิลด์,512,Tops Food Hall,,"4/1-2, 4/4 ถนนราชดำริ เขตปทุมวัน เขตแขวงปทุมวัน จังหวัดกรุงเทพมหานคร 10330 ",13.746996,100.53853,ปทุมวัน,ปทุมวัน,กรุงเทพมหานคร
4,ท็อปส์ ฟู้ด ฮอลล์ สาขาเซ็นทรัลเฟสติวัล พัทยาบีช,540,Tops Food Hall,,333/99 หมู่ 9 ตำบลหนองปรือ อำเภอบางละมุง จังหวัดชลบุรี 20260 ,12.934308,100.884179,หนองปรือ,บางละมุง,ชลบุรี
5,ท็อปส์ ฟู้ด ฮอลล์ สาขาเซ็นทรัลเฟสติวัล ภูเก็ต  ,57,Tops Food Hall,,74-75 หมู่ 5 ถนนวิชัยสงคราม ตำบลวิชิต อำเภอเมืองภูเก็ต จังหวัดภูเก็ต 83000 ,7.8927,98.3682,วิชิต,เมืองภูเก็ต,ภูเก็ต
6,ท็อปส์ ฟู้ด ฮอลล์ สาขาเซ็นทรัลเฟสติวัล เชียงใหม่,128,Tops Food Hall,,"99, 99/1 และ 99/2 หมู่ 4 ตำบล ฟ้าฮ่าม อำเภอ อำเภอเมืองเชียงใหม่ จังหวัดเชียงใหม่ 50000 ",18.806472,99.018048,,เมืองเชียงใหม่,เชียงใหม่
7,ท็อปส์ ฟู้ด ฮอลล์ สาขาเดอะ คริสตัล,525,Tops Food Hall,,64/98 หมู่ 6 อาคารเอ ห้อง 107 ถนนประดิษฐ์มนูธรรม แขวงลาดพร้าว เขตลาดพร้าว จังหวัดกรุงเทพมหานคร 10230 ,13.811145,100.6193,ลาดพร้าว,ลาดพร้าว,กรุงเทพมหานคร
8,ท็อปส์ ฟู้ด ฮอลล์ สาขาเซ็นทรัลเฟสติวัล อีสต์วิลล์,161,Tops Food Hall,,"เลขที่ 69, 69/1, 69/2 ถนนประดิษฐ์มนูธรรม แขวงลาดพร้าว เขตลาดพร้าว จังหวัดกรุงเทพมหานคร 10230 ",13.803573,100.614663,ลาดพร้าว,ลาดพร้าว,กรุงเทพมหานคร
9,ท็อปส์ ฟู้ด ฮอลล์ สาขาเซ็นทรัลพลาซา บางนา,581,Tops Food Hall,,585 ถนนบางนาตราด แขวงบางนา เขตบางนา จังหวัดกรุงเทพมหานคร 10260 ,13.6689,100.634615,บางนา,บางนา,กรุงเทพมหานคร
10,ท็อปส์ ฟู้ด ฮอลล์ สาขาเซ็นทรัลภูเก็ต ฟลอเรสต้า,436,Tops Food Hall,,เลขที่ 199 หมู่ที่ 4 ตำบลวิชิต อำเภอเมืองภูเก็ต จังหวัดภูเก็ต 83000 ,7.89104,98.366129,วิชิต,เมืองภูเก็ต,ภูเก็ต
11,ท็อปส์ ฟู้ด ฮอลล์ สาขาเซ็นทรัลป่าตอง,450,Tops Food Hall,,เลขที่ 198/9 ถนนราษฏร์อุทิศ 200 ปี ตำบลป่าตอง อำเภอกระทู้ จังหวัดภูเก็ต 83150 ,7.892398,98.298397,ป่าตอง,กะทู้,ภูเก็ต
12,ท็อปส์ ฟู้ด ฮอลล์ สาขาปอร์โต เดอ ภูเก็ต,456,Tops Food Hall,,19/1 - 6 ถ.บ้านดอน-เชิงทะเล ตำบลเชิงทะเล อำเภอถลาง จังหวัดภูเก็ต 83100 ,                                              ,98.305927,เชิงทะเล,ถลาง,ภูเก็ต
13,ท็อปส์ ฟู้ด ฮอลล์ สาขาเซ็นทรัลพลาซา ลาดพร้าว,12,Tops Food Hall,,ชั้น G 1697 ถนนพหลโยธิน แขวงลาดยาว เขตจตุจักร จังหวัดกรุงเทพมหานคร 10900 ,13.816327,100.560865,ลาดยาว,จตุจักร,กรุงเทพมหานคร
14,ท็อปส์ ฟู้ด ฮอลล์ สาขาเซ็นทรัลเฟสติวัล สมุย,136,Tops Food Hall,,"209, 209/1, 209/2 หมู่ 2 ตำบลบ่อผุด อำเภอเกาะสมุย จังหวัดสุราษฎร์ธานี 84320 ",9.533335,100.061475,บ่อผุด,เกาะสมุย,สุราษฎร์ธานี
15,ท็อปส์ ฟู้ด ฮอลล์ สาขาสุขุมวิท 41,39,Tops Food Hall,,745 ถนนสุขุมวิท แขวงคลองตันเหนือ เขตวัฒนา จังหวัดกรุงเทพมหานคร 10110 ,13.729151,100.572002,คลองตันเหนือ,วัฒนา,กรุงเทพมหานคร
16,ท็อปส์ ฟู้ด ฮอลล์ สาขาเซ็นทรัลพลาซา พระราม 2,54,Tops Food Hall,,160 ถนนพระราม 2 แขวงแสมดำ เขตบางขุนเทียน จังหวัดกรุงเทพมหานคร 10150 ,13.66296,100.43745,แสมดำ,บางขุนเทียน,กรุงเทพมหานคร
